date,demand_forecast,traffic_forecast,orders_forecast,units_forecast
2024-02-04,258938.3297,156222.22,1952.77775,4979.583263
2024-02-05,256560.447,154787.6,1934.845,4933.85475
2024-02-06,259093.6043,156315.9,1953.94875,4982.569313
2024-02-07,271017.5598,157221,2043.873,5211.87615
2024-02-08,278995.9187,197187.68,2070.47064,5072.653068
2024-02-09,275973.7538,186185.7,2048.0427,5017.704615
2024-02-10,271720.5183,192045.6,2016.4788,4940.37306
2024-02-11,264416.7988,178388.8,1962.2768,4807.57816
2024-02-12,260771.5149,168280.4,1935.2246,4741.30027
2024-02-13,274336.3392,169657.6,2035.8912,4987.93344
2024-02-14,305880.4008,174033,2262.429,5882.3154
2024-02-15,322024.9032,170131.5,2381.841,6192.7866
2024-02-16,338793.624,167058,2505.87,6515.262
2024-02-17,377614.6385,178739.8,2591.7271,8034.35401
2024-02-18,405417.8993,185503.5,2782.5525,8625.91275
2024-02-19,432054.1176,185335.5,2965.368,9192.6408
2024-02-20,315295.9992,172746,2332.071,6063.3846
2024-02-21,351223.4996,179159.1,2597.80695,6754.29807
2024-02-22,274175.616,166167.04,2077.088,4985.0112
2024-02-23,279148.0349,162673.68,2114.75784,5075.418816
2024-02-24,273545.3655,165785.07,2072.313375,4973.5521
2024-02-25,273444.6,165724,2071.55,4971.72
2024-02-26,397581.9264,190412.8,3046.6048,8835.15392
2024-02-27,377975.8283,193091.1,2896.3665,8399.46285
2024-02-28,339028.3512,185565.6,2597.9184,7533.96336
2024-02-29,288061.191,161650.5,2182.28175,5237.4762
2024-03-01,274503.801,159967.25,2079.57425,4990.9782
2024-03-02,267539.8572,162145.368,2026.8171,4864.36104
2024-03-03,262978.3813,158779.4,1984.7425,5259.567625
2024-03-04,246204.504,154845.6,1858.1472,4924.09008
2024-03-05,257865.3719,155692.3,1946.15375,5157.307438
2024-03-06,357577.395,164403.4,2466.051,7151.5479
2024-03-07,359730.21,165393.2,2480.898,7194.6042
2024-03-08,353856.405,162692.6,2440.389,7077.1281
2024-03-09,339860.57,167419,2343.866,6797.2114
2024-03-10,327466.608,161313.6,2258.3904,6549.33216
2024-03-11,306413.072,150942.4,2113.1936,6128.26144
2024-03-12,310755.648,153081.6,2143.1424,6215.11296
2024-03-13,341207.475,156877,2353.155,6824.1495
2024-03-14,253493.5748,152937.3,1911.71625,4874.876438
2024-03-15,255127.8698,153923.3,1924.04125,4906.305188
2024-03-16,258481.4895,155946.6,1949.3325,4970.797875
2024-03-17,258860.0625,156175,1952.1875,4978.078125
2024-03-18,245767.2048,154454,1853.448,4726.2924
2024-03-19,367528.4298,171581.9,2916.8923,9188.210745
2024-03-20,342907.6613,164938.75,2721.489375,8572.691531
2024-03-21,347949.5481,167363.9,2761.50435,8698.738703
2024-03-22,362728.0125,164502.5,2878.79375,9068.200313
2024-03-23,354050.109,165289.5,2809.9215,8851.252725
2024-03-24,252614.934,158757.5,1905.09,4857.9795
2024-03-25,245482.6187,154275.15,1851.3018,4720.81959
2024-03-26,250164.8679,157217.74,1886.61288,4810.862844
2024-03-27,322179.2091,164587.08,2221.92558,6443.584182
2024-03-28,319057.6622,162992.42,2200.39767,6381.153243
2024-03-29,312262.4358,159521.04,2153.53404,6245.248716
2024-03-30,313533.0099,160170.12,2162.29662,6270.660198
2024-03-31,310850.9217,158799.96,2143.79946,6217.018434
2024-04-01,305685.7056,156161.28,2108.17728,6113.714112
2024-04-02,305529.9473,156081.71,2107.103085,6110.598947
2024-04-03,318906.504,157096.8,2199.3552,6378.13008
2024-04-04,259683.8566,156672.01,1958.400125,4993.920319
2024-04-05,252920.8754,152591.78,1907.39725,4863.862988
2024-04-06,253098.924,152699.2,1908.74,4867.287
2024-04-07,272520.1697,152237.4,2055.2049,5240.772495
2024-04-08,268792.6982,150155.13,2027.094255,5169.09035
2024-04-09,271151.0297,151472.56,2044.87956,5214.442878
2024-04-10,278514.1141,150029.15,2100.4081,5356.040655
2024-04-11,402402.7392,171089.6,2994.068,9581.0176
2024-04-12,391840.4811,171498.81,2915.47977,9329.535264
2024-04-13,389098.5612,170298.74,2895.07858,9264.251456
2024-04-14,419214.9427,173286.6,3119.1588,9981.30816
2024-04-15,271162.9875,151479.24,2044.96974,5214.672837
2024-04-16,273879.6612,152996.85,2065.457475,5266.916561
2024-04-17,270157.0587,150917.3,2037.38355,5195.328053
2024-04-18,270863.9692,151312.2,2042.7147,5208.922485
2024-04-19,296449.0287,154300.08,2237.35116,5928.980574
2024-04-20,289007.9798,155799.45,2181.1923,5780.159595
2024-04-21,286211.289,154291.8,2160.0852,5724.22578
2024-04-22,268690.4298,150098,2026.323,5167.12365
2024-04-23,267497.3282,149431.5,2017.32525,5144.179388
2024-04-24,281315.236,151538.05,2121.5327,5409.908385
2024-04-25,300618.202,156706.65,2272.246425,6135.065348
2024-04-26,305196.255,153790,2306.85,6228.495
2024-04-27,291711.5907,152063.8,2204.9251,5953.29777
2024-04-28,291741.1333,152079.2,2205.1484,5953.90068
2024-04-29,284562.8211,148337.28,2150.89056,5807.404512
2024-04-30,286690.6549,149446.48,2166.97396,5850.829692
2024-05-01,300127.0085,151235.58,2268.5337,6125.04099
2024-05-02,269316.213,150447.58,2031.04233,5179.157942
2024-05-03,271532.0637,146268.08,2047.75312,5221.770456
2024-05-04,266472.0842,148858.77,2009.593395,5124.463157
2024-05-05,247729.6251,143711.35,1868.24755,4764.031253
2024-05-06,245703.5568,142536,1852.968,4725.0684
2024-05-07,243797.5856,141430.32,1838.59416,4688.415108
2024-05-08,253904.9198,141838.4,1914.8184,4882.78692
2024-05-09,388506.1805,149150.1,3281.3022,12140.81814
2024-05-10,421101.215,151344.6,3556.5981,13159.41297
2024-05-11,264882.555,140149.5,1962.093,4905.2325
2024-05-12,263045.475,139177.5,1948.485,4871.2125
2024-05-13,268783.515,142213.5,1990.989,4977.4725
2024-05-14,264292.875,139837.5,1957.725,4894.3125
2024-05-15,278779.2417,142415.96,2065.03142,5162.57855
2024-05-16,291274.8189,140916.7,2113.7505,5601.438825
2024-05-17,300574.9547,140725.2,2181.2406,5780.28759
2024-05-18,293065.461,141783,2126.745,5635.87425
2024-05-19,293522.7882,146900.95,2130.063775,5644.669004
2024-05-20,282150.9018,141209.6,2047.5392,5425.97888
2024-05-21,282999.9944,141634.55,2053.700975,5442.307584
2024-05-22,366663.3062,150964.8,2490.9192,7970.94144
2024-05-23,415586.08,166075,2823.275,9034.48
2024-05-24,408480.8832,154167,2775.006,8880.0192
2024-05-25,409028.953,154373.85,2778.7293,8891.93376
2024-05-26,407489.4029,153792.8,2768.2704,8858.46528
2024-05-27,495624.7699,154672,3325.448,10774.45152
2024-05-28,374603.9808,159054,2544.864,8143.5648
2024-05-29,405850.2426,162184.4,2757.1348,8822.83136
2024-05-30,255023.1902,145097.4,1886.2662,4904.29212
2024-05-31,260993.46,137887.5,1930.425,5019.105
2024-06-01,250007.1756,142243.5,1849.1655,4807.8303
2024-06-02,231643.776,132580,1723.54,4136.496
2024-06-03,228934.358,131029.28,1703.38064,4088.113536
2024-06-04,228671.2996,130878.72,1701.42336,4083.416064
2024-06-05,232767.0509,133222.9,1731.8977,4156.55448
2024-06-06,235406.0218,134733.3,1751.5329,4203.67896
2024-06-07,233504.208,128695,1737.3825,4169.718
2024-06-08,231959.3203,132760.6,1725.8878,4142.13072
2024-06-09,235552.6118,134817.2,1752.6236,4206.29664
2024-06-10,233198.784,133470,1735.11,4164.264
2024-06-11,343373.6423,149325.35,2687.8563,9810.675495
2024-06-12,357074.2039,147110.6,2795.1014,10202.12011
2024-06-13,365286.4306,154561.35,2859.384975,10436.75516
2024-06-14,385564.7789,158848.4,3018.1196,11016.13654
2024-06-15,227024.1792,129936,1689.168,4054.0032
2024-06-16,263436.705,139384.5,1951.383,4878.4575
2024-06-17,233253.2966,133501.2,1735.5156,4165.23744
2024-06-18,311686.032,156233.6,1952.92,4101.132
2024-06-19,243915.7594,139603.8,1814.8494,4355.63856
2024-06-20,244632.4608,140014,1820.182,4368.4368
2024-06-21,242790.7608,133813.25,1806.478875,4335.5493
2024-06-22,242923.3498,139035.8,1807.4654,4337.91696
2024-06-23,244486.7793,139930.62,1819.09806,4365.835344
2024-06-24,243544.6541,139391.4,1812.0882,4349.01168
2024-06-25,239116.5504,136857,1779.141,4269.9384
2024-06-26,238267.9354,136371.3,1772.8269,4254.78456
2024-06-27,238595.116,136558.56,1775.26128,4260.627072
2024-06-28,238533.87,131467.08,1774.80558,4259.533392
2024-06-29,239318.6665,136972.68,1780.64484,4273.547616
2024-06-30,328876.4736,149761.6,2246.424,6851.5932
2024-07-01,320828.3971,146096.72,2191.4508,6683.92494
2024-07-02,325338.1686,148150.35,2222.25525,6777.878513
2024-07-03,326870.208,148848,2232.72,6809.796
2024-07-04,405374.5552,153830.66,2768.95188,8445.303234
2024-07-05,333335.0124,151791.9,2276.8785,6944.479425
2024-07-06,331847.6616,151114.6,2266.719,6913.49295
2024-07-07,333677.5884,151947.9,2279.2185,6951.616425
2024-07-08,322686.7299,142202.86,2204.14433,6722.640207
2024-07-09,211108.9601,127654.7,1595.68375,3909.425188
2024-07-10,212025.2203,128208.75,1602.609375,3926.392969
2024-07-11,212632.9734,128576.25,1607.203125,3937.647656
2024-07-12,302440.5682,144184.1,2306.9456,7958.96232
2024-07-13,319957.1643,143562.24,2440.55808,8419.925376
2024-07-14,333827.0946,145505.98,2546.35465,8784.923543
2024-07-15,212337.3656,128397.5,1604.96875,3932.173438
2024-07-16,430105.1832,155160.6,3413.5332,11947.3662
2024-07-17,412678.2038,155963.04,3275.22384,11463.28344
2024-07-18,394830.072,156678.6,3133.572,10967.502
2024-07-19,380447.55,150971.25,3019.425,10567.9875
2024-07-20,351562.68,155010,2790.18,9765.63
2024-07-21,381336.8933,168137.96,3026.48328,10592.69148
2024-07-22,356854.0298,166598.52,2832.17484,9912.61194
2024-07-23,347222.7713,167014.32,2755.73628,9645.07698
2024-07-24,334741.7858,161010.96,2656.68084,9298.38294
2024-07-25,365210.4456,165628.32,2898.4956,10144.7346
2024-07-26,345140.7775,144169.08,2739.21252,9587.24382
2024-07-27,312845.8583,141040.68,2468.2119,8021.688675
2024-07-28,321152.2142,149043.84,2533.74528,8234.67216
2024-07-29,334778.5085,155367.68,2641.25056,8584.06432
2024-07-30,318961.4571,152512.8,2516.4612,8178.4989
2024-07-31,324260.1331,160843.32,2573.49312,7720.47936
2024-08-01,335388.8462,171730.08,2661.81624,7985.44872
2024-08-02,326672.6614,172842.678,2592.64017,7777.92051
2024-08-03,328569.3608,179840.92,2607.69334,7823.08002
2024-08-04,348068.0775,175987.5,2727.80625,7910.638125
2024-08-05,334693.0072,169224.9,2622.98595,7606.659255
2024-08-06,327861.1565,160590.3,2569.4448,7451.38992
2024-08-07,350975.0416,161799.3,2750.5881,7976.70549
2024-08-08,258410.88,147900,1922.7,4614.48
2024-08-09,255902.2502,146464.2,1904.0346,4569.68304
2024-08-10,263216.641,150650.55,1958.45715,4700.29716
2024-08-11,266082.4858,152290.8,1979.7804,4751.47296
2024-08-12,269928.6845,154492.15,2008.39795,4820.15508
2024-08-13,297981.8544,151598.42,2122.37788,5730.420276
2024-08-14,296205.5416,150694.72,2109.72608,5696.260416
2024-08-15,293037.9379,149083.2,2087.1648,5635.34496
2024-08-16,255902.2502,146464.2,1904.0346,4569.68304
2024-08-17,263216.641,150650.55,1958.45715,4700.29716
2024-08-18,266082.4858,152290.8,1979.7804,4751.47296
2024-08-19,472262.3514,166582.84,3748.1139,13118.39865
2024-08-20,479476.499,172971.32,3805.36904,13318.79164
2024-08-21,447369.804,169074,3550.554,12426.939
2024-08-22,252911.295,147050,1911.65,4683.5425
2024-08-23,257307.7894,149606.25,1944.88125,4764.959063
2024-08-24,267358.455,155450,2020.85,4951.0825
2024-08-25,264457.3277,153763.2,1998.9216,4897.35792
2024-08-26,260183.0322,151278,1966.614,4818.2043
2024-08-27,378308.2668,159542.96,2552.68736,7275.158976
2024-08-28,392251.9364,155692.6,2646.7742,7543.30647
2024-08-29,398769.9206,149486.4,2690.7552,7668.65232
2024-08-30,438166.638,151620,2956.59,8426.2815
2024-08-31,422413.9265,158349.8,2850.2964,8123.34474
2024-09-01,441067.66,185349,3042,8245
2024-09-02,642010.96,183856,4144,12262
2024-09-03,346192.12,164877,2379,6475
2024-09-04,367165.63,165728,2524,6801
2024-09-05,265824.25,151954,2004,4454
2024-09-06,280972.34,150471,2149,4747
2024-09-07,247514.58,159691,1823,4083
2024-09-08,279456,172773,1992,4578
2024-09-09,301771.03,148040,1999,5278
2024-09-10,236725.97,156910,1731,3793
2024-09-11,263290.84,153872,1911,4299
2024-09-12,271870.31,148841,2000,4419
2024-09-13,303402.73,152973,2179,4809
2024-09-14,261497.51,155160,1793,4152
2024-09-15,281419.13,168185,1952,4572
2024-09-16,267516.7088,153414.6,1917.6825,4314.785625
2024-09-17,295589.8156,154153.75,2003.99875,5009.996875
2024-09-18,524122.1296,200054.25,4101.112125,14558.94804
2024-09-19,562050.7893,199904.25,4397.8935,15612.52193
2024-09-20,543523.3613,197810.3,4252.92145,15097.87115
2024-09-21,523315.2355,194990.4,4094.7984,14536.53432
2024-09-22,322208.2133,157906.5,2210.691,5858.33115
2024-09-23,359743.3594,157450.7,2519.2112,6423.98856
2024-09-24,392465.2173,183480.7,2752.2105,6330.08415
2024-09-25,368396.5824,161238,2579.808,6578.5104
2024-09-26,362289.0835,158564.9,2537.0384,6469.44792
2024-09-27,508778.4888,196895.7,3937.914,13388.9076
2024-09-28,558534.746,201070.9,4323.02435,14698.28279
2024-09-29,544224.1309,205476.15,4212.261075,14321.68766
2024-09-30,528225.9312,204421.8,4088.436,13900.6824
2024-10-01,364111.2115,159362.4,2549.7984,6501.98592
2024-10-02,362591.7281,158697.36,2539.15776,6474.852288
2024-10-03,364614.096,159582.5,2553.32,6510.966
2024-10-04,363017.592,158883.75,2542.14,6482.457
2024-10-05,378921.1246,177772.05,2666.58075,6533.122838
2024-10-06,330639.6912,165386,2315.404,5904.2802
2024-10-07,327740.4585,170007.5,2295.10125,5852.508188
2024-10-08,344097.6615,182826.45,2650.983525,7820.401399
2024-10-09,378800.2919,201264.7,2918.33815,8609.097543
2024-10-10,435026.406,182366.6,2826.6823,7632.04221
2024-10-11,303867.9123,168646.86,2192.40918,4823.300196
2024-10-12,285680.1197,164894.73,2061.184125,4534.605075
2024-10-13,295562.3344,170598.75,2132.484375,4691.465625
2024-10-14,292889.52,169056,2113.2,4649.04
2024-10-15,298675.377,172395.6,2154.945,4740.879
2024-10-16,422071.545,190766.8,2861.502,7153.755
2024-10-17,447424.5825,202225.8,3033.387,7583.4675
2024-10-18,482057.73,217879.2,3268.188,8170.47
2024-10-19,440792.5253,206098.2,2988.4239,7471.05975
2024-10-20,455933.828,220791.2,3091.0768,7727.692
2024-10-21,458668.714,222115.6,3109.6184,7774.046
2024-10-22,463893.164,216899.2,3145.0384,7862.596
2024-10-23,503804.4515,220362.8,3415.6234,8539.0585
2024-10-24,448118.487,216954,3254.31,8298.4905
2024-10-25,473981.6866,191229.6,3442.1328,8777.43864
2024-10-26,424058.7168,192474,3079.584,7852.9392
2024-10-27,327855.8312,189238.575,2365.482188,5204.060813
2024-10-28,321086.6678,185331.41,2316.642625,5096.613775
2024-10-29,379860.7355,189835.45,2752.614025,6331.012258
2024-10-30,519056.2172,247789.1,3716.8365,9106.249425
2024-10-31,475215.9905,189050.4,3402.9072,8337.12264
2024-11-01,530872.0177,205483.6,3801.4466,9313.54417
2024-11-02,300339.963,173356.4,2166.955,4767.301
2024-11-03,333335.02,207920,2316,5391
2024-11-04,382642.35,196973,2402,6380
2024-11-05,336443.4662,188420.4,2261.0448,5426.50752
2024-11-06,368755.3267,206516.2,2478.1944,5947.66656
2024-11-07,433092.944,235376.6,2942.2075,6767.07725
2024-11-08,417198.288,218017.5,2834.2275,6518.72325
2024-11-09,405671.056,220473.4,2755.9175,6338.61025
2024-11-10,408544.2086,228799.4,2745.5928,6589.42272
2024-11-11,494334.4594,225476.4,3156.6696,8523.00792
2024-11-12,387216.3594,219212.16,2630.54592,6050.255616
2024-11-13,460081.2029,240427.05,3125.55165,7188.768795
2024-11-14,527420.268,254792.4,3821.886,8790.3378
2024-11-15,564357.7125,232965,3960.405,9901.0125
2024-11-16,533233.575,267285,3741.99,9354.975
2024-11-17,559890.6047,291041.25,3929.056875,9822.642188
2024-11-18,476952.84,288015,3456.18,7949.214
2024-11-19,494508.924,255957,3583.398,8241.8154
2024-11-20,580007.6125,271190,3932.255,9830.6375
2024-11-21,600342.7,254382.5,4070.12,10175.3
2024-11-22,583868.9265,255382.8,3958.4334,9896.0835
2024-11-23,580395.4254,281063.16,3934.88424,9837.2106
2024-11-24,727045.2,352080,4929.12,12322.8
2024-11-25,775514.7502,328607.945,5257.72712,13144.3178
2024-11-26,872247.805,329710,6099.635,15859.051
2024-11-27,1049170.444,326082.5,7336.85625,19075.82625
2024-11-28,1520373.677,361563.3,10485.3357,30407.47353
2024-11-29,3200846.906,490551.25,22074.80625,64016.93813
2024-11-30,1811031.966,438241.25,12489.87563,36220.63931
2024-12-01,1739407.855,389477.8,11995.91624,34788.1571
2024-12-02,2946661.16,474104.08,20765.7587,68527.00372
2024-12-03,1843062.255,392508.36,13188.2809,42861.91291
2024-12-04,1470338.888,373092.5,10521.2085,34193.92763
2024-12-05,1686129.291,381814.11,12065.32588,39212.3091
2024-12-06,1384265.133,382898.75,11295.51313,32192.21241
2024-12-07,1305519.176,394553.75,10652.95125,30360.91106
2024-12-08,1379353.866,375181.25,11255.4375,32077.99688
2024-12-09,1630147.68,339614.1,12735.52875,40753.692
2024-12-10,1112195.325,312946.25,9075.44125,25865.00756
2024-12-11,1150806.311,298111.25,9390.504375,26762.93747
2024-12-12,1330102.553,304875,10853.55,30932.6175
2024-12-13,1345724.614,300850,10981.025,31295.92125
2024-12-14,1151396.466,293603.75,9395.32,26776.662
2024-12-15,1232050.298,304650,10053.45,28652.3325
2024-12-16,1158705.348,295467.5,9454.96,26946.636
2024-12-17,996970.2919,271173.75,8135.2125,23185.35563
2024-12-18,982480.8938,285397.5,7705.7325,19649.61788
2024-12-19,960676.9594,279063.75,7534.72125,19213.53919
2024-12-20,945875.9625,264951.25,7418.635,18917.51925
2024-12-21,623229.894,244403.88,4888.0776,12464.59788
2024-12-22,562233.1596,238360.64,4409.67184,11244.66319
2024-12-23,477796.968,234214.2,3747.4272,9555.93936
2024-12-24,440144.5701,222717.05,3452.114275,8802.891401
2024-12-25,621698.2875,270892.5,4876.065,12433.96575
2024-12-26,928463.5027,286138.9,7439.6114,19342.98964
2024-12-27,843187.8374,254955.2,6756.3128,17566.41328
2024-12-28,756889.4362,252700.8,6064.8192,15768.52992
2024-12-29,712604.0688,248259.5,5709.9685,14845.9181
2024-12-30,646156.368,235342.5,5177.535,13461.591
2024-12-31,477780.4387,201493.1,3828.3689,9953.75914
2025-01-01,447648.215,224182.8,3586.9248,9326.00448
2025-01-02,433441.008,224070,3473.085,9030.021
2025-01-03,659402.64,229725,5283.675,13737.555
2025-01-04,607750.1539,231894.9,4869.7929,12661.46154
2025-01-05,441190.5389,202010.32,3535.1806,9191.46956
2025-01-06,458443.8144,222632,3673.428,9550.9128
2025-01-07,440885.1982,227918.32,3532.73396,9185.108296
2025-01-08,435181.0644,205119.28,3487.02776,9066.272176
2025-01-09,445461.744,203966,3569.405,9280.453
2025-01-10,589590.5694,220078.6,4181.4934,12544.4802
2025-01-11,493618.5846,232663.36,3955.27712,10283.72051
2025-01-12,501884.3382,251344.32,4021.50912,10455.92371
2025-01-13,437743.4481,219222.48,3507.55968,9119.655168
2025-01-14,429354.1325,229355.84,3440.3376,8944.87776
2025-01-15,462610.9763,224655.68,3706.81872,9637.728672
2025-01-16,491307.3984,224957.6,3936.758,10235.5708
2025-01-17,603096.6942,227026.8,5221.6164,18275.6574
2025-01-18,634982.4835,229070.16,5497.68384,19241.89344
2025-01-19,524136.1356,226898.76,4537.9752,15882.9132
2025-01-20,417898.845,226044,3277.638,8357.9769
2025-01-21,396087.9396,214246.35,3106.572075,7921.758791
2025-01-22,469648.9148,216677.7,3683.5209,9392.978295
2025-01-23,453000.5116,203184.8,3555.734,8711.5483
2025-01-24,780980.4475,256732.56,6675.04656,21693.90132
2025-01-25,735692.958,251518.96,6287.974,20435.9155
2025-01-26,632090.1542,240110.22,5402.47995,17558.05984
2025-01-27,320997.5241,179971.7,2519.6038,6173.02931
2025-01-28,315510.3067,190502.54,2476.53302,6067.505899
2025-01-29,357031.8803,200174.86,2802.44804,6865.997698
2025-01-30,320730.0062,212123.02,2545.47624,5727.32154
2025-01-31,277460.6783,176165.51,2202.068875,4954.654969
2025-02-01,276574.0874,182919.37,2195.03244,4938.82299
2025-02-02,326476.5446,161522.1,2422.8315,5935.937175
2025-02-03,318561.8349,157606.35,2364.09525,5792.033363
2025-02-04,324481.5574,150501.65,2408.0264,5899.66468
2025-02-05,354782.3048,164555.8,2632.8928,6450.58736
2025-02-06,313105.0138,166403.6,2329.6504,5591.16096
2025-02-07,302373.3082,160700.1,2249.8014,5399.52336
2025-02-08,286909.728,170779.6,2134.745,5123.388
2025-02-09,291148.704,173302.8,2166.285,5199.084
2025-02-10,262240.02,156095.25,1951.190625,4682.8575
2025-02-11,280672.3046,160641.2,2088.3356,5012.00544
2025-02-12,454645.8259,161462.4,3067.7856,8743.18896
2025-02-13,457000.3757,176209.9,3083.67325,8788.468763
2025-02-14,472874.1592,172474.8,3190.7838,9093.73383
2025-02-15,480688.6266,185343.6,3243.513,9244.01205
2025-02-16,528765.6254,209877.6,3567.9192,10168.56972
2025-02-17,563554.2416,205549.2,3802.6602,10837.58157
2025-02-18,431003.1539,200569.2,2908.2534,8288.52219
2025-02-19,470178.3715,192278.4,3172.5936,9041.89176
2025-02-20,423784.3787,187200.45,3088.807425,7567.578191
2025-02-21,405112.4568,173689.1,2952.7147,7234.151015
2025-02-22,364159.3956,176948.2,2654.223,6502.84635
2025-02-23,394053.0255,185297.2,2872.1066,7036.66117
2025-02-24,611540.6336,218798.08,4704.15872,18816.63488
2025-02-25,651345.8515,227226.88,5010.352704,20041.41082
2025-02-26,682488.0192,244181.76,5249.90784,20999.63136
2025-02-27,392218.6104,194047.55,2910.71325,7131.247463
2025-02-28,387804.1937,185674.4,2877.9532,7050.98534
2025-03-01,391567.4648,193725.4,2905.881,7119.40845
2025-03-02,374529.3552,210173.6,2837.3436,6809.62464
2025-03-03,341968.77,207253.8,2590.6725,6217.614
2025-03-04,328862.82,199310.8,2491.385,5979.324
2025-03-05,460137.587,181285,3353.7725,9390.563
2025-03-06,507678.073,200015,3700.2775,10360.777
2025-03-07,461584.0866,192246.6,3364.3155,9420.0834
2025-03-08,467862.3758,206671.25,3410.075625,9548.21175
2025-03-09,441322.665,207525,3216.6375,9006.585
2025-03-10,419384.1278,197208.75,3056.735625,8558.85975
2025-03-11,428409.744,195157.5,3122.52,8743.056
2025-03-12,518590.7964,198937.7,3779.8163,10583.48564
2025-03-13,375294.06,186825,2895.7875,6949.89
2025-03-14,377685.504,182140,2914.24,6994.176
2025-03-15,355673.835,189268.75,2744.396875,6586.5525
2025-03-16,385410.15,198256.25,2973.84375,7137.225
2025-03-17,348409.2386,195072.5,2633.47875,6452.022938
2025-03-18,375643.9557,178368.45,2675.52675,7223.922225
2025-03-19,493383.4027,189952.8,3514.1268,9488.14236
2025-03-20,499129.02,177752.5,3555.05,9598.635
2025-03-21,383811.5405,174206.4,2961.5088,7107.62112
2025-03-22,367314.4454,195463.2,2834.2164,6802.11936
2025-03-23,464608.0785,223627.3,3578.0368,8766.19016
2025-03-24,389105.4261,193327.5,2996.57625,7341.611813
2025-03-25,353561.355,176006.25,2728.096875,6547.4325
2025-03-26,414285.0212,186331.6,3074.4714,8454.79635
2025-03-27,400855.058,180291.25,2974.805625,8180.715469
2025-03-28,379488.5084,165661.25,2816.24125,7744.663438
2025-03-29,347667.2959,166457.5,2580.09125,7095.250938
2025-03-30,356202.3609,176228.75,2643.43125,7269.435938
2025-03-31,345321.4669,183048.75,2562.6825,7047.376875
2025-04-01,357081.4363,189282.5,2649.955,7287.37625
2025-04-02,420857.5164,178471.25,3123.246875,8588.928906
2025-04-03,307975.8528,166653.6,2333.1504,5599.56096
2025-04-04,311178.0672,168386.4,2357.4096,5657.78304
2025-04-05,295557.2928,159933.6,2239.0704,5373.76896
2025-04-06,348439.646,185182.635,2592.55689,6222.136536
2025-04-07,299448.0115,185669.65,2228.0358,5347.28592
2025-04-08,306196.0749,175249.585,2278.244605,5467.787052
2025-04-09,324186.1325,172292.8,2412.0992,5789.03808
2025-04-10,546005.0432,193406.2,4216.25516,15600.14409
2025-04-11,619606.3734,199358.55,4784.6052,17703.03924
2025-04-12,583792.0736,209676.6,4508.0469,16679.77353
2025-04-13,611516.5214,219634.2,4722.1353,17471.90061
2025-04-14,328775.265,208746.2,2348.39475,5870.986875
2025-04-15,324278.136,193022.7,2316.2724,5790.681
2025-04-16,441274.0881,195146.518,3141.85894,8325.92619
2025-04-17,453971.1319,194714.55,3232.26153,8565.493055
2025-04-18,424671.521,178914.15,3023.649135,8012.670208
2025-04-19,398903.4346,174780.375,2840.181094,7526.479898
2025-04-20,396813.2895,176581.2075,2825.29932,7487.043198
2025-04-21,476185.7457,197692.65,3390.428948,8984.636711
2025-04-22,380852.8008,196853.8,2711.661095,7185.901902
2025-04-23,456833.0817,192748.95,3252.638531,8619.492108
2025-04-24,346610.3768,174228.6,2526.3147,6189.471015
2025-04-25,333612.433,167695,2431.5775,5957.364875
2025-04-26,321604.4318,173633.75,2344.055625,5742.936281
2025-04-27,349842.4108,195392.475,2549.871799,6247.185907
2025-04-28,326159.0842,182865.6,2377.2528,5824.26936
2025-04-29,325637.3904,170751.825,2373.450368,5814.9534
2025-04-30,329368.6751,169059.6,2400.64632,5881.583484
2025-05-01,327075.0412,176187.805,2290.441465,5840.625736
2025-05-02,327420.4776,166753.49,2292.860488,5846.794243
2025-05-03,318098.2373,193702.495,2227.578693,5680.325666
2025-05-04,333556.418,188806,2543.32,5468.138
2025-05-05,301044.333,180800.84,2295.42,4935.153
2025-05-06,297529.513,177864.9,2268.62,4877.533
2025-05-07,522150.6766,197483.84,4265.9369,15357.37284
2025-05-08,525474.4608,209112.36,4293.092,15455.1312
2025-05-09,470869.434,184653.34,3846.9725,13849.101
2025-05-10,316322.6035,186943.47,2246.6094,4942.54068
2025-05-11,330515.6096,187062.66,2347.412,5164.3064
2025-05-12,308374.9504,188665.3,2190.163,4818.3586
2025-05-13,327723.264,179921.8,2327.58,5120.676
2025-05-14,364702.976,172874.74,2590.22,5698.484
2025-05-15,357388.0346,172715.13,2789.9144,5858.82024
2025-05-16,317568.4571,169044.33,2479.0668,5206.04028
2025-05-17,302541.5585,179870.53,2361.7608,4959.69768
2025-05-18,322495.6442,187080.46,2517.5304,5286.81384
2025-05-19,296857.9152,181708.59,2317.392,4866.5232
2025-05-20,320258.6468,167111.84,2500.0675,5250.14175
2025-05-21,443606.625,197964,3226.23,8872.1325
2025-05-22,438149.25,205686,3186.54,8762.985
2025-05-23,500324.3438,202294.8,3638.7225,10006.48688
2025-05-24,467580.0938,207744.75,3400.5825,9351.601875
2025-05-25,501373.125,224091.9,3646.35,10027.4625
2025-05-26,656718.5625,224006.9,4776.135,13134.37125
2025-05-27,376576.2,201475.3,2738.736,7531.524
2025-05-28,427033.75,187621.2,3105.7,8540.675
2025-05-29,270051.18,172079.39,2093.42,4500.853
2025-05-30,300762.21,163652.51,2331.49,5012.7035
2025-05-31,295263.3915,164193.82,2288.8635,4921.056525
2025-06-01,264566.25,170202.5,1959.75,4409.4375
2025-06-02,254299.5,165228,1883.7,4238.325
2025-06-03,266886.9,163562,1976.94,4448.115
2025-06-04,282536.1,172627,2092.86,4708.935
2025-06-05,276853.024,170037,2075.36,4773.328
2025-06-06,286071.4976,155247.4,2144.464,4932.2672
2025-06-07,297648.75,166675.6,2231.25,5131.875
2025-06-08,268496.181,173396.7,2012.715,4629.2445
2025-06-09,253199.87,168869.4,1898.05,4365.515
2025-06-10,446022.72,181905.75,3430.944,11150.568
2025-06-11,426872.16,184254.75,3283.632,10671.804
2025-06-12,459922.32,190906.2,3537.864,11498.058
2025-06-13,415752.48,192487.05,3198.096,10393.812
2025-06-14,349315.092,178672.5,2562.84,6022.674
2025-06-15,349839.5063,178499.7,2566.6875,6031.715625
2025-06-16,323259.984,178438.95,2371.68,5573.448
2025-06-17,336899.8658,179148.9,2471.7525,5808.618375
2025-06-18,350410.944,178211.8,2570.88,6041.568
2025-06-19,311346.009,184732.6,2294.37,5277.051
2025-06-20,332135.9275,188591,2447.575,5629.4225
2025-06-21,313455.8048,178424.1,2309.9175,5312.81025
2025-06-22,310964.3528,183250.35,2291.5575,5270.58225
2025-06-23,286049.8328,185215.95,2107.9575,4848.30225
2025-06-24,304543.368,184715.1,2244.24,5161.752
2025-06-25,281607.354,178706.25,2075.22,4773.006
2025-06-26,313144.3733,185188.95,2307.6225,5307.53175
2025-06-27,291344.1683,171562.05,2146.9725,4938.03675
2025-06-28,414361.7478,206466.15,2825.7075,7968.49515
2025-06-29,415843.1784,210262.5,2835.81,7996.9842
2025-06-30,416377.6812,213456.6,2839.455,8007.2631
2025-07-01,435976.1172,210602.7,2973.105,8384.1561
2025-07-02,435619.782,200993.4,2970.675,8377.3035
2025-07-03,432221.4,198160.5,2947.5,8311.95
2025-07-04,480577.4064,189378,3277.26,9241.8732
2025-07-05,418515.6924,200516.85,2854.035,8048.3787
