date,channel,sale_amt_forecast
2024-12-01,Email,208203.71
2024-12-01,SMS,207962
2024-12-01,Push,52182.24
2024-12-01,Paid Search,386148.58
2024-12-01,Affiliates,147849.68
2024-12-01,Display,274.63
2024-12-01,Paid Social,139152.64
2024-12-01,Direct,392669.76
2024-12-01,Organic Search,142507.43
2024-12-01,Referral,6957.63
2024-12-01,Social,7014.5
2024-12-01,Payment Redirects,13915.26
2024-12-01,Unassigned,34569.94
2024-12-02,Email,363120.42
2024-12-02,SMS,355770.35
2024-12-02,Push,88399.83
2024-12-02,Paid Search,656065.74
2024-12-02,Affiliates,250466.19
2024-12-02,Display,465.23
2024-12-02,Paid Social,235732.88
2024-12-02,Direct,656358.42
2024-12-02,Organic Search,237945.8
2024-12-02,Referral,11786.64
2024-12-02,Social,11882.98
2024-12-02,Payment Redirects,23573.29
2024-12-02,Unassigned,55093.24
2024-12-03,Email,226504.77
2024-12-03,SMS,220652.74
2024-12-03,Push,55291.86
2024-12-03,Paid Search,409159.76
2024-12-03,Affiliates,156660.27
2024-12-03,Display,290.99
2024-12-03,Paid Social,147444.96
2024-12-03,Direct,415473.64
2024-12-03,Organic Search,145701.71
2024-12-03,Referral,7372.25
2024-12-03,Social,7432.5
2024-12-03,Payment Redirects,14744.5
2024-12-03,Unassigned,36332.05
2024-12-04,Email,173676.33
2024-12-04,SMS,175018.91
2024-12-04,Push,44110.17
2024-12-04,Paid Search,326415.26
2024-12-04,Affiliates,124978.82
2024-12-04,Display,232.14
2024-12-04,Paid Social,117627.12
2024-12-04,Direct,333474.58
2024-12-04,Organic Search,121236.41
2024-12-04,Referral,5881.36
2024-12-04,Social,5929.43
2024-12-04,Payment Redirects,11762.71
2024-12-04,Unassigned,29995.76
2024-12-05,Email,201366.86
2024-12-05,SMS,201438.86
2024-12-05,Push,50583.87
2024-12-05,Paid Search,374320.64
2024-12-05,Affiliates,143320.97
2024-12-05,Display,266.21
2024-12-05,Paid Social,134890.32
2024-12-05,Direct,380948.38
2024-12-05,Organic Search,138295.51
2024-12-05,Referral,6744.52
2024-12-05,Social,6799.64
2024-12-05,Payment Redirects,13489.03
2024-12-05,Unassigned,33664.19
2024-12-06,Email,162631.18
2024-12-06,SMS,164480.56
2024-12-06,Push,41527.95
2024-12-06,Paid Search,307306.83
2024-12-06,Affiliates,117662.53
2024-12-06,Display,218.55
2024-12-06,Paid Social,110741.2
2024-12-06,Direct,314538.3
2024-12-06,Organic Search,114431.9
2024-12-06,Referral,5537.06
2024-12-06,Social,5582.32
2024-12-06,Payment Redirects,11074.12
2024-12-06,Unassigned,28532.51
2024-12-07,Email,152526.36
2024-12-07,SMS,154839.4
2024-12-07,Push,39165.57
2024-12-07,Paid Search,289825.22
2024-12-07,Affiliates,110969.12
2024-12-07,Display,206.12
2024-12-07,Paid Social,104441.52
2024-12-07,Direct,297214.18
2024-12-07,Organic Search,108206.7
2024-12-07,Referral,5222.08
2024-12-07,Social,5264.76
2024-12-07,Payment Redirects,10444.15
2024-12-07,Unassigned,27193.82
2024-12-08,Email,163207.45
2024-12-08,SMS,138533.5
2024-12-08,Push,48277.39
2024-12-08,Paid Search,358632.04
2024-12-08,Affiliates,131038.63
2024-12-08,Display,217.78
2024-12-08,Paid Social,93796.07
2024-12-08,Direct,317251.42
2024-12-08,Organic Search,89732.71
2024-12-08,Referral,5517.42
2024-12-08,Social,4183.16
2024-12-08,Payment Redirects,9655.48
2024-12-08,Unassigned,19310.96
2024-12-09,Email,192881.81
2024-12-09,SMS,163721.65
2024-12-09,Push,57055.18
2024-12-09,Paid Search,423838.48
2024-12-09,Affiliates,154864.06
2024-12-09,Display,257.38
2024-12-09,Paid Social,110850.06
2024-12-09,Direct,374934.04
2024-12-09,Organic Search,106047.9
2024-12-09,Referral,6520.59
2024-12-09,Social,4943.74
2024-12-09,Payment Redirects,11411.04
2024-12-09,Unassigned,22822.07
2024-12-10,Email,131596.75
2024-12-10,SMS,111701.76
2024-12-10,Push,38926.83
2024-12-10,Paid Search,289170.7
2024-12-10,Affiliates,105658.53
2024-12-10,Display,175.6
2024-12-10,Paid Social,75629.26
2024-12-10,Direct,255804.85
2024-12-10,Organic Search,72352.91
2024-12-10,Referral,4448.78
2024-12-10,Social,3372.95
2024-12-10,Payment Redirects,7785.37
2024-12-10,Unassigned,15570.73
2024-12-11,Email,136165.27
2024-12-11,SMS,115579.6
2024-12-11,Push,40278.21
2024-12-11,Paid Search,299209.56
2024-12-11,Affiliates,109326.57
2024-12-11,Display,181.69
2024-12-11,Paid Social,78254.81
2024-12-11,Direct,264685.38
2024-12-11,Organic Search,74864.71
2024-12-11,Referral,4603.22
2024-12-11,Social,3490.04
2024-12-11,Payment Redirects,8055.64
2024-12-11,Unassigned,16111.28
2024-12-12,Email,157379.99
2024-12-12,SMS,133587.05
2024-12-12,Push,46553.61
2024-12-12,Paid Search,345826.78
2024-12-12,Affiliates,126359.79
2024-12-12,Display,210
2024-12-12,Paid Social,90447
2024-12-12,Direct,305923.69
2024-12-12,Organic Search,86528.73
2024-12-12,Referral,5320.41
2024-12-12,Social,4033.8
2024-12-12,Payment Redirects,9310.72
2024-12-12,Unassigned,18621.44
2024-12-13,Email,159228.41
2024-12-13,SMS,135156.02
2024-12-13,Push,47100.38
2024-12-13,Paid Search,349888.5
2024-12-13,Affiliates,127843.88
2024-12-13,Display,212.47
2024-12-13,Paid Social,91509.3
2024-12-13,Direct,309516.75
2024-12-13,Organic Search,87545
2024-12-13,Referral,5382.9
2024-12-13,Social,4081.17
2024-12-13,Payment Redirects,9420.08
2024-12-13,Unassigned,18840.15
2024-12-14,Email,136235.08
2024-12-14,SMS,115638.86
2024-12-14,Push,40298.86
2024-12-14,Paid Search,299362.96
2024-12-14,Affiliates,109382.62
2024-12-14,Display,181.79
2024-12-14,Paid Social,78294.93
2024-12-14,Direct,264821.08
2024-12-14,Organic Search,74903.1
2024-12-14,Referral,4605.58
2024-12-14,Social,3491.83
2024-12-14,Payment Redirects,8059.77
2024-12-14,Unassigned,16119.54
2024-12-15,Email,145778.2
2024-12-15,SMS,110186.68
2024-12-15,Push,41692.7
2024-12-15,Paid Search,344974
2024-12-15,Affiliates,110884.5
2024-12-15,Display,194.52
2024-12-15,Paid Social,64066.6
2024-12-15,Direct,290152.6
2024-12-15,Organic Search,84674.73
2024-12-15,Referral,4928.2
2024-12-15,Social,3715.61
2024-12-15,Payment Redirects,9856.4
2024-12-15,Unassigned,20944.85
2024-12-16,Email,133564.89
2024-12-16,SMS,103627.17
2024-12-16,Push,41716.49
2024-12-16,Paid Search,324437.4
2024-12-16,Affiliates,104283.45
2024-12-16,Display,182.94
2024-12-16,Paid Social,60252.66
2024-12-16,Direct,268819.56
2024-12-16,Organic Search,84723.14
2024-12-16,Referral,4634.82
2024-12-16,Social,3494.42
2024-12-16,Payment Redirects,9269.64
2024-12-16,Unassigned,19697.99
2024-12-17,Email,110430.14
2024-12-17,SMS,89162.63
2024-12-17,Push,37381.61
2024-12-17,Paid Search,279151.6
2024-12-17,Affiliates,89727.3
2024-12-17,Display,157.41
2024-12-17,Paid Social,51842.44
2024-12-17,Direct,231297.04
2024-12-17,Organic Search,75901.06
2024-12-17,Referral,3987.88
2024-12-17,Social,3006.66
2024-12-17,Payment Redirects,7975.76
2024-12-17,Unassigned,16948.49
2024-12-18,Email,116248.78
2024-12-18,SMS,87866.82
2024-12-18,Push,33382.79
2024-12-18,Paid Search,275094.68
2024-12-18,Affiliates,88423.29
2024-12-18,Display,155.12
2024-12-18,Paid Social,51089.01
2024-12-18,Direct,231002.59
2024-12-18,Organic Search,67762.91
2024-12-18,Referral,3929.92
2024-12-18,Social,2962.96
2024-12-18,Payment Redirects,7859.85
2024-12-18,Unassigned,16702.18
2024-12-19,Email,113668.89
2024-12-19,SMS,85916.81
2024-12-19,Push,32752.88
2024-12-19,Paid Search,268989.56
2024-12-19,Affiliates,86460.93
2024-12-19,Display,151.68
2024-12-19,Paid Social,49955.2
2024-12-19,Direct,225543.06
2024-12-19,Organic Search,66480.96
2024-12-19,Referral,3842.71
2024-12-19,Social,2897.21
2024-12-19,Payment Redirects,7685.42
2024-12-19,Unassigned,16331.51
2024-12-20,Email,110875.61
2024-12-20,SMS,84593.11
2024-12-20,Push,33457.34
2024-12-20,Paid Search,264845.28
2024-12-20,Affiliates,85128.84
2024-12-20,Display,149.34
2024-12-20,Paid Social,49185.55
2024-12-20,Direct,219443.23
2024-12-20,Organic Search,67914.63
2024-12-20,Referral,3783.5
2024-12-20,Social,2852.57
2024-12-20,Payment Redirects,7567.01
2024-12-20,Unassigned,16079.89
2024-12-21,Email,66021.61
2024-12-21,SMS,55737.71
2024-12-21,Push,24381.92
2024-12-21,Paid Search,174504.4
2024-12-21,Affiliates,56090.7
2024-12-21,Display,98.4
2024-12-21,Paid Social,32407.96
2024-12-21,Direct,144589.36
2024-12-21,Organic Search,49444.89
2024-12-21,Referral,2492.92
2024-12-21,Social,1879.54
2024-12-21,Payment Redirects,4985.84
2024-12-21,Unassigned,10594.91
2024-12-22,Email,63272.11
2024-12-22,SMS,43291.94
2024-12-22,Push,16866.99
2024-12-22,Paid Search,159111.94
2024-12-22,Affiliates,59034.47
2024-12-22,Display,88.77
2024-12-22,Paid Social,24738.25
2024-12-22,Direct,136060.39
2024-12-22,Organic Search,41240.16
2024-12-22,Referral,2204.75
2024-12-22,Social,2267.31
2024-12-22,Payment Redirects,4497.86
2024-12-22,Unassigned,9557.96
2024-12-23,Email,50666.93
2024-12-23,SMS,36790.37
2024-12-23,Push,14333.91
2024-12-23,Paid Search,135216.55
2024-12-23,Affiliates,50168.69
2024-12-23,Display,75.44
2024-12-23,Paid Social,21023.07
2024-12-23,Direct,115626.87
2024-12-23,Organic Search,38149.42
2024-12-23,Referral,1873.64
2024-12-23,Social,1926.81
2024-12-23,Payment Redirects,3822.38
2024-12-23,Unassigned,8122.55
2024-12-24,Email,48550.54
2024-12-24,SMS,33891.17
2024-12-24,Push,13204.35
2024-12-24,Paid Search,124561.04
2024-12-24,Affiliates,46215.23
2024-12-24,Display,69.49
2024-12-24,Paid Social,19366.38
2024-12-24,Direct,106515.09
2024-12-24,Organic Search,33267.16
2024-12-24,Referral,1725.99
2024-12-24,Social,1774.97
2024-12-24,Payment Redirects,3521.16
2024-12-24,Unassigned,7482.47
2024-12-25,Email,72327.64
2024-12-25,SMS,47870.75
2024-12-25,Push,18650.94
2024-12-25,Paid Search,175940.53
2024-12-25,Affiliates,65278.29
2024-12-25,Display,98.16
2024-12-25,Paid Social,27354.71
2024-12-25,Direct,150450.92
2024-12-25,Organic Search,43238.4
2024-12-25,Referral,2437.94
2024-12-25,Social,2507.12
2024-12-25,Payment Redirects,4973.58
2024-12-25,Unassigned,10568.87
2024-12-26,Email,108928.93
2024-12-26,SMS,71491.73
2024-12-26,Push,27853.92
2024-12-26,Paid Search,262755.31
2024-12-26,Affiliates,97488.72
2024-12-26,Display,146.59
2024-12-26,Paid Social,40852.42
2024-12-26,Direct,227240.29
2024-12-26,Organic Search,61109.44
2024-12-26,Referral,3640.89
2024-12-26,Social,3744.21
2024-12-26,Payment Redirects,7427.71
2024-12-26,Unassigned,15783.89
2024-12-27,Email,98924.21
2024-12-27,SMS,64925.48
2024-12-27,Push,25295.64
2024-12-27,Paid Search,238622.2
2024-12-27,Affiliates,88534.74
2024-12-27,Display,133.13
2024-12-27,Paid Social,37100.27
2024-12-27,Direct,206782.5
2024-12-27,Organic Search,55083.82
2024-12-27,Referral,3306.49
2024-12-27,Social,3400.32
2024-12-27,Payment Redirects,6745.5
2024-12-27,Unassigned,14334.2
2024-12-28,Email,88799.47
2024-12-28,SMS,58280.45
2024-12-28,Push,22706.67
2024-12-28,Paid Search,214199.59
2024-12-28,Affiliates,79473.35
2024-12-28,Display,119.5
2024-12-28,Paid Social,33303.12
2024-12-28,Direct,187704.14
2024-12-28,Organic Search,47360.29
2024-12-28,Referral,2968.08
2024-12-28,Social,3052.3
2024-12-28,Payment Redirects,6055.11
2024-12-28,Unassigned,12867.11
2024-12-29,Email,102131.58
2024-12-29,SMS,56604.71
2024-12-29,Push,24941.14
2024-12-29,Paid Search,174587.98
2024-12-29,Affiliates,60571.34
2024-12-29,Display,112.51
2024-12-29,Paid Social,51307.49
2024-12-29,Direct,172450.17
2024-12-29,Organic Search,43507.44
2024-12-29,Referral,3563.02
2024-12-29,Social,5011.53
2024-12-29,Payment Redirects,5700.83
2024-12-29,Unassigned,12114.27
2024-12-30,Email,92608.15
2024-12-30,SMS,51326.5
2024-12-30,Push,22615.46
2024-12-30,Paid Search,158308.22
2024-12-30,Affiliates,54923.26
2024-12-30,Display,102.02
2024-12-30,Paid Social,46523.23
2024-12-30,Direct,156369.75
2024-12-30,Organic Search,39450.51
2024-12-30,Referral,3230.78
2024-12-30,Social,4544.22
2024-12-30,Payment Redirects,5169.25
2024-12-30,Unassigned,10984.65
2024-12-31,Email,68476.22
2024-12-31,SMS,37951.79
2024-12-31,Push,16722.3
2024-12-31,Paid Search,117056.1
2024-12-31,Affiliates,40611.3
2024-12-31,Display,75.43
2024-12-31,Paid Social,34400.16
2024-12-31,Direct,115622.76
2024-12-31,Organic Search,29170.45
2024-12-31,Referral,2388.9
2024-12-31,Social,3360.08
2024-12-31,Payment Redirects,3822.24
2024-12-31,Unassigned,8122.26
2025-01-01,Email,64157.65
2025-01-01,SMS,35558.3
2025-01-01,Push,15667.68
2025-01-01,Paid Search,109673.76
2025-01-01,Affiliates,38050.08
2025-01-01,Display,70.68
2025-01-01,Paid Social,32230.66
2025-01-01,Direct,108330.82
2025-01-01,Organic Search,27330.77
2025-01-01,Referral,2238.24
2025-01-01,Social,3148.17
2025-01-01,Payment Redirects,3581.18
2025-01-01,Unassigned,7610.02
2025-01-02,Email,62121.48
2025-01-02,SMS,34429.78
2025-01-02,Push,15170.44
2025-01-02,Paid Search,106193.05
2025-01-02,Affiliates,36842.49
2025-01-02,Display,68.43
2025-01-02,Paid Social,31207.75
2025-01-02,Direct,104892.72
2025-01-02,Organic Search,26463.37
2025-01-02,Referral,2167.21
2025-01-02,Social,3048.26
2025-01-02,Payment Redirects,3467.53
2025-01-02,Unassigned,7368.5
2025-01-03,Email,94506.73
2025-01-03,SMS,52378.76
2025-01-03,Push,23079.11
2025-01-03,Paid Search,161553.74
2025-01-03,Affiliates,56049.26
2025-01-03,Display,104.11
2025-01-03,Paid Social,47477.02
2025-01-03,Direct,159575.53
2025-01-03,Organic Search,40259.29
2025-01-03,Referral,3297.02
2025-01-03,Social,4637.38
2025-01-03,Payment Redirects,5275.22
2025-01-03,Unassigned,11209.85
2025-01-04,Email,87103.74
2025-01-04,SMS,48275.78
2025-01-04,Push,21271.25
2025-01-04,Paid Search,148898.75
2025-01-04,Affiliates,51658.75
2025-01-04,Display,95.95
2025-01-04,Paid Social,43758
2025-01-04,Direct,147075.5
2025-01-04,Organic Search,37105.66
2025-01-04,Referral,3038.75
2025-01-04,Social,4274.12
2025-01-04,Payment Redirects,4862
2025-01-04,Unassigned,10331.75
2025-01-05,Email,54707.63
2025-01-05,SMS,40148.34
2025-01-05,Push,11029.76
2025-01-05,Paid Search,113385.97
2025-01-05,Affiliates,42795.48
2025-01-05,Display,286.77
2025-01-05,Paid Social,29118.58
2025-01-05,Direct,104143.03
2025-01-05,Organic Search,30883.34
2025-01-05,Referral,2161.83
2025-01-05,Social,1500.05
2025-01-05,Payment Redirects,3529.52
2025-01-05,Unassigned,7500.24
2025-01-06,Email,56847.03
2025-01-06,SMS,41718.39
2025-01-06,Push,11461.1
2025-01-06,Paid Search,117820.06
2025-01-06,Affiliates,44469.05
2025-01-06,Display,297.99
2025-01-06,Paid Social,30257.29
2025-01-06,Direct,108215.66
2025-01-06,Organic Search,32091.07
2025-01-06,Referral,2246.37
2025-01-06,Social,1558.71
2025-01-06,Payment Redirects,3667.55
2025-01-06,Unassigned,7793.54
2025-01-07,Email,54669.76
2025-01-07,SMS,40120.55
2025-01-07,Push,11022.13
2025-01-07,Paid Search,113307.5
2025-01-07,Affiliates,42765.86
2025-01-07,Display,286.58
2025-01-07,Paid Social,29098.42
2025-01-07,Direct,104070.95
2025-01-07,Organic Search,30861.96
2025-01-07,Referral,2160.34
2025-01-07,Social,1499.01
2025-01-07,Payment Redirects,3527.08
2025-01-07,Unassigned,7495.05
2025-01-08,Email,53962.45
2025-01-08,SMS,39601.48
2025-01-08,Push,10879.53
2025-01-08,Paid Search,111841.53
2025-01-08,Affiliates,42212.56
2025-01-08,Display,282.87
2025-01-08,Paid Social,28721.95
2025-01-08,Direct,102724.49
2025-01-08,Organic Search,30462.67
2025-01-08,Referral,2132.39
2025-01-08,Social,1479.62
2025-01-08,Payment Redirects,3481.45
2025-01-08,Unassigned,7398.08
2025-01-09,Email,55237.26
2025-01-09,SMS,40537.02
2025-01-09,Push,11136.54
2025-01-09,Paid Search,114483.67
2025-01-09,Affiliates,43209.79
2025-01-09,Display,289.55
2025-01-09,Paid Social,29400.48
2025-01-09,Direct,105151.24
2025-01-09,Organic Search,31182.32
2025-01-09,Referral,2182.76
2025-01-09,Social,1514.57
2025-01-09,Payment Redirects,3563.69
2025-01-09,Unassigned,7572.85
2025-01-10,Email,73109.23
2025-01-10,SMS,58652.74
2025-01-10,Push,14739.76
2025-01-10,Paid Search,151524.78
2025-01-10,Affiliates,57190.29
2025-01-10,Display,383.23
2025-01-10,Paid Social,38912.98
2025-01-10,Direct,136672.85
2025-01-10,Organic Search,38771.34
2025-01-10,Referral,2888.99
2025-01-10,Social,2004.61
2025-01-10,Payment Redirects,4716.72
2025-01-10,Unassigned,10023.04
2025-01-11,Email,61208.7
2025-01-11,SMS,44919.29
2025-01-11,Push,12340.46
2025-01-11,Paid Search,126859.98
2025-01-11,Affiliates,47881
2025-01-11,Display,320.85
2025-01-11,Paid Social,32578.83
2025-01-11,Direct,116518.67
2025-01-11,Organic Search,34553.3
2025-01-11,Referral,2418.73
2025-01-11,Social,1678.3
2025-01-11,Payment Redirects,3948.95
2025-01-11,Unassigned,8391.52
2025-01-12,Email,62282.43
2025-01-12,SMS,52697.86
2025-01-12,Push,12547.11
2025-01-12,Paid Search,117382.17
2025-01-12,Affiliates,45671.47
2025-01-12,Display,326.22
2025-01-12,Paid Social,37641.33
2025-01-12,Direct,121957.89
2025-01-12,Organic Search,30113.06
2025-01-12,Referral,2231.88
2025-01-12,Social,7528.27
2025-01-12,Payment Redirects,2962.62
2025-01-12,Unassigned,8532.03
2025-01-13,Email,55155.67
2025-01-13,SMS,45963.06
2025-01-13,Push,10943.59
2025-01-13,Paid Search,101556.48
2025-01-13,Affiliates,39834.65
2025-01-13,Display,284.53
2025-01-13,Paid Social,32830.76
2025-01-13,Direct,106371.66
2025-01-13,Organic Search,26264.61
2025-01-13,Referral,1946.65
2025-01-13,Social,6566.15
2025-01-13,Payment Redirects,2584
2025-01-13,Unassigned,7441.64
2025-01-14,Email,54098.62
2025-01-14,SMS,45082.18
2025-01-14,Push,10733.85
2025-01-14,Paid Search,99610.16
2025-01-14,Affiliates,39071.23
2025-01-14,Display,279.08
2025-01-14,Paid Social,32201.56
2025-01-14,Direct,104333.05
2025-01-14,Organic Search,25761.25
2025-01-14,Referral,1909.34
2025-01-14,Social,6440.31
2025-01-14,Payment Redirects,2534.48
2025-01-14,Unassigned,7299.02
2025-01-15,Email,58288.98
2025-01-15,SMS,48574.15
2025-01-15,Push,11565.27
2025-01-15,Paid Search,107325.75
2025-01-15,Affiliates,42097.6
2025-01-15,Display,300.7
2025-01-15,Paid Social,34695.82
2025-01-15,Direct,112414.47
2025-01-15,Organic Search,27756.66
2025-01-15,Referral,2057.23
2025-01-15,Social,6939.16
2025-01-15,Payment Redirects,2730.79
2025-01-15,Unassigned,7864.39
2025-01-16,Email,61904.73
2025-01-16,SMS,51587.28
2025-01-16,Push,12282.69
2025-01-16,Paid Search,113983.32
2025-01-16,Affiliates,44708.97
2025-01-16,Display,319.35
2025-01-16,Paid Social,36848.05
2025-01-16,Direct,119387.7
2025-01-16,Organic Search,29478.44
2025-01-16,Referral,2184.84
2025-01-16,Social,7369.61
2025-01-16,Payment Redirects,2900.19
2025-01-16,Unassigned,8352.23
2025-01-17,Email,75990.18
2025-01-17,SMS,63325.15
2025-01-17,Push,15077.42
2025-01-17,Paid Search,139918.43
2025-01-17,Affiliates,54881.8
2025-01-17,Display,392.01
2025-01-17,Paid Social,45232.25
2025-01-17,Direct,146552.5
2025-01-17,Organic Search,36185.8
2025-01-17,Referral,2681.97
2025-01-17,Social,9046.45
2025-01-17,Payment Redirects,3560.08
2025-01-17,Unassigned,10252.64
2025-01-18,Email,80007.79
2025-01-18,SMS,66673.16
2025-01-18,Push,15874.56
2025-01-18,Paid Search,147315.94
2025-01-18,Affiliates,57783.41
2025-01-18,Display,412.74
2025-01-18,Paid Social,47623.69
2025-01-18,Direct,154300.74
2025-01-18,Organic Search,38098.95
2025-01-18,Referral,2823.77
2025-01-18,Social,9524.74
2025-01-18,Payment Redirects,3748.3
2025-01-18,Unassigned,10794.7
2025-01-19,Email,62937.66
2025-01-19,SMS,52413.61
2025-01-19,Push,13103.4
2025-01-19,Paid Search,124768.34
2025-01-19,Affiliates,49268.8
2025-01-19,Display,319.72
2025-01-19,Paid Social,39724.29
2025-01-19,Direct,126041.88
2025-01-19,Organic Search,36689.53
2025-01-19,Referral,2620.68
2025-01-19,Social,3144.82
2025-01-19,Payment Redirects,4193.09
2025-01-19,Unassigned,8910.31
2025-01-20,Email,50180.81
2025-01-20,SMS,41789.88
2025-01-20,Push,10447.47
2025-01-20,Paid Search,99479.01
2025-01-20,Affiliates,39282.49
2025-01-20,Display,254.92
2025-01-20,Paid Social,31672.56
2025-01-20,Direct,100494.42
2025-01-20,Organic Search,29252.92
2025-01-20,Referral,2089.49
2025-01-20,Social,2507.39
2025-01-20,Payment Redirects,3343.19
2025-01-20,Unassigned,7104.28
2025-01-21,Email,47561.78
2025-01-21,SMS,39608.79
2025-01-21,Push,9902.2
2025-01-21,Paid Search,94287.02
2025-01-21,Affiliates,37232.27
2025-01-21,Display,241.61
2025-01-21,Paid Social,30019.51
2025-01-21,Direct,95249.43
2025-01-21,Organic Search,27726.16
2025-01-21,Referral,1980.44
2025-01-21,Social,2376.53
2025-01-21,Payment Redirects,3168.7
2025-01-21,Unassigned,6733.5
2025-01-22,Email,54393.9
2025-01-22,SMS,46964.89
2025-01-22,Push,11741.22
2025-01-22,Paid Search,112797.89
2025-01-22,Affiliates,44147
2025-01-22,Display,286.49
2025-01-22,Paid Social,35594.7
2025-01-22,Direct,113940.04
2025-01-22,Organic Search,32875.42
2025-01-22,Referral,2348.24
2025-01-22,Social,2817.89
2025-01-22,Payment Redirects,3757.19
2025-01-22,Unassigned,7984.03
2025-01-23,Email,54395.78
2025-01-23,SMS,45300.05
2025-01-23,Push,11325.01
2025-01-23,Paid Search,107834.81
2025-01-23,Affiliates,42582.05
2025-01-23,Display,276.33
2025-01-23,Paid Social,34332.92
2025-01-23,Direct,108935.51
2025-01-23,Organic Search,31710.04
2025-01-23,Referral,2265
2025-01-23,Social,2718
2025-01-23,Payment Redirects,3624
2025-01-23,Unassigned,7701.01
2025-01-24,Email,93779.23
2025-01-24,SMS,78098.04
2025-01-24,Push,19524.51
2025-01-24,Paid Search,185909.02
2025-01-24,Affiliates,73412.16
2025-01-24,Display,476.4
2025-01-24,Paid Social,59190.52
2025-01-24,Direct,187806.63
2025-01-24,Organic Search,54668.63
2025-01-24,Referral,3904.9
2025-01-24,Social,4685.88
2025-01-24,Payment Redirects,6247.84
2025-01-24,Unassigned,13276.67
2025-01-25,Email,88341.17
2025-01-25,SMS,73569.3
2025-01-25,Push,18392.32
2025-01-25,Paid Search,175128.53
2025-01-25,Affiliates,69155.14
2025-01-25,Display,448.77
2025-01-25,Paid Social,55758.18
2025-01-25,Direct,176916.1
2025-01-25,Organic Search,51498.51
2025-01-25,Referral,3678.46
2025-01-25,Social,4414.16
2025-01-25,Payment Redirects,5885.54
2025-01-25,Unassigned,12506.78
2025-01-26,Email,71426.19
2025-01-26,SMS,45760.19
2025-01-26,Push,15802.25
2025-01-26,Paid Search,164343.44
2025-01-26,Affiliates,62900.86
2025-01-26,Display,385.92
2025-01-26,Paid Social,53095.57
2025-01-26,Direct,158022.54
2025-01-26,Organic Search,36333.76
2025-01-26,Referral,4424.63
2025-01-26,Social,3792.54
2025-01-26,Payment Redirects,5056.72
2025-01-26,Unassigned,10745.53
2025-01-27,Email,36272.72
2025-01-27,SMS,23238.63
2025-01-27,Push,8024.94
2025-01-27,Paid Search,83459.36
2025-01-27,Affiliates,31943.26
2025-01-27,Display,195.99
2025-01-27,Paid Social,26963.79
2025-01-27,Direct,80249.38
2025-01-27,Organic Search,18451.56
2025-01-27,Referral,2246.98
2025-01-27,Social,1925.99
2025-01-27,Payment Redirects,2567.98
2025-01-27,Unassigned,5456.96
2025-01-28,Email,35652.66
2025-01-28,SMS,22841.38
2025-01-28,Push,7887.76
2025-01-28,Paid Search,82032.68
2025-01-28,Affiliates,31397.22
2025-01-28,Display,192.64
2025-01-28,Paid Social,26502.87
2025-01-28,Direct,78877.58
2025-01-28,Organic Search,18136.14
2025-01-28,Referral,2208.57
2025-01-28,Social,1893.06
2025-01-28,Payment Redirects,2524.08
2025-01-28,Unassigned,5363.68
2025-01-29,Email,40344.6
2025-01-29,SMS,25847.34
2025-01-29,Push,8925.8
2025-01-29,Paid Search,92828.29
2025-01-29,Affiliates,35529.13
2025-01-29,Display,217.99
2025-01-29,Paid Social,29990.68
2025-01-29,Direct,89257.97
2025-01-29,Organic Search,20522.88
2025-01-29,Referral,2499.22
2025-01-29,Social,2142.19
2025-01-29,Payment Redirects,2856.26
2025-01-29,Unassigned,6069.54
2025-01-30,Email,36242.49
2025-01-30,SMS,23219.26
2025-01-30,Push,8018.25
2025-01-30,Paid Search,83389.8
2025-01-30,Affiliates,31916.64
2025-01-30,Display,195.82
2025-01-30,Paid Social,26941.32
2025-01-30,Direct,80182.5
2025-01-30,Organic Search,18436.18
2025-01-30,Referral,2245.11
2025-01-30,Social,1924.38
2025-01-30,Payment Redirects,2565.84
2025-01-30,Unassigned,5452.41
2025-01-31,Email,31353.06
2025-01-31,SMS,20086.78
2025-01-31,Push,6936.52
2025-01-31,Paid Search,72139.78
2025-01-31,Affiliates,27610.8
2025-01-31,Display,169.4
2025-01-31,Paid Social,23306.7
2025-01-31,Direct,69365.17
2025-01-31,Organic Search,15948.97
2025-01-31,Referral,1942.22
2025-01-31,Social,1664.76
2025-01-31,Payment Redirects,2219.69
2025-01-31,Unassigned,4716.83
2025-02-01,Email,31252.87
2025-02-01,SMS,20022.59
2025-02-01,Push,6914.35
2025-02-01,Paid Search,71909.26
2025-02-01,Affiliates,27522.58
2025-02-01,Display,168.86
2025-02-01,Paid Social,23232.22
2025-02-01,Direct,69143.52
2025-02-01,Organic Search,15898.01
2025-02-01,Referral,1936.02
2025-02-01,Social,1659.44
2025-02-01,Payment Redirects,2212.59
2025-02-01,Unassigned,4701.76
2025-02-02,Email,42441.94
2025-02-02,SMS,35912.42
2025-02-02,Push,9794.3
2025-02-02,Paid Search,78354.37
2025-02-02,Affiliates,30362.32
2025-02-02,Display,12.72
2025-02-02,Paid Social,27750.51
2025-02-02,Direct,71812.12
2025-02-02,Organic Search,19262.12
2025-02-02,Referral,1305.91
2025-02-02,Social,2285.34
2025-02-02,Payment Redirects,1632.38
2025-02-02,Unassigned,5550.1
2025-02-03,Email,41413.03
2025-02-03,SMS,35041.8
2025-02-03,Push,9556.86
2025-02-03,Paid Search,76454.84
2025-02-03,Affiliates,29626.25
2025-02-03,Display,12.41
2025-02-03,Paid Social,27077.76
2025-02-03,Direct,70071.2
2025-02-03,Organic Search,18795.15
2025-02-03,Referral,1274.25
2025-02-03,Social,2229.93
2025-02-03,Payment Redirects,1592.81
2025-02-03,Unassigned,5415.55
2025-02-04,Email,42182.6
2025-02-04,SMS,35692.97
2025-02-04,Push,9734.45
2025-02-04,Paid Search,77875.57
2025-02-04,Affiliates,30176.78
2025-02-04,Display,12.65
2025-02-04,Paid Social,27580.93
2025-02-04,Direct,71373.3
2025-02-04,Organic Search,19144.41
2025-02-04,Referral,1297.93
2025-02-04,Social,2271.37
2025-02-04,Payment Redirects,1622.41
2025-02-04,Unassigned,5516.19
2025-02-05,Email,46121.69
2025-02-05,SMS,39026.05
2025-02-05,Push,10643.47
2025-02-05,Paid Search,85147.75
2025-02-05,Affiliates,32994.75
2025-02-05,Display,13.83
2025-02-05,Paid Social,30156.5
2025-02-05,Direct,78038.29
2025-02-05,Organic Search,20932.16
2025-02-05,Referral,1419.13
2025-02-05,Social,2483.48
2025-02-05,Payment Redirects,1773.91
2025-02-05,Unassigned,6031.3
2025-02-06,Email,40703.65
2025-02-06,SMS,34441.55
2025-02-06,Push,9393.15
2025-02-06,Paid Search,75145.2
2025-02-06,Affiliates,29118.77
2025-02-06,Display,12.2
2025-02-06,Paid Social,26613.93
2025-02-06,Direct,68870.91
2025-02-06,Organic Search,18473.2
2025-02-06,Referral,1252.42
2025-02-06,Social,2191.74
2025-02-06,Payment Redirects,1565.53
2025-02-06,Unassigned,5322.79
2025-02-07,Email,39308.52
2025-02-07,SMS,33261.06
2025-02-07,Push,9071.2
2025-02-07,Paid Search,72569.59
2025-02-07,Affiliates,28120.72
2025-02-07,Display,11.78
2025-02-07,Paid Social,25701.73
2025-02-07,Direct,66510.35
2025-02-07,Organic Search,17840.03
2025-02-07,Referral,1209.49
2025-02-07,Social,2116.61
2025-02-07,Payment Redirects,1511.87
2025-02-07,Unassigned,5140.35
2025-02-08,Email,37298.26
2025-02-08,SMS,31560.07
2025-02-08,Push,8607.29
2025-02-08,Paid Search,68858.33
2025-02-08,Affiliates,26682.6
2025-02-08,Display,11.18
2025-02-08,Paid Social,24387.33
2025-02-08,Direct,63108.96
2025-02-08,Organic Search,16927.67
2025-02-08,Referral,1147.64
2025-02-08,Social,2008.37
2025-02-08,Payment Redirects,1434.55
2025-02-08,Unassigned,4877.47
2025-02-09,Email,38722.78
2025-02-09,SMS,31811.21
2025-02-09,Push,10190.2
2025-02-09,Paid Search,69875.69
2025-02-09,Affiliates,24165.34
2025-02-09,Display,11.35
2025-02-09,Paid Social,26203.38
2025-02-09,Direct,66381.9
2025-02-09,Organic Search,14557.44
2025-02-09,Referral,494.95
2025-02-09,Social,2329.19
2025-02-09,Payment Redirects,1746.89
2025-02-09,Unassigned,4658.38
2025-02-10,Email,34877.92
2025-02-10,SMS,28652.61
2025-02-10,Push,9178.4
2025-02-10,Paid Search,62937.6
2025-02-10,Affiliates,21765.92
2025-02-10,Display,10.22
2025-02-10,Paid Social,23601.6
2025-02-10,Direct,59790.72
2025-02-10,Organic Search,13112
2025-02-10,Referral,445.81
2025-02-10,Social,2097.92
2025-02-10,Payment Redirects,1573.44
2025-02-10,Unassigned,4195.84
2025-02-11,Email,37329.42
2025-02-11,SMS,30666.54
2025-02-11,Push,9823.53
2025-02-11,Paid Search,67361.35
2025-02-11,Affiliates,23295.8
2025-02-11,Display,10.94
2025-02-11,Paid Social,25260.51
2025-02-11,Direct,63993.29
2025-02-11,Organic Search,14033.62
2025-02-11,Referral,477.14
2025-02-11,Social,2245.38
2025-02-11,Payment Redirects,1684.03
2025-02-11,Unassigned,4490.76
2025-02-12,Email,60467.89
2025-02-12,SMS,49675.07
2025-02-12,Push,15912.6
2025-02-12,Paid Search,109115
2025-02-12,Affiliates,37735.6
2025-02-12,Display,17.72
2025-02-12,Paid Social,40918.12
2025-02-12,Direct,103659.25
2025-02-12,Organic Search,22732.29
2025-02-12,Referral,772.9
2025-02-12,Social,3637.17
2025-02-12,Payment Redirects,2727.88
2025-02-12,Unassigned,7274.33
2025-02-13,Email,60781.05
2025-02-13,SMS,49932.33
2025-02-13,Push,15995.01
2025-02-13,Paid Search,109680.09
2025-02-13,Affiliates,37931.03
2025-02-13,Display,17.81
2025-02-13,Paid Social,41130.03
2025-02-13,Direct,104196.09
2025-02-13,Organic Search,22850.02
2025-02-13,Referral,776.9
2025-02-13,Social,3656
2025-02-13,Payment Redirects,2742
2025-02-13,Unassigned,7312.01
2025-02-14,Email,62892.26
2025-02-14,SMS,51666.72
2025-02-14,Push,16550.6
2025-02-14,Paid Search,113489.8
2025-02-14,Affiliates,39248.56
2025-02-14,Display,18.43
2025-02-14,Paid Social,42558.67
2025-02-14,Direct,107815.31
2025-02-14,Organic Search,23643.71
2025-02-14,Referral,803.89
2025-02-14,Social,3782.99
2025-02-14,Payment Redirects,2837.25
2025-02-14,Unassigned,7565.99
2025-02-15,Email,63931.59
2025-02-15,SMS,52520.53
2025-02-15,Push,16824.1
2025-02-15,Paid Search,115365.27
2025-02-15,Affiliates,39897.16
2025-02-15,Display,18.73
2025-02-15,Paid Social,43261.98
2025-02-15,Direct,109597.01
2025-02-15,Organic Search,24034.43
2025-02-15,Referral,817.17
2025-02-15,Social,3845.51
2025-02-15,Payment Redirects,2884.13
2025-02-15,Unassigned,7691.02
2025-02-16,Email,67682
2025-02-16,SMS,57635.44
2025-02-16,Push,15862.97
2025-02-16,Paid Search,132720.17
2025-02-16,Affiliates,44416.31
2025-02-16,Display,20.61
2025-02-16,Paid Social,41772.48
2025-02-16,Direct,123393.3
2025-02-16,Organic Search,30139.64
2025-02-16,Referral,846.03
2025-02-16,Social,4230.13
2025-02-16,Payment Redirects,2643.83
2025-02-16,Unassigned,7402.72
2025-02-17,Email,72134.94
2025-02-17,SMS,61427.4
2025-02-17,Push,16906.63
2025-02-17,Paid Search,141452.11
2025-02-17,Affiliates,47338.56
2025-02-17,Display,21.96
2025-02-17,Paid Social,44520.79
2025-02-17,Direct,131511.61
2025-02-17,Organic Search,32122.59
2025-02-17,Referral,901.69
2025-02-17,Social,4508.43
2025-02-17,Payment Redirects,2817.77
2025-02-17,Unassigned,7889.76
2025-02-18,Email,55168.4
2025-02-18,SMS,46979.34
2025-02-18,Push,12930.09
2025-02-18,Paid Search,108181.79
2025-02-18,Affiliates,36204.26
2025-02-18,Display,16.8
2025-02-18,Paid Social,34049.25
2025-02-18,Direct,100579.35
2025-02-18,Organic Search,24567.18
2025-02-18,Referral,689.61
2025-02-18,Social,3448.03
2025-02-18,Payment Redirects,2155.02
2025-02-18,Unassigned,6034.04
2025-02-19,Email,60182.83
2025-02-19,SMS,51249.43
2025-02-19,Push,14105.35
2025-02-19,Paid Search,118014.77
2025-02-19,Affiliates,39494.98
2025-02-19,Display,18.32
2025-02-19,Paid Social,37144.09
2025-02-19,Direct,109721.32
2025-02-19,Organic Search,26800.17
2025-02-19,Referral,752.29
2025-02-19,Social,3761.43
2025-02-19,Payment Redirects,2350.89
2025-02-19,Unassigned,6582.5
2025-02-20,Email,54244.4
2025-02-20,SMS,46192.49
2025-02-20,Push,12713.53
2025-02-20,Paid Search,106369.88
2025-02-20,Affiliates,35597.89
2025-02-20,Display,16.52
2025-02-20,Paid Social,33478.97
2025-02-20,Direct,98894.77
2025-02-20,Organic Search,24155.71
2025-02-20,Referral,678.06
2025-02-20,Social,3390.28
2025-02-20,Payment Redirects,2118.92
2025-02-20,Unassigned,5932.98
2025-02-21,Email,51854.39
2025-02-21,SMS,44157.25
2025-02-21,Push,12153.37
2025-02-21,Paid Search,101683.23
2025-02-21,Affiliates,34029.45
2025-02-21,Display,15.79
2025-02-21,Paid Social,32003.88
2025-02-21,Direct,94537.47
2025-02-21,Organic Search,23091.41
2025-02-21,Referral,648.18
2025-02-21,Social,3240.9
2025-02-21,Payment Redirects,2025.56
2025-02-21,Unassigned,5671.57
2025-02-22,Email,46612.4
2025-02-22,SMS,39693.37
2025-02-22,Push,10924.78
2025-02-22,Paid Search,91404.01
2025-02-22,Affiliates,30589.39
2025-02-22,Display,14.19
2025-02-22,Paid Social,28768.59
2025-02-22,Direct,84980.62
2025-02-22,Organic Search,20757.09
2025-02-22,Referral,582.66
2025-02-22,Social,2913.28
2025-02-22,Payment Redirects,1820.8
2025-02-22,Unassigned,5098.23
2025-02-23,Email,51040.55
2025-02-23,SMS,45238.13
2025-02-23,Push,10308.53
2025-02-23,Paid Search,94369.95
2025-02-23,Affiliates,32463.51
2025-02-23,Display,15.36
2025-02-23,Paid Social,35117.79
2025-02-23,Direct,90901.35
2025-02-23,Organic Search,20884.81
2025-02-23,Referral,709.3
2025-02-23,Social,3546.48
2025-02-23,Payment Redirects,2758.37
2025-02-23,Unassigned,6698.9
2025-02-24,Email,79211.1
2025-02-24,SMS,70206.17
2025-02-24,Push,15998.06
2025-02-24,Paid Search,146455.06
2025-02-24,Affiliates,50380.93
2025-02-24,Display,23.83
2025-02-24,Paid Social,54500.16
2025-02-24,Direct,141072.05
2025-02-24,Organic Search,32411.65
2025-02-24,Referral,1100.77
2025-02-24,Social,5503.87
2025-02-24,Payment Redirects,4280.78
2025-02-24,Unassigned,10396.19
2025-02-25,Email,84366.95
2025-02-25,SMS,74775.89
2025-02-25,Push,17039.37
2025-02-25,Paid Search,155987.83
2025-02-25,Affiliates,53660.23
2025-02-25,Display,25.38
2025-02-25,Paid Social,58047.58
2025-02-25,Direct,150254.44
2025-02-25,Organic Search,34521.33
2025-02-25,Referral,1172.42
2025-02-25,Social,5862.11
2025-02-25,Payment Redirects,4559.42
2025-02-25,Unassigned,11072.88
2025-02-26,Email,88400.71
2025-02-26,SMS,78351.08
2025-02-26,Push,17854.06
2025-02-26,Paid Search,163445.93
2025-02-26,Affiliates,56225.83
2025-02-26,Display,26.6
2025-02-26,Paid Social,60822.96
2025-02-26,Direct,157438.41
2025-02-26,Organic Search,36171.87
2025-02-26,Referral,1228.48
2025-02-26,Social,6142.39
2025-02-26,Payment Redirects,4777.42
2025-02-26,Unassigned,11602.3
2025-02-27,Email,50802.95
2025-02-27,SMS,45027.53
2025-02-27,Push,10260.54
2025-02-27,Paid Search,93930.64
2025-02-27,Affiliates,32312.39
2025-02-27,Display,15.29
2025-02-27,Paid Social,34954.31
2025-02-27,Direct,90478.18
2025-02-27,Organic Search,20787.59
2025-02-27,Referral,705.99
2025-02-27,Social,3529.97
2025-02-27,Payment Redirects,2745.53
2025-02-27,Unassigned,6667.72
2025-02-28,Email,50231.16
2025-02-28,SMS,44520.75
2025-02-28,Push,10145.06
2025-02-28,Paid Search,92873.45
2025-02-28,Affiliates,31948.71
2025-02-28,Display,15.11
2025-02-28,Paid Social,34560.9
2025-02-28,Direct,89459.85
2025-02-28,Organic Search,20553.62
2025-02-28,Referral,698.05
2025-02-28,Social,3490.24
2025-02-28,Payment Redirects,2714.63
2025-02-28,Unassigned,6592.67
2025-03-01,Email,50718.61
2025-03-01,SMS,44952.78
2025-03-01,Push,10243.5
2025-03-01,Paid Search,93774.7
2025-03-01,Affiliates,32258.75
2025-03-01,Display,15.26
2025-03-01,Paid Social,34896.28
2025-03-01,Direct,90327.97
2025-03-01,Organic Search,20753.08
2025-03-01,Referral,704.82
2025-03-01,Social,3524.11
2025-03-01,Payment Redirects,2740.97
2025-03-01,Unassigned,6656.65
2025-03-02,Email,39254.26
2025-03-02,SMS,31835
2025-03-02,Push,15730.23
2025-03-02,Paid Search,101122.93
2025-03-02,Affiliates,36703.88
2025-03-02,Display,71.32
2025-03-02,Paid Social,29213.29
2025-03-02,Direct,86141.75
2025-03-02,Organic Search,22846.29
2025-03-02,Referral,1123.59
2025-03-02,Social,3370.76
2025-03-02,Payment Redirects,0
2025-03-02,Unassigned,7116.06
2025-03-03,Email,35841.6
2025-03-03,SMS,29067.35
2025-03-03,Push,14362.69
2025-03-03,Paid Search,92331.57
2025-03-03,Affiliates,33512.94
2025-03-03,Display,65.12
2025-03-03,Paid Social,26673.56
2025-03-03,Direct,78652.82
2025-03-03,Organic Search,20860.1
2025-03-03,Referral,1025.91
2025-03-03,Social,3077.72
2025-03-03,Payment Redirects,0
2025-03-03,Unassigned,6497.41
2025-03-04,Email,38467.97
2025-03-04,SMS,23953.34
2025-03-04,Push,13812.24
2025-03-04,Paid Search,88792.96
2025-03-04,Affiliates,32228.56
2025-03-04,Display,62.62
2025-03-04,Paid Social,25651.3
2025-03-04,Direct,75638.45
2025-03-04,Organic Search,20060.63
2025-03-04,Referral,986.59
2025-03-04,Social,2959.77
2025-03-04,Payment Redirects,0
2025-03-04,Unassigned,6248.39
2025-03-05,Email,53226.82
2025-03-05,SMS,48111.69
2025-03-05,Push,19325.78
2025-03-05,Paid Search,116237.15
2025-03-05,Affiliates,45093.48
2025-03-05,Display,87.62
2025-03-05,Paid Social,32890.73
2025-03-05,Direct,103831.65
2025-03-05,Organic Search,27068.39
2025-03-05,Referral,1380.41
2025-03-05,Social,4141.24
2025-03-05,Payment Redirects,0
2025-03-05,Unassigned,8742.61
2025-03-06,Email,59209.52
2025-03-06,SMS,43152.64
2025-03-06,Push,21322.48
2025-03-06,Paid Search,129073.08
2025-03-06,Affiliates,49752.45
2025-03-06,Display,96.67
2025-03-06,Paid Social,37598.89
2025-03-06,Direct,119765.96
2025-03-06,Organic Search,31968.36
2025-03-06,Referral,1523.03
2025-03-06,Social,4569.1
2025-03-06,Payment Redirects,0
2025-03-06,Unassigned,9645.88
2025-03-07,Email,48378.43
2025-03-07,SMS,46234.65
2025-03-07,Push,19386.53
2025-03-07,Paid Search,116627.7
2025-03-07,Affiliates,45235.24
2025-03-07,Display,87.9
2025-03-07,Paid Social,34003.56
2025-03-07,Direct,109164.34
2025-03-07,Organic Search,28156.63
2025-03-07,Referral,1384.75
2025-03-07,Social,4154.26
2025-03-07,Payment Redirects,0
2025-03-07,Unassigned,8770.1
2025-03-08,Email,49036.46
2025-03-08,SMS,39768.3
2025-03-08,Push,19650.22
2025-03-08,Paid Search,118322.84
2025-03-08,Affiliates,45850.51
2025-03-08,Display,89.09
2025-03-08,Paid Social,36493.27
2025-03-08,Direct,111608.35
2025-03-08,Organic Search,32539.6
2025-03-08,Referral,1403.59
2025-03-08,Social,4210.76
2025-03-08,Payment Redirects,0
2025-03-08,Unassigned,8889.39
2025-03-09,Email,46254.84
2025-03-09,SMS,37512.43
2025-03-09,Push,18535.55
2025-03-09,Paid Search,119157.12
2025-03-09,Affiliates,43249.62
2025-03-09,Display,84.04
2025-03-09,Paid Social,34423.17
2025-03-09,Direct,101504.21
2025-03-09,Organic Search,26920.68
2025-03-09,Referral,1323.97
2025-03-09,Social,3971.9
2025-03-09,Payment Redirects,0
2025-03-09,Unassigned,8385.13
2025-03-10,Email,43955.47
2025-03-10,SMS,32647.65
2025-03-10,Push,15614.13
2025-03-10,Paid Search,113233.71
2025-03-10,Affiliates,41099.64
2025-03-10,Display,79.86
2025-03-10,Paid Social,36711.96
2025-03-10,Direct,97458.35
2025-03-10,Organic Search,25582.43
2025-03-10,Referral,1258.15
2025-03-10,Social,3774.46
2025-03-10,Payment Redirects,0
2025-03-10,Unassigned,7968.3
2025-03-11,Email,47901.44
2025-03-11,SMS,47414.83
2025-03-11,Push,17993.21
2025-03-11,Paid Search,112670.63
2025-03-11,Affiliates,39984.15
2025-03-11,Display,81.58
2025-03-11,Paid Social,32415.96
2025-03-11,Direct,93534.24
2025-03-11,Organic Search,24132.99
2025-03-11,Referral,1285.23
2025-03-11,Social,3855.69
2025-03-11,Payment Redirects,0
2025-03-11,Unassigned,7139.79
2025-03-12,Email,64353.28
2025-03-12,SMS,44080.22
2025-03-12,Push,21780.81
2025-03-12,Paid Search,132019.52
2025-03-12,Affiliates,50821.9
2025-03-12,Display,98.75
2025-03-12,Paid Social,38450.08
2025-03-12,Direct,119275.88
2025-03-12,Organic Search,31634.04
2025-03-12,Referral,1555.77
2025-03-12,Social,4667.32
2025-03-12,Payment Redirects,0
2025-03-12,Unassigned,9853.23
2025-03-13,Email,44334.41
2025-03-13,SMS,23900
2025-03-13,Push,15762.35
2025-03-13,Paid Search,104329.4
2025-03-13,Affiliates,36778.82
2025-03-13,Display,71.47
2025-03-13,Paid Social,29272.94
2025-03-13,Direct,86317.63
2025-03-13,Organic Search,22892.94
2025-03-13,Referral,1125.88
2025-03-13,Social,3377.65
2025-03-13,Payment Redirects,0
2025-03-13,Unassigned,7130.59
2025-03-14,Email,41585.06
2025-03-14,SMS,27103.27
2025-03-14,Push,13862.79
2025-03-14,Paid Search,105975.09
2025-03-14,Affiliates,37013.18
2025-03-14,Display,71.92
2025-03-14,Paid Social,29959.47
2025-03-14,Direct,86867.67
2025-03-14,Organic Search,23038.82
2025-03-14,Referral,1133.06
2025-03-14,Social,3399.17
2025-03-14,Payment Redirects,0
2025-03-14,Unassigned,7676.02
2025-03-15,Email,34278.02
2025-03-15,SMS,25232.28
2025-03-15,Push,12938.3
2025-03-15,Paid Search,99031.94
2025-03-15,Affiliates,34856.04
2025-03-15,Display,67.73
2025-03-15,Paid Social,28742.56
2025-03-15,Direct,85804.98
2025-03-15,Organic Search,23696.1
2025-03-15,Referral,1067.02
2025-03-15,Social,3201.06
2025-03-15,Payment Redirects,0
2025-03-15,Unassigned,6757.8
2025-03-16,Email,33394.67
2025-03-16,SMS,31759.86
2025-03-16,Push,13187.23
2025-03-16,Paid Search,104060.74
2025-03-16,Affiliates,39270.19
2025-03-16,Display,73.39
2025-03-16,Paid Social,35061.99
2025-03-16,Direct,92644.33
2025-03-16,Organic Search,23510.02
2025-03-16,Referral,1156.23
2025-03-16,Social,3468.69
2025-03-16,Payment Redirects,0
2025-03-16,Unassigned,7822.79
2025-03-17,Email,34516.62
2025-03-17,SMS,33614.79
2025-03-17,Push,14633.19
2025-03-17,Paid Search,94070.49
2025-03-17,Affiliates,34144.11
2025-03-17,Display,66.35
2025-03-17,Paid Social,27175.92
2025-03-17,Direct,79634.12
2025-03-17,Organic Search,19752.96
2025-03-17,Referral,1045.23
2025-03-17,Social,3135.68
2025-03-17,Payment Redirects,0
2025-03-17,Unassigned,6619.78
2025-03-18,Email,46371.08
2025-03-18,SMS,35929.74
2025-03-18,Push,15777.05
2025-03-18,Paid Search,94423.87
2025-03-18,Affiliates,36813.11
2025-03-18,Display,71.53
2025-03-18,Paid Social,25300.23
2025-03-18,Direct,86398.11
2025-03-18,Organic Search,22914.28
2025-03-18,Referral,1126.93
2025-03-18,Social,3380.8
2025-03-18,Payment Redirects,0
2025-03-18,Unassigned,7137.24
2025-03-19,Email,51711.3
2025-03-19,SMS,46937.59
2025-03-19,Push,22722.1
2025-03-19,Paid Search,128213.52
2025-03-19,Affiliates,48351.57
2025-03-19,Display,93.95
2025-03-19,Paid Social,36483.91
2025-03-19,Direct,113478.18
2025-03-19,Organic Search,30096.39
2025-03-19,Referral,1480.15
2025-03-19,Social,4440.45
2025-03-19,Payment Redirects,0
2025-03-19,Unassigned,9374.28
2025-03-20,Email,58313.5
2025-03-20,SMS,52425.97
2025-03-20,Push,20963.42
2025-03-20,Paid Search,126764.84
2025-03-20,Affiliates,48914.64
2025-03-20,Display,95.05
2025-03-20,Paid Social,36932.06
2025-03-20,Direct,109799.67
2025-03-20,Organic Search,29446.87
2025-03-20,Referral,1497.39
2025-03-20,Social,4492.16
2025-03-20,Payment Redirects,0
2025-03-20,Unassigned,9483.45
2025-03-21,Email,38227.12
2025-03-21,SMS,24623.98
2025-03-21,Push,14120.08
2025-03-21,Paid Search,103629.12
2025-03-21,Affiliates,38113.53
2025-03-21,Display,73.09
2025-03-21,Paid Social,35437.3
2025-03-21,Direct,92276.65
2025-03-21,Organic Search,25412.5
2025-03-21,Referral,1151.43
2025-03-21,Social,3454.3
2025-03-21,Payment Redirects,0
2025-03-21,Unassigned,7292.42
2025-03-22,Email,32498.07
2025-03-22,SMS,27221.73
2025-03-22,Push,13427.21
2025-03-22,Paid Search,103174.9
2025-03-22,Affiliates,38996.82
2025-03-22,Display,69.95
2025-03-22,Paid Social,32650.53
2025-03-22,Direct,85482.32
2025-03-22,Organic Search,22406.18
2025-03-22,Referral,1101.94
2025-03-22,Social,3305.83
2025-03-22,Payment Redirects,0
2025-03-22,Unassigned,6978.97
2025-03-23,Email,48695.38
2025-03-23,SMS,52491.69
2025-03-23,Push,19513.54
2025-03-23,Paid Search,115444.18
2025-03-23,Affiliates,45531.59
2025-03-23,Display,88.47
2025-03-23,Paid Social,35239.43
2025-03-23,Direct,104859.86
2025-03-23,Organic Search,28341.09
2025-03-23,Referral,1393.82
2025-03-23,Social,4181.47
2025-03-23,Payment Redirects,0
2025-03-23,Unassigned,8827.55
2025-03-24,Email,51781.97
2025-03-24,SMS,39073.96
2025-03-24,Push,16342.43
2025-03-24,Paid Search,95058.47
2025-03-24,Affiliates,35132.33
2025-03-24,Display,74.1
2025-03-24,Paid Social,28850.22
2025-03-24,Direct,87994.25
2025-03-24,Organic Search,22735.43
2025-03-24,Referral,1167.32
2025-03-24,Social,3501.95
2025-03-24,Payment Redirects,0
2025-03-24,Unassigned,7393
2025-03-25,Email,37056.62
2025-03-25,SMS,30052.72
2025-03-25,Push,14849.58
2025-03-25,Paid Search,95461.57
2025-03-25,Affiliates,34649.01
2025-03-25,Display,67.33
2025-03-25,Paid Social,27577.79
2025-03-25,Direct,81319.11
2025-03-25,Organic Search,21567.24
2025-03-25,Referral,1060.68
2025-03-25,Social,3182.05
2025-03-25,Payment Redirects,0
2025-03-25,Unassigned,6717.67
2025-03-26,Email,43421.04
2025-03-26,SMS,35214.23
2025-03-26,Push,17399.97
2025-03-26,Paid Search,106356.96
2025-03-26,Affiliates,40599.93
2025-03-26,Display,78.89
2025-03-26,Paid Social,34814.23
2025-03-26,Direct,97285.55
2025-03-26,Organic Search,26271.39
2025-03-26,Referral,1242.86
2025-03-26,Social,3728.57
2025-03-26,Payment Redirects,0
2025-03-26,Unassigned,7871.42
2025-03-27,Email,54013.45
2025-03-27,SMS,42072.68
2025-03-27,Push,16835.91
2025-03-27,Paid Search,100730.87
2025-03-27,Affiliates,37283.8
2025-03-27,Display,76.33
2025-03-27,Paid Social,28266.69
2025-03-27,Direct,89196.66
2025-03-27,Organic Search,21452.16
2025-03-27,Referral,1202.57
2025-03-27,Social,3107.7
2025-03-27,Payment Redirects,0
2025-03-27,Unassigned,6616.25
2025-03-28,Email,39774.03
2025-03-28,SMS,37256.52
2025-03-28,Push,15938.52
2025-03-28,Paid Search,95461.9
2025-03-28,Affiliates,37189.87
2025-03-28,Display,72.26
2025-03-28,Paid Social,29600.1
2025-03-28,Direct,89282.36
2025-03-28,Organic Search,23148.8
2025-03-28,Referral,1138.47
2025-03-28,Social,3415.4
2025-03-28,Payment Redirects,0
2025-03-28,Unassigned,7210.28
2025-03-29,Email,40438.86
2025-03-29,SMS,32551.72
2025-03-29,Push,14602.03
2025-03-29,Paid Search,90870.17
2025-03-29,Affiliates,34071.4
2025-03-29,Display,66.2
2025-03-29,Paid Social,27118.05
2025-03-29,Direct,75963.48
2025-03-29,Organic Search,21207.71
2025-03-29,Referral,1043
2025-03-29,Social,3129.01
2025-03-29,Payment Redirects,0
2025-03-29,Unassigned,6605.68
2025-03-30,Email,39333.42
2025-03-30,SMS,30277.2
2025-03-30,Push,14960.5
2025-03-30,Paid Search,96174.64
2025-03-30,Affiliates,34907.83
2025-03-30,Display,67.83
2025-03-30,Paid Social,27783.78
2025-03-30,Direct,79926.54
2025-03-30,Organic Search,21728.34
2025-03-30,Referral,1068.61
2025-03-30,Social,3205.82
2025-03-30,Payment Redirects,0
2025-03-30,Unassigned,6767.84
2025-03-31,Email,36193
2025-03-31,SMS,29352.32
2025-03-31,Push,14503.5
2025-03-31,Paid Search,93236.8
2025-03-31,Affiliates,33841.5
2025-03-31,Display,65.76
2025-03-31,Paid Social,26935.07
2025-03-31,Direct,79423.94
2025-03-31,Organic Search,21064.61
2025-03-31,Referral,1035.96
2025-03-31,Social,3107.89
2025-03-31,Payment Redirects,0
2025-03-31,Unassigned,6561.11
2025-04-01,Email,39425.55
2025-04-01,SMS,39351.92
2025-04-01,Push,14997.42
2025-04-01,Paid Search,91411.99
2025-04-01,Affiliates,33993.98
2025-04-01,Display,68
2025-04-01,Paid Social,25852.35
2025-04-01,Direct,80128.73
2025-04-01,Organic Search,20781.97
2025-04-01,Referral,1071.24
2025-04-01,Social,3213.73
2025-04-01,Payment Redirects,0
2025-04-01,Unassigned,6784.55
2025-04-02,Email,55109.9
2025-04-02,SMS,43772.89
2025-04-02,Push,18676.02
2025-04-02,Paid Search,93631.53
2025-04-02,Affiliates,41244.04
2025-04-02,Display,80.14
2025-04-02,Paid Social,32826.89
2025-04-02,Direct,96797.23
2025-04-02,Organic Search,25672.31
2025-04-02,Referral,1262.57
2025-04-02,Social,3787.72
2025-04-02,Payment Redirects,0
2025-04-02,Unassigned,7996.29
2025-04-03,Email,32278.82
2025-04-03,SMS,22177.95
2025-04-03,Push,9934.99
2025-04-03,Paid Search,83153.48
2025-04-03,Affiliates,33181.63
2025-04-03,Display,58.65
2025-04-03,Paid Social,27022.12
2025-04-03,Direct,71834.45
2025-04-03,Organic Search,18786.53
2025-04-03,Referral,923.93
2025-04-03,Social,2771.78
2025-04-03,Payment Redirects,0
2025-04-03,Unassigned,5851.54
2025-04-04,Email,32614.44
2025-04-04,SMS,26450.14
2025-04-04,Push,13069.48
2025-04-04,Paid Search,84018.08
2025-04-04,Affiliates,30495.45
2025-04-04,Display,59.26
2025-04-04,Paid Social,24271.89
2025-04-04,Direct,71570.96
2025-04-04,Organic Search,18981.86
2025-04-04,Referral,933.53
2025-04-04,Social,2800.6
2025-04-04,Payment Redirects,0
2025-04-04,Unassigned,5912.38
2025-04-05,Email,30977.23
2025-04-05,SMS,25122.37
2025-04-05,Push,12413.41
2025-04-05,Paid Search,79800.47
2025-04-05,Affiliates,28964.61
2025-04-05,Display,56.28
2025-04-05,Paid Social,23053.47
2025-04-05,Direct,67978.18
2025-04-05,Organic Search,18028.99
2025-04-05,Referral,886.67
2025-04-05,Social,2660.02
2025-04-05,Payment Redirects,0
2025-04-05,Unassigned,5615.59
2025-04-06,Email,28260.38
2025-04-06,SMS,36586.16
2025-04-06,Push,12286.03
2025-04-06,Paid Search,87109.91
2025-04-06,Affiliates,33101.77
2025-04-06,Display,73.2
2025-04-06,Paid Social,28572.05
2025-04-06,Direct,87332.78
2025-04-06,Organic Search,25906.38
2025-04-06,Referral,1045.32
2025-04-06,Social,2439.08
2025-04-06,Payment Redirects,0
2025-04-06,Unassigned,5726.59
2025-04-07,Email,23591.77
2025-04-07,SMS,26442.04
2025-04-07,Push,12277.37
2025-04-07,Paid Search,78862
2025-04-07,Affiliates,30447.56
2025-04-07,Display,62.9
2025-04-07,Paid Social,24554.74
2025-04-07,Direct,75756.55
2025-04-07,Organic Search,19966.88
2025-04-07,Referral,898.34
2025-04-07,Social,2096.14
2025-04-07,Payment Redirects,0
2025-04-07,Unassigned,4491.72
2025-04-08,Email,28803.69
2025-04-08,SMS,26150.59
2025-04-08,Push,12554.04
2025-04-08,Paid Search,78549.02
2025-04-08,Affiliates,31088.63
2025-04-08,Display,64.32
2025-04-08,Paid Social,25108.08
2025-04-08,Direct,75351.05
2025-04-08,Organic Search,20371.76
2025-04-08,Referral,918.59
2025-04-08,Social,2143.37
2025-04-08,Payment Redirects,0
2025-04-08,Unassigned,5092.94
2025-04-09,Email,37701.64
2025-04-09,SMS,29539.54
2025-04-09,Push,13291.63
2025-04-09,Paid Search,81046.53
2025-04-09,Affiliates,30797.68
2025-04-09,Display,68.1
2025-04-09,Paid Social,26583.26
2025-04-09,Direct,76601.92
2025-04-09,Organic Search,20451.17
2025-04-09,Referral,972.56
2025-04-09,Social,2269.3
2025-04-09,Payment Redirects,0
2025-04-09,Unassigned,4862.79
2025-04-10,Email,63603.53
2025-04-10,SMS,89330.53
2025-04-10,Push,25386.21
2025-04-10,Paid Search,132501.26
2025-04-10,Affiliates,47870.48
2025-04-10,Display,114.7
2025-04-10,Paid Social,41772.41
2025-04-10,Direct,110015.5
2025-04-10,Organic Search,22760.3
2025-04-10,Referral,1638.02
2025-04-10,Social,3822.04
2025-04-10,Payment Redirects,0
2025-04-10,Unassigned,7190.08
2025-04-11,Email,65368.47
2025-04-11,SMS,82058.67
2025-04-11,Push,25403.86
2025-04-11,Paid Search,148901.59
2025-04-11,Affiliates,56862.61
2025-04-11,Display,130.16
2025-04-11,Paid Social,46807.72
2025-04-11,Direct,143406.75
2025-04-11,Organic Search,35176.38
2025-04-11,Referral,1858.82
2025-04-11,Social,4337.24
2025-04-11,Payment Redirects,0
2025-04-11,Unassigned,9294.1
2025-04-12,Email,79090.06
2025-04-12,SMS,81298.17
2025-04-12,Push,25935.48
2025-04-12,Paid Search,131948.02
2025-04-12,Affiliates,53460.25
2025-04-12,Display,122.63
2025-04-12,Paid Social,41870.95
2025-04-12,Direct,125444.19
2025-04-12,Organic Search,31027.52
2025-04-12,Referral,1751.38
2025-04-12,Social,4086.54
2025-04-12,Payment Redirects,0
2025-04-12,Unassigned,7756.88
2025-04-13,Email,84514.99
2025-04-13,SMS,84709.23
2025-04-13,Push,32072.18
2025-04-13,Paid Search,140379.13
2025-04-13,Affiliates,54094.07
2025-04-13,Display,128.46
2025-04-13,Paid Social,42144.35
2025-04-13,Direct,124495.2
2025-04-13,Organic Search,33690.99
2025-04-13,Referral,1834.55
2025-04-13,Social,4280.62
2025-04-13,Payment Redirects,0
2025-04-13,Unassigned,9172.75
2025-04-14,Email,21685.79
2025-04-14,SMS,24521.4
2025-04-14,Push,10479.79
2025-04-14,Paid Search,87193.82
2025-04-14,Affiliates,33233.65
2025-04-14,Display,69.06
2025-04-14,Paid Social,26959.57
2025-04-14,Direct,87686.29
2025-04-14,Organic Search,26726.52
2025-04-14,Referral,986.33
2025-04-14,Social,2301.43
2025-04-14,Payment Redirects,0
2025-04-14,Unassigned,6931.63
2025-04-15,Email,26211.34
2025-04-15,SMS,29049.2
2025-04-15,Push,10295.4
2025-04-15,Paid Search,86069.53
2025-04-15,Affiliates,33806.42
2025-04-15,Display,68.12
2025-04-15,Paid Social,26590.81
2025-04-15,Direct,81623.66
2025-04-15,Organic Search,22456.69
2025-04-15,Referral,972.83
2025-04-15,Social,2269.95
2025-04-15,Payment Redirects,0
2025-04-15,Unassigned,4864.17
2025-04-16,Email,43554.42
2025-04-16,SMS,39333.78
2025-04-16,Push,18092.24
2025-04-16,Paid Search,115818.52
2025-04-16,Affiliates,44421.04
2025-04-16,Display,92.7
2025-04-16,Paid Social,36184.48
2025-04-16,Direct,106268.63
2025-04-16,Organic Search,26476.45
2025-04-16,Referral,1323.82
2025-04-16,Social,3088.92
2025-04-16,Payment Redirects,0
2025-04-16,Unassigned,6619.11
2025-04-17,Email,42893.95
2025-04-17,SMS,43666.97
2025-04-17,Push,18612.82
2025-04-17,Paid Search,113492.78
2025-04-17,Affiliates,44127.26
2025-04-17,Display,95.36
2025-04-17,Paid Social,37225.63
2025-04-17,Direct,112268.81
2025-04-17,Organic Search,29238.27
2025-04-17,Referral,1361.91
2025-04-17,Social,3177.8
2025-04-17,Payment Redirects,0
2025-04-17,Unassigned,7809.57
2025-04-18,Email,40802.85
2025-04-18,SMS,32590.51
2025-04-18,Push,19411.53
2025-04-18,Paid Search,116167.88
2025-04-18,Affiliates,40343.79
2025-04-18,Display,89.21
2025-04-18,Paid Social,36823.06
2025-04-18,Direct,102345.61
2025-04-18,Organic Search,25480.29
2025-04-18,Referral,1274.01
2025-04-18,Social,2972.7
2025-04-18,Payment Redirects,0
2025-04-18,Unassigned,6370.07
2025-04-19,Email,38084.31
2025-04-19,SMS,37884.86
2025-04-19,Push,19355.04
2025-04-19,Paid Search,101725.86
2025-04-19,Affiliates,37895.83
2025-04-19,Display,83.8
2025-04-19,Paid Social,32710.08
2025-04-19,Direct,97256.87
2025-04-19,Organic Search,23934.21
2025-04-19,Referral,1196.71
2025-04-19,Social,2792.32
2025-04-19,Payment Redirects,0
2025-04-19,Unassigned,5983.55
2025-04-20,Email,32863.8
2025-04-20,SMS,38665.4
2025-04-20,Push,12269.34
2025-04-20,Paid Search,106203.32
2025-04-20,Affiliates,40697.26
2025-04-20,Display,83.36
2025-04-20,Paid Social,32538.69
2025-04-20,Direct,99762.99
2025-04-20,Organic Search,23808.8
2025-04-20,Referral,1190.44
2025-04-20,Social,2777.69
2025-04-20,Payment Redirects,0
2025-04-20,Unassigned,5952.2
2025-04-21,Email,50237.6
2025-04-21,SMS,45999.5
2025-04-21,Push,17523.62
2025-04-21,Paid Search,119046.44
2025-04-21,Affiliates,46237.65
2025-04-21,Display,100.03
2025-04-21,Paid Social,38047.23
2025-04-21,Direct,117517.9
2025-04-21,Organic Search,28571.14
2025-04-21,Referral,1428.56
2025-04-21,Social,3333.3
2025-04-21,Payment Redirects,0
2025-04-21,Unassigned,8142.79
2025-04-22,Email,40179.97
2025-04-22,SMS,36989.54
2025-04-22,Push,14614.96
2025-04-22,Paid Search,95213.2
2025-04-22,Affiliates,36181.02
2025-04-22,Display,80
2025-04-22,Paid Social,29229.93
2025-04-22,Direct,95991.68
2025-04-22,Organic Search,22851.17
2025-04-22,Referral,1142.56
2025-04-22,Social,2665.97
2025-04-22,Payment Redirects,0
2025-04-22,Unassigned,5712.79
2025-04-23,Email,48195.89
2025-04-23,SMS,47967.47
2025-04-23,Push,20730.16
2025-04-23,Paid Search,112208.27
2025-04-23,Affiliates,43399.14
2025-04-23,Display,95.97
2025-04-23,Paid Social,37460.31
2025-04-23,Direct,107945.06
2025-04-23,Organic Search,27409.98
2025-04-23,Referral,1370.5
2025-04-23,Social,3197.83
2025-04-23,Payment Redirects,0
2025-04-23,Unassigned,6852.5
2025-04-24,Email,40567.39
2025-04-24,SMS,31394.09
2025-04-24,Push,14211.03
2025-04-24,Paid Search,88652.59
2025-04-24,Affiliates,32927.99
2025-04-24,Display,72.81
2025-04-24,Paid Social,28422.05
2025-04-24,Direct,81900.54
2025-04-24,Organic Search,20796.62
2025-04-24,Referral,1039.83
2025-04-24,Social,2426.27
2025-04-24,Payment Redirects,0
2025-04-24,Unassigned,4199.16
2025-04-25,Email,35196.11
2025-04-25,SMS,30029.31
2025-04-25,Push,13678.11
2025-04-25,Paid Search,84403.11
2025-04-25,Affiliates,31693.18
2025-04-25,Display,70.08
2025-04-25,Paid Social,27356.22
2025-04-25,Direct,81829.26
2025-04-25,Organic Search,21016.75
2025-04-25,Referral,1000.84
2025-04-25,Social,2335.29
2025-04-25,Payment Redirects,0
2025-04-25,Unassigned,5004.19
2025-04-26,Email,33929.27
2025-04-26,SMS,28768.47
2025-04-26,Push,13185.78
2025-04-26,Paid Search,81401.11
2025-04-26,Affiliates,30552.42
2025-04-26,Display,67.56
2025-04-26,Paid Social,26371.56
2025-04-26,Direct,78991.89
2025-04-26,Organic Search,20296.27
2025-04-26,Referral,964.81
2025-04-26,Social,2251.23
2025-04-26,Payment Redirects,0
2025-04-26,Unassigned,4824.07
2025-04-27,Email,40908.37
2025-04-27,SMS,36733.45
2025-04-27,Push,14343.54
2025-04-27,Paid Search,87460.6
2025-04-27,Affiliates,31235.03
2025-04-27,Display,73.49
2025-04-27,Paid Social,31687.08
2025-04-27,Direct,77664.24
2025-04-27,Organic Search,20990.54
2025-04-27,Referral,1049.53
2025-04-27,Social,2448.9
2025-04-27,Payment Redirects,0
2025-04-27,Unassigned,5247.64
2025-04-28,Email,38409.78
2025-04-28,SMS,36246.7
2025-04-28,Push,11372.52
2025-04-28,Paid Search,80539.77
2025-04-28,Affiliates,30985.11
2025-04-28,Display,68.51
2025-04-28,Paid Social,25745.04
2025-04-28,Direct,75068.11
2025-04-28,Organic Search,19569.55
2025-04-28,Referral,978.48
2025-04-28,Social,2283.11
2025-04-28,Payment Redirects,0
2025-04-28,Unassigned,4892.39
2025-04-29,Email,36354.74
2025-04-29,SMS,34191.93
2025-04-29,Push,13351.13
2025-04-29,Paid Search,80764.35
2025-04-29,Affiliates,30876.55
2025-04-29,Display,68.41
2025-04-29,Paid Social,29263.27
2025-04-29,Direct,73087.84
2025-04-29,Organic Search,19538.24
2025-04-29,Referral,976.91
2025-04-29,Social,2279.46
2025-04-29,Payment Redirects,0
2025-04-29,Unassigned,4884.56
2025-04-30,Email,36748.4
2025-04-30,SMS,34583.71
2025-04-30,Push,13504.12
2025-04-30,Paid Search,84342.17
2025-04-30,Affiliates,29290.02
2025-04-30,Display,69.19
2025-04-30,Paid Social,31008.23
2025-04-30,Direct,72826.5
2025-04-30,Organic Search,18762.12
2025-04-30,Referral,988.11
2025-04-30,Social,2305.58
2025-04-30,Payment Redirects,0
2025-04-30,Unassigned,4940.53
2025-05-01,Email,35506.42
2025-05-01,SMS,32342.88
2025-05-01,Push,12410.08
2025-05-01,Paid Search,80768.76
2025-05-01,Affiliates,31072.13
2025-05-01,Display,68.71
2025-05-01,Paid Social,29820.15
2025-05-01,Direct,77284.54
2025-05-01,Organic Search,19624.5
2025-05-01,Referral,981.23
2025-05-01,Social,2289.53
2025-05-01,Payment Redirects,0
2025-05-01,Unassigned,4906.13
2025-05-02,Email,35542.86
2025-05-02,SMS,27379.15
2025-05-02,Push,12424.24
2025-05-02,Paid Search,80855.12
2025-05-02,Affiliates,31104.95
2025-05-02,Display,68.78
2025-05-02,Paid Social,36848.48
2025-05-02,Direct,75366.16
2025-05-02,Organic Search,19645.23
2025-05-02,Referral,982.26
2025-05-02,Social,2291.94
2025-05-02,Payment Redirects,0
2025-05-02,Unassigned,4911.31
2025-05-03,Email,34559.36
2025-05-03,SMS,33400.31
2025-05-03,Push,13042.03
2025-05-03,Paid Search,77524.56
2025-05-03,Affiliates,30219.33
2025-05-03,Display,66.82
2025-05-03,Paid Social,27084.06
2025-05-03,Direct,75163.41
2025-05-03,Organic Search,19085.89
2025-05-03,Referral,954.29
2025-05-03,Social,2226.69
2025-05-03,Payment Redirects,0
2025-05-03,Unassigned,4771.47
2025-05-04,Email,30023.44
2025-05-04,SMS,31618.39
2025-05-04,Push,12343.12
2025-05-04,Paid Search,84549.06
2025-05-04,Affiliates,28982.66
2025-05-04,Display,40.36
2025-05-04,Paid Social,31642.12
2025-05-04,Direct,83389.1
2025-05-04,Organic Search,21014.05
2025-05-04,Referral,667.11
2025-05-04,Social,2291.23
2025-05-04,Payment Redirects,0
2025-05-04,Unassigned,6995.82
2025-05-05,Email,31609.67
2025-05-05,SMS,28536.51
2025-05-05,Push,11140.02
2025-05-05,Paid Search,75405.45
2025-05-05,Affiliates,25255.16
2025-05-05,Display,36.1
2025-05-05,Paid Social,27655.4
2025-05-05,Direct,75261.08
2025-05-05,Organic Search,18965.79
2025-05-05,Referral,602.09
2025-05-05,Social,2067.9
2025-05-05,Payment Redirects,0
2025-05-05,Unassigned,4508.87
2025-05-06,Email,31240.61
2025-05-06,SMS,28203.34
2025-05-06,Push,11009.96
2025-05-06,Paid Search,74525.06
2025-05-06,Affiliates,24960.29
2025-05-06,Display,35.75
2025-05-06,Paid Social,27332.51
2025-05-06,Direct,74382.38
2025-05-06,Organic Search,18744.36
2025-05-06,Referral,595.06
2025-05-06,Social,2043.75
2025-05-06,Payment Redirects,0
2025-05-06,Unassigned,4456.22
2025-05-07,Email,54825.84
2025-05-07,SMS,49495.57
2025-05-07,Push,19321.97
2025-05-07,Paid Search,130788.06
2025-05-07,Affiliates,43804.17
2025-05-07,Display,59.22
2025-05-07,Paid Social,47967.31
2025-05-07,Direct,130537.67
2025-05-07,Organic Search,32895.49
2025-05-07,Referral,1044.3
2025-05-07,Social,3586.69
2025-05-07,Payment Redirects,0
2025-05-07,Unassigned,7820.47
2025-05-08,Email,60174.84
2025-05-08,SMS,49810.64
2025-05-08,Push,19444.96
2025-05-08,Paid Search,130620.6
2025-05-08,Affiliates,43083.01
2025-05-08,Display,64.55
2025-05-08,Paid Social,47272.65
2025-05-08,Direct,131368.62
2025-05-08,Organic Search,33104.89
2025-05-08,Referral,1050.95
2025-05-08,Social,3609.53
2025-05-08,Payment Redirects,0
2025-05-08,Unassigned,5870.25
2025-05-09,Email,51941.31
2025-05-09,SMS,44634.53
2025-05-09,Push,17424.33
2025-05-09,Paid Search,117943.16
2025-05-09,Affiliates,39502.1
2025-05-09,Display,57.09
2025-05-09,Paid Social,42256.37
2025-05-09,Direct,116717.36
2025-05-09,Organic Search,29164.77
2025-05-09,Referral,941.74
2025-05-09,Social,3234.44
2025-05-09,Payment Redirects,0
2025-05-09,Unassigned,7052.41
2025-05-10,Email,33213.89
2025-05-10,SMS,29984.77
2025-05-10,Push,11705.39
2025-05-10,Paid Search,79232.34
2025-05-10,Affiliates,26536.88
2025-05-10,Display,42.63
2025-05-10,Paid Social,29058.94
2025-05-10,Direct,79080.65
2025-05-10,Organic Search,19928.32
2025-05-10,Referral,632.65
2025-05-10,Social,2172.84
2025-05-10,Payment Redirects,0
2025-05-10,Unassigned,4737.7
2025-05-11,Email,34704.15
2025-05-11,SMS,31330.15
2025-05-11,Push,12230.59
2025-05-11,Paid Search,82787.4
2025-05-11,Affiliates,27731.7
2025-05-11,Display,36.05
2025-05-11,Paid Social,30362.78
2025-05-11,Direct,82628.9
2025-05-11,Organic Search,20822.48
2025-05-11,Referral,661.03
2025-05-11,Social,2270.34
2025-05-11,Payment Redirects,0
2025-05-11,Unassigned,4950.27
2025-05-12,Email,32379.38
2025-05-12,SMS,29231.4
2025-05-12,Push,11411.29
2025-05-12,Paid Search,77241.62
2025-05-12,Affiliates,25874
2025-05-12,Display,33.84
2025-05-12,Paid Social,28328.83
2025-05-12,Direct,77093.74
2025-05-12,Organic Search,19427.62
2025-05-12,Referral,616.75
2025-05-12,Social,2118.25
2025-05-12,Payment Redirects,0
2025-05-12,Unassigned,4618.66
2025-05-13,Email,34410.96
2025-05-13,SMS,31065.46
2025-05-13,Push,12127.26
2025-05-13,Paid Search,82087.97
2025-05-13,Affiliates,27497.41
2025-05-13,Display,35.77
2025-05-13,Paid Social,30106.26
2025-05-13,Direct,81930.82
2025-05-13,Organic Search,20646.57
2025-05-13,Referral,655.45
2025-05-13,Social,2251.16
2025-05-13,Payment Redirects,0
2025-05-13,Unassigned,4908.45
2025-05-14,Email,40793.83
2025-05-14,SMS,34570.83
2025-05-14,Push,13495.68
2025-05-14,Paid Search,88850.63
2025-05-14,Affiliates,30600.17
2025-05-14,Display,39.47
2025-05-14,Paid Social,33503.4
2025-05-14,Direct,91175.74
2025-05-14,Organic Search,22976.29
2025-05-14,Referral,729.41
2025-05-14,Social,2505.17
2025-05-14,Payment Redirects,0
2025-05-14,Unassigned,5462.31
2025-05-15,Email,37525.76
2025-05-15,SMS,33877.43
2025-05-15,Push,13225
2025-05-15,Paid Search,89518.39
2025-05-15,Affiliates,29986.41
2025-05-15,Display,38.74
2025-05-15,Paid Social,32831.41
2025-05-15,Direct,89347.01
2025-05-15,Organic Search,22515.45
2025-05-15,Referral,714.78
2025-05-15,Social,2454.93
2025-05-15,Payment Redirects,0
2025-05-15,Unassigned,5352.75
2025-05-16,Email,33344.7
2025-05-16,SMS,30102.86
2025-05-16,Push,11751.49
2025-05-16,Paid Search,79544.4
2025-05-16,Affiliates,26645.38
2025-05-16,Display,34.76
2025-05-16,Paid Social,29173.39
2025-05-16,Direct,79392.11
2025-05-16,Organic Search,20006.81
2025-05-16,Referral,635.14
2025-05-16,Social,2181.4
2025-05-16,Payment Redirects,0
2025-05-16,Unassigned,4756.36
2025-05-17,Email,31766.88
2025-05-17,SMS,28678.44
2025-05-17,Push,11195.42
2025-05-17,Paid Search,75780.47
2025-05-17,Affiliates,25384.56
2025-05-17,Display,33.25
2025-05-17,Paid Social,27792.95
2025-05-17,Direct,75635.39
2025-05-17,Organic Search,19060.12
2025-05-17,Referral,605.08
2025-05-17,Social,2078.18
2025-05-17,Payment Redirects,0
2025-05-17,Unassigned,4531.29
2025-05-18,Email,33862.06
2025-05-18,SMS,30569.92
2025-05-18,Push,11933.82
2025-05-18,Paid Search,80778.56
2025-05-18,Affiliates,27035.74
2025-05-18,Display,59.25
2025-05-18,Paid Social,29626.03
2025-05-18,Direct,80623.91
2025-05-18,Organic Search,20317.23
2025-05-18,Referral,644.99
2025-05-18,Social,2215.25
2025-05-18,Payment Redirects,0
2025-05-18,Unassigned,4830.15
2025-05-19,Email,31170.09
2025-05-19,SMS,28139.68
2025-05-19,Push,10985.1
2025-05-19,Paid Search,74356.83
2025-05-19,Affiliates,24886.45
2025-05-19,Display,54.69
2025-05-19,Paid Social,27270.82
2025-05-19,Direct,74214.48
2025-05-19,Organic Search,18702.05
2025-05-19,Referral,593.72
2025-05-19,Social,2039.14
2025-05-19,Payment Redirects,0
2025-05-19,Unassigned,4446.17
2025-05-20,Email,33627.17
2025-05-20,SMS,30357.87
2025-05-20,Push,11851.04
2025-05-20,Paid Search,80218.24
2025-05-20,Affiliates,26848.2
2025-05-20,Display,58.03
2025-05-20,Paid Social,29420.52
2025-05-20,Direct,80064.66
2025-05-20,Organic Search,20176.29
2025-05-20,Referral,640.52
2025-05-20,Social,2199.88
2025-05-20,Payment Redirects,0
2025-05-20,Unassigned,4796.65
2025-05-21,Email,46578.72
2025-05-21,SMS,42050.24
2025-05-21,Push,16415.48
2025-05-21,Paid Search,111114.38
2025-05-21,Affiliates,37188.82
2025-05-21,Display,81.36
2025-05-21,Paid Social,40751.87
2025-05-21,Direct,110901.66
2025-05-21,Organic Search,27947.22
2025-05-21,Referral,887.21
2025-05-21,Social,3047.17
2025-05-21,Payment Redirects,0
2025-05-21,Unassigned,6644.08
2025-05-22,Email,46005.69
2025-05-22,SMS,41532.93
2025-05-22,Push,16213.53
2025-05-22,Paid Search,109747.42
2025-05-22,Affiliates,36731.31
2025-05-22,Display,81.81
2025-05-22,Paid Social,40250.53
2025-05-22,Direct,109537.31
2025-05-22,Organic Search,27603.4
2025-05-22,Referral,876.3
2025-05-22,Social,3009.68
2025-05-22,Payment Redirects,0
2025-05-22,Unassigned,6562.35
2025-05-23,Email,52534.08
2025-05-23,SMS,47426.61
2025-05-23,Push,18514.29
2025-05-23,Paid Search,125321.01
2025-05-23,Affiliates,41943.63
2025-05-23,Display,92.03
2025-05-23,Paid Social,45962.24
2025-05-23,Direct,125081.09
2025-05-23,Organic Search,31520.43
2025-05-23,Referral,1000.65
2025-05-23,Social,3436.77
2025-05-23,Payment Redirects,0
2025-05-23,Unassigned,7493.57
2025-05-24,Email,49095.93
2025-05-24,SMS,44322.73
2025-05-24,Push,17302.61
2025-05-24,Paid Search,117119.25
2025-05-24,Affiliates,39198.58
2025-05-24,Display,85.76
2025-05-24,Paid Social,42954.19
2025-05-24,Direct,116895.02
2025-05-24,Organic Search,29457.55
2025-05-24,Referral,935.16
2025-05-24,Social,3211.84
2025-05-24,Payment Redirects,0
2025-05-24,Unassigned,7003.14
2025-05-25,Email,52644.2
2025-05-25,SMS,47526.03
2025-05-25,Push,18553.1
2025-05-25,Paid Search,126583.71
2025-05-25,Affiliates,42562.78
2025-05-25,Display,65.14
2025-05-25,Paid Social,46558.58
2025-05-25,Direct,124343.28
2025-05-25,Organic Search,31586.51
2025-05-25,Referral,1002.75
2025-05-25,Social,3443.97
2025-05-25,Payment Redirects,0
2025-05-25,Unassigned,6504.28
2025-05-26,Email,71455.48
2025-05-26,SMS,62251.49
2025-05-26,Push,24301.6
2025-05-26,Paid Search,162994.56
2025-05-26,Affiliates,55088.97
2025-05-26,Display,83.67
2025-05-26,Paid Social,60329.38
2025-05-26,Direct,163179.64
2025-05-26,Organic Search,41373.27
2025-05-26,Referral,1313.44
2025-05-26,Social,4511.05
2025-05-26,Payment Redirects,0
2025-05-26,Unassigned,9835.95
2025-05-27,Email,39540.52
2025-05-27,SMS,35696.31
2025-05-27,Push,13935.05
2025-05-27,Paid Search,95324.63
2025-05-27,Affiliates,31589.17
2025-05-27,Display,47.66
2025-05-27,Paid Social,34594.13
2025-05-27,Direct,93144.05
2025-05-27,Organic Search,23724.3
2025-05-27,Referral,753.15
2025-05-27,Social,2586.73
2025-05-27,Payment Redirects,0
2025-05-27,Unassigned,5640.14
2025-05-28,Email,44838.56
2025-05-28,SMS,40479.27
2025-05-28,Push,15802.21
2025-05-28,Paid Search,107963.22
2025-05-28,Affiliates,35821.81
2025-05-28,Display,54.7
2025-05-28,Paid Social,39229.41
2025-05-28,Direct,105758.44
2025-05-28,Organic Search,26903.13
2025-05-28,Referral,854.07
2025-05-28,Social,2933.33
2025-05-28,Payment Redirects,0
2025-05-28,Unassigned,6395.86
2025-05-29,Email,23355.39
2025-05-29,SMS,25598.62
2025-05-29,Push,9993.13
2025-05-29,Paid Search,67642.3
2025-05-29,Affiliates,22653.3
2025-05-29,Display,35.01
2025-05-29,Paid Social,24808.22
2025-05-29,Direct,72512.8
2025-05-29,Organic Search,17013.22
2025-05-29,Referral,540.1
2025-05-29,Social,1855
2025-05-29,Payment Redirects,0
2025-05-29,Unassigned,4044.67
2025-05-30,Email,29080.05
2025-05-30,SMS,28509.77
2025-05-30,Push,11129.58
2025-05-30,Paid Search,76334.78
2025-05-30,Affiliates,26229.5
2025-05-30,Display,39.08
2025-05-30,Paid Social,28129.49
2025-05-30,Direct,75190.55
2025-05-30,Organic Search,18948.02
2025-05-30,Referral,601.52
2025-05-30,Social,2065.96
2025-05-30,Payment Redirects,0
2025-05-30,Unassigned,4504.64
2025-05-31,Email,31002.67
2025-05-31,SMS,27988.53
2025-05-31,Push,10926.1
2025-05-31,Paid Search,73957.44
2025-05-31,Affiliates,24768.23
2025-05-31,Display,37.53
2025-05-31,Paid Social,27124.34
2025-05-31,Direct,73815.85
2025-05-31,Organic Search,18601.59
2025-05-31,Referral,590.53
2025-05-31,Social,2028.19
2025-05-31,Payment Redirects,0
2025-05-31,Unassigned,4422.28
