date,platform,sessions,active_users,first_opens
2023-01-29,Android,727,561,76
2023-01-29,iOS,7046,5216,746
2023-01-30,Android,712,544,55
2023-01-30,iOS,6516,4719,525
2023-01-31,Android,706,543,53
2023-01-31,iOS,6300,4638,516
2023-02-01,Android,489,364,68
2023-02-01,iOS,5483,3910,528
2023-02-02,Android,569,426,96
2023-02-02,iOS,5563,4038,573
2023-02-03,Android,778,551,86
2023-02-03,iOS,6669,4758,507
2023-02-04,Android,845,643,108
2023-02-04,iOS,6641,4908,558
2023-02-05,Android,818,615,95
2023-02-05,iOS,6788,4959,630
2023-02-06,Android,761,557,81
2023-02-06,iOS,6425,4578,482
2023-02-07,Android,946,711,225
2023-02-07,iOS,6480,4612,558
2023-02-08,Android,660,495,135
2023-02-08,iOS,5373,3944,543
2023-02-09,Android,625,470,155
2023-02-09,iOS,5530,4086,621
2023-02-10,Android,637,484,170
2023-02-10,iOS,5255,3908,599
2023-02-11,Android,752,579,221
2023-02-11,iOS,5791,4186,664
2023-02-12,Android,947,713,265
2023-02-12,iOS,6377,4627,659
2023-02-13,Android,1026,786,297
2023-02-13,iOS,6308,4484,586
2023-02-14,Android,1003,745,279
2023-02-14,iOS,6261,4505,531
2023-02-15,Android,1026,790,399
2023-02-15,iOS,5666,3988,560
2023-02-16,Android,1099,849,435
2023-02-16,iOS,5802,4141,677
2023-02-17,Android,1191,935,493
2023-02-17,iOS,5872,4240,625
2023-02-18,Android,1249,949,477
2023-02-18,iOS,6033,4476,814
2023-02-19,Android,1286,996,473
2023-02-19,iOS,6216,4656,860
2023-02-20,Android,1326,988,509
2023-02-20,iOS,6009,4454,749
2023-02-21,Android,1222,948,469
2023-02-21,iOS,5924,4233,693
2023-02-22,Android,1582,1216,468
2023-02-22,iOS,7406,5420,756
2023-02-23,Android,1667,1272,475
2023-02-23,iOS,7596,5411,728
2023-02-24,Android,1467,1135,404
2023-02-24,iOS,7471,5302,724
2023-02-25,Android,1498,1103,288
2023-02-25,iOS,7533,5556,775
2023-02-26,Android,1480,1140,339
2023-02-26,iOS,7524,5589,815
2023-02-27,Android,1354,1016,303
2023-02-27,iOS,6870,5100,684
2023-02-28,Android,1361,1034,314
2023-02-28,iOS,6346,4713,567
2023-03-01,Android,1393,1055,299
2023-03-01,iOS,6533,4864,627
2023-03-02,Android,1122,873,324
2023-03-02,iOS,5693,4132,648
2023-03-03,Android,1131,865,316
2023-03-03,iOS,5618,4152,638
2023-03-04,Android,1150,861,310
2023-03-04,iOS,5868,4297,721
2023-03-05,Android,1148,898,328
2023-03-05,iOS,6252,4529,770
2023-03-06,Android,1068,818,305
2023-03-06,iOS,5436,4099,634
2023-03-07,Android,1056,767,286
2023-03-07,iOS,5278,3947,664
2023-03-08,Android,1069,799,297
2023-03-08,iOS,5900,4229,718
2023-03-09,Android,1052,789,282
2023-03-09,iOS,5625,4149,681
2023-03-10,Android,1196,842,283
2023-03-10,iOS,5590,4076,662
2023-03-11,Android,1212,864,341
2023-03-11,iOS,5637,4380,751
2023-03-12,Android,1157,846,315
2023-03-12,iOS,5825,4306,818
2023-03-13,Android,1157,817,299
2023-03-13,iOS,5428,4113,754
2023-03-14,Android,1124,839,334
2023-03-14,iOS,5469,4039,683
2023-03-15,Android,1170,851,319
2023-03-15,iOS,5217,3919,648
2023-03-16,Android,1609,1185,271
2023-03-16,iOS,6382,4818,575
2023-03-17,Android,1344,1008,215
2023-03-17,iOS,6133,4614,546
2023-03-18,Android,1350,1055,243
2023-03-18,iOS,6292,4816,652
2023-03-19,Android,1300,1000,232
2023-03-19,iOS,6747,5196,756
2023-03-20,Android,956,750,259
2023-03-20,iOS,4994,3872,618
2023-03-21,Android,1298,1007,211
2023-03-21,iOS,6153,4734,640
2023-03-22,Android,1306,1005,238
2023-03-22,iOS,6107,4681,645
2023-03-23,Android,1537,1179,263
2023-03-23,iOS,7705,5797,618
2023-03-24,Android,1318,1020,266
2023-03-24,iOS,6515,4947,668
2023-03-25,Android,1320,1026,223
2023-03-25,iOS,6655,5120,756
2023-03-26,Android,1337,1025,189
2023-03-26,iOS,7087,5444,869
2023-03-27,Android,1213,924,194
2023-03-27,iOS,6203,4808,731
2023-03-28,Android,1192,938,178
2023-03-28,iOS,6382,4908,701
2023-03-29,Android,1176,890,159
2023-03-29,iOS,6065,4624,671
2023-03-30,Android,1077,834,158
2023-03-30,iOS,6018,4552,677
2023-03-31,Android,1162,852,163
2023-03-31,iOS,6411,4688,694
2023-04-01,Android,1208,924,178
2023-04-01,iOS,6796,4956,804
2023-04-02,Android,1127,872,170
2023-04-02,iOS,6684,5001,832
2023-04-03,Android,1176,923,195
2023-04-03,iOS,6828,5105,729
2023-04-04,Android,1065,819,164
2023-04-04,iOS,6247,4734,626
2023-04-05,Android,1147,857,219
2023-04-05,iOS,6373,4724,663
2023-04-06,Android,1284,968,201
2023-04-06,iOS,6509,4891,605
2023-04-07,Android,1275,954,236
2023-04-07,iOS,6545,4760,610
2023-04-08,Android,1159,911,246
2023-04-08,iOS,5958,4404,621
2023-04-09,Android,1068,813,209
2023-04-09,iOS,5723,4231,619
2023-04-10,Android,1168,894,176
2023-04-10,iOS,6362,4656,633
2023-04-11,Android,1068,804,172
2023-04-11,iOS,5891,4389,608
2023-04-12,Android,1110,853,168
2023-04-12,iOS,5810,4196,567
2023-04-13,Android,1110,863,162
2023-04-13,iOS,5369,4033,608
2023-04-14,Android,1155,878,142
2023-04-14,iOS,6073,4707,555
2023-04-15,Android,1109,870,172
2023-04-15,iOS,5943,4599,664
2023-04-16,Android,1155,857,197
2023-04-16,iOS,6542,4875,771
2023-04-17,Android,1085,817,174
2023-04-17,iOS,6077,4718,805
2023-04-18,Android,1040,794,155
2023-04-18,iOS,6342,4699,675
2023-04-19,Android,1057,809,160
2023-04-19,iOS,5992,4535,811
2023-04-20,Android,988,742,112
2023-04-20,iOS,6915,5129,713
2023-04-21,Android,1069,800,136
2023-04-21,iOS,6377,4859,665
2023-04-22,Android,1133,910,196
2023-04-22,iOS,6030,4699,759
2023-04-23,Android,1139,883,235
2023-04-23,iOS,5705,4350,844
2023-04-24,Android,1054,786,168
2023-04-24,iOS,5565,4112,692
2023-04-25,Android,800,612,132
2023-04-25,iOS,5289,3869,637
2023-04-26,Android,719,569,110
2023-04-26,iOS,5070,3851,648
2023-04-27,Android,957,745,131
2023-04-27,iOS,5204,3963,676
2023-04-28,Android,921,730,144
2023-04-28,iOS,5325,4052,736
2023-04-29,Android,994,773,136
2023-04-29,iOS,5512,4287,837
2023-04-30,Android,834,636,156
2023-04-30,iOS,5835,4433,787
2023-05-01,Android,782,589,155
2023-05-01,iOS,5221,3889,638
2023-05-02,Android,1095,874,200
2023-05-02,iOS,4821,3653,545
2023-05-03,Android,1139,863,221
2023-05-03,iOS,4652,3575,602
2023-05-04,Android,1241,962,236
2023-05-04,iOS,5085,3894,634
2023-05-05,Android,1201,925,198
2023-05-05,iOS,5124,3841,589
2023-05-06,Android,1255,986,267
2023-05-06,iOS,5187,3969,641
2023-05-07,Android,1332,1031,306
2023-05-07,iOS,5380,4068,730
2023-05-08,Android,1211,923,219
2023-05-08,iOS,4900,3691,609
2023-05-09,Android,1006,799,220
2023-05-09,iOS,4690,3618,557
2023-05-10,Android,1116,876,271
2023-05-10,iOS,4691,3646,539
2023-05-11,Android,1075,866,261
2023-05-11,iOS,4580,3620,561
2023-05-12,Android,1074,842,207
2023-05-12,iOS,4681,3625,565
2023-05-13,Android,1042,815,182
2023-05-13,iOS,5016,3771,652
2023-05-14,Android,1047,821,213
2023-05-14,iOS,5264,3997,705
2023-05-15,Android,1005,792,167
2023-05-15,iOS,4987,3817,675
2023-05-16,Android,1055,846,271
2023-05-16,iOS,4722,3607,560
2023-05-17,Android,1185,944,324
2023-05-17,iOS,4818,3692,537
2023-05-18,Android,1157,929,327
2023-05-18,iOS,4939,3676,583
2023-05-19,Android,1253,980,365
2023-05-19,iOS,4935,3694,592
2023-05-20,Android,1235,986,341
2023-05-20,iOS,5104,3889,649
2023-05-21,Android,1271,987,349
2023-05-21,iOS,5381,4047,691
2023-05-22,Android,1395,1090,416
2023-05-22,iOS,5136,3785,624
2023-05-23,Android,1333,1037,387
2023-05-23,iOS,4744,3710,611
2023-05-24,Android,1403,1093,382
2023-05-24,iOS,4991,3822,616
2023-05-25,Android,1369,1087,374
2023-05-25,iOS,5755,4350,676
2023-05-26,Android,1428,1099,391
2023-05-26,iOS,5710,4254,673
2023-05-27,Android,1422,1082,372
2023-05-27,iOS,5731,4400,733
2023-05-28,Android,1249,924,253
2023-05-28,iOS,5725,4228,743
2023-05-29,Android,1174,924,253
2023-05-29,iOS,6023,4526,798
2023-05-30,Android,1059,795,213
2023-05-30,iOS,5465,4114,606
2023-05-31,Android,1281,986,237
2023-05-31,iOS,5429,4215,674
2023-06-01,Android,1207,939,212
2023-06-01,iOS,5256,4039,629
2023-06-02,Android,1133,865,188
2023-06-02,iOS,5182,3936,565
2023-06-03,Android,1073,848,209
2023-06-03,iOS,5039,3920,626
2023-06-04,Android,1093,888,229
2023-06-04,iOS,5175,4101,722
2023-06-05,Android,1101,861,213
2023-06-05,iOS,5434,4183,663
2023-06-06,Android,1120,841,186
2023-06-06,iOS,5327,4104,630
2023-06-07,Android,1004,765,201
2023-06-07,iOS,5393,4181,715
2023-06-08,Android,1048,810,138
2023-06-08,iOS,5278,4056,628
2023-06-09,Android,1070,835,147
2023-06-09,iOS,5040,3869,603
2023-06-10,Android,1101,874,213
2023-06-10,iOS,5239,3886,617
2023-06-11,Android,1131,897,283
2023-06-11,iOS,5446,4225,748
2023-06-12,Android,1033,826,209
2023-06-12,iOS,5294,4120,711
2023-06-13,Android,1107,874,226
2023-06-13,iOS,5457,4216,783
2023-06-14,Android,1108,867,212
2023-06-14,iOS,5509,4093,757
2023-06-15,Android,1040,795,135
2023-06-15,iOS,5492,4109,719
2023-06-16,Android,1028,772,125
2023-06-16,iOS,5227,3963,668
2023-06-17,Android,998,754,112
2023-06-17,iOS,5647,4220,680
2023-06-18,Android,1008,763,165
2023-06-18,iOS,5916,4348,754
2023-06-19,Android,926,701,130
2023-06-19,iOS,5231,4063,659
2023-06-20,Android,1030,780,171
2023-06-20,iOS,5279,4021,679
2023-06-21,Android,954,763,199
2023-06-21,iOS,5123,3907,625
2023-06-22,Android,860,665,172
2023-06-22,iOS,4937,3853,530
2023-06-23,Android,906,687,170
2023-06-23,iOS,5030,3869,565
2023-06-24,Android,860,644,164
2023-06-24,iOS,4972,3919,547
2023-06-25,Android,860,660,172
2023-06-25,iOS,5188,3925,621
2023-06-26,Android,980,749,168
2023-06-26,iOS,5404,4102,682
2023-06-27,Android,1014,779,146
2023-06-27,iOS,5856,4317,660
2023-06-28,Android,1086,816,138
2023-06-28,iOS,5901,4311,651
2023-06-29,Android,989,754,130
2023-06-29,iOS,5978,4478,732
2023-06-30,Android,1081,843,182
2023-06-30,iOS,5958,4454,659
2023-07-01,Android,1042,816,197
2023-07-01,iOS,5960,4435,703
2023-07-02,Android,1140,915,262
2023-07-02,iOS,6177,4656,764
2023-07-03,Android,1050,807,268
2023-07-03,iOS,6238,4590,721
2023-07-04,Android,1100,819,186
2023-07-04,iOS,5837,4313,650
2023-07-05,Android,995,753,198
2023-07-05,iOS,6221,4604,808
2023-07-06,Android,1082,868,213
2023-07-06,iOS,6292,4606,730
2023-07-07,Android,1034,815,190
2023-07-07,iOS,5970,4498,746
2023-07-08,Android,1053,833,208
2023-07-08,iOS,5866,4539,779
2023-07-09,Android,1067,840,206
2023-07-09,iOS,6183,4802,899
2023-07-10,Android,1044,819,202
2023-07-10,iOS,6265,4799,850
2023-07-11,Android,1134,878,219
2023-07-11,iOS,6816,5049,917
2023-07-12,Android,1154,862,226
2023-07-12,iOS,6936,4983,914
2023-07-13,Android,983,751,212
2023-07-13,iOS,7545,5398,991
2023-07-14,Android,1018,771,216
2023-07-14,iOS,7640,5399,980
2023-07-15,Android,927,722,208
2023-07-15,iOS,7718,5501,968
2023-07-16,Android,1015,780,260
2023-07-16,iOS,8104,5912,1140
2023-07-17,Android,1025,757,254
2023-07-17,iOS,8561,5988,1090
2023-07-18,Android,1186,925,248
2023-07-18,iOS,8192,5896,1091
2023-07-19,Android,1218,920,220
2023-07-19,iOS,8812,6119,1132
2023-07-20,Android,1131,838,219
2023-07-20,iOS,8456,6022,1014
2023-07-21,Android,1127,886,243
2023-07-21,iOS,8105,5832,988
2023-07-22,Android,1081,816,197
2023-07-22,iOS,7843,5792,906
2023-07-23,Android,1129,868,239
2023-07-23,iOS,8253,6110,1014
2023-07-24,Android,1222,923,246
2023-07-24,iOS,8705,6237,1087
2023-07-25,Android,1192,931,247
2023-07-25,iOS,8480,6113,973
2023-07-26,Android,1001,758,212
2023-07-26,iOS,8327,6256,1067
2023-07-27,Android,1095,805,230
2023-07-27,iOS,9032,6598,1078
2023-07-28,Android,1029,750,157
2023-07-28,iOS,8699,6297,987
2023-07-29,Android,1012,764,166
2023-07-29,iOS,8523,6244,1001
2023-07-30,Android,956,712,155
2023-07-30,iOS,9069,6760,1142
2023-07-31,Android,1019,748,177
2023-07-31,iOS,8923,6586,1068
2023-08-01,Android,1002,704,160
2023-08-01,iOS,8798,6502,1088
2023-08-02,Android,969,719,158
2023-08-02,iOS,8688,6303,1077
2023-08-03,Android,1060,793,176
2023-08-03,iOS,8903,6605,1108
2023-08-04,Android,1039,779,209
2023-08-04,iOS,8723,6243,984
2023-08-05,Android,1000,776,213
2023-08-05,iOS,8783,6339,995
2023-08-06,Android,1039,800,222
2023-08-06,iOS,8793,6464,1044
2023-08-07,Android,926,735,175
2023-08-07,iOS,8606,6365,1022
2023-08-08,Android,968,753,212
2023-08-08,iOS,8455,6270,1017
2023-08-09,Android,950,709,181
2023-08-09,iOS,8352,6203,921
2023-08-10,Android,1120,875,200
2023-08-10,iOS,8234,6050,953
2023-08-11,Android,1052,831,189
2023-08-11,iOS,8094,5985,977
2023-08-12,Android,1199,917,212
2023-08-12,iOS,8283,6058,976
2023-08-13,Android,1050,810,248
2023-08-13,iOS,8251,6215,999
2023-08-14,Android,1206,948,225
2023-08-14,iOS,8346,6175,1011
2023-08-15,Android,1223,913,191
2023-08-15,iOS,8802,6390,1049
2023-08-16,Android,1075,780,198
2023-08-16,iOS,8612,6146,894
2023-08-17,Android,1244,959,191
2023-08-17,iOS,8149,5951,821
2023-08-18,Android,1064,804,187
2023-08-18,iOS,7623,5679,770
2023-08-19,Android,1245,953,192
2023-08-19,iOS,7889,5973,909
2023-08-20,Android,1101,839,221
2023-08-20,iOS,8303,6384,1042
2023-08-21,Android,1061,803,223
2023-08-21,iOS,7772,5787,856
2023-08-22,Android,1147,908,200
2023-08-22,iOS,7245,5498,827
2023-08-23,Android,1097,822,197
2023-08-23,iOS,7386,5480,809
2023-08-24,Android,1337,1052,217
2023-08-24,iOS,7343,5537,813
2023-08-25,Android,1299,1028,305
2023-08-25,iOS,7422,5418,868
2023-08-26,Android,1413,1125,349
2023-08-26,iOS,7772,5902,961
2023-08-27,Android,1252,948,281
2023-08-27,iOS,7531,5805,904
2023-08-28,Android,1201,938,203
2023-08-28,iOS,7199,5342,748
2023-08-29,Android,1315,976,194
2023-08-29,iOS,7498,5570,780
2023-08-30,Android,1198,907,183
2023-08-30,iOS,7593,5578,761
2023-08-31,Android,1097,826,164
2023-08-31,iOS,7480,5632,776
2023-09-01,Android,1283,983,175
2023-09-01,iOS,7739,5745,844
2023-09-02,Android,1140,852,172
2023-09-02,iOS,8250,6072,909
2023-09-03,Android,1103,832,192
2023-09-03,iOS,8660,6356,948
2023-09-04,Android,1287,978,192
2023-09-04,iOS,9021,6510,1027
2023-09-05,Android,1236,939,168
2023-09-05,iOS,7645,5592,775
2023-09-06,Android,1156,896,161
2023-09-06,iOS,7489,5693,814
2023-09-07,Android,1262,968,191
2023-09-07,iOS,7159,5539,709
2023-09-08,Android,1080,835,189
2023-09-08,iOS,7161,5303,779
2023-09-09,Android,1089,832,200
2023-09-09,iOS,7742,5887,935
2023-09-10,Android,973,768,181
2023-09-10,iOS,7548,5985,907
2023-09-11,Android,1062,857,160
2023-09-11,iOS,8578,6688,780
2023-09-12,Android,1071,855,154
2023-09-12,iOS,8909,6927,734
2023-09-13,Android,1257,967,161
2023-09-13,iOS,10817,8133,781
2023-09-14,Android,995,780,134
2023-09-14,iOS,7299,5578,752
2023-09-15,Android,1113,866,150
2023-09-15,iOS,8606,6584,754
2023-09-16,Android,1024,785,181
2023-09-16,iOS,7433,5775,877
2023-09-17,Android,1053,797,193
2023-09-17,iOS,8010,6155,943
2023-09-18,Android,1201,952,171
2023-09-18,iOS,10265,7723,880
2023-09-19,Android,1215,924,197
2023-09-19,iOS,9981,7484,817
2023-09-20,Android,1281,962,189
2023-09-20,iOS,10076,7491,880
2023-09-21,Android,1089,819,160
2023-09-21,iOS,7759,5838,788
2023-09-22,Android,1239,945,181
2023-09-22,iOS,8613,6306,729
2023-09-23,Android,1073,812,168
2023-09-23,iOS,7944,6090,897
2023-09-24,Android,1080,859,191
2023-09-24,iOS,8397,6331,940
2023-09-25,Android,990,740,135
2023-09-25,iOS,7730,5797,872
2023-09-26,Android,1166,890,147
2023-09-26,iOS,9625,6987,898
2023-09-27,Android,1187,884,161
2023-09-27,iOS,9721,7096,998
2023-09-28,Android,1194,897,184
2023-09-28,iOS,9501,7182,903
2023-09-29,Android,1069,794,152
2023-09-29,iOS,8092,6052,851
2023-09-30,Android,997,777,169
2023-09-30,iOS,8556,6434,996
2023-10-01,Android,1046,789,179
2023-10-01,iOS,8597,6455,1034
2023-10-02,Android,1104,871,148
2023-10-02,iOS,9300,6915,867
2023-10-03,Android,1141,880,143
2023-10-03,iOS,9392,7262,891
2023-10-04,Android,1109,862,165
2023-10-04,iOS,9142,7027,889
2023-10-05,Android,1167,879,163
2023-10-05,iOS,9265,6939,934
2023-10-06,Android,1143,907,212
2023-10-06,iOS,9054,6913,847
2023-10-07,Android,1056,827,185
2023-10-07,iOS,8547,6610,1035
2023-10-08,Android,1125,873,253
2023-10-08,iOS,8859,6830,1160
2023-10-09,Android,1202,955,239
2023-10-09,iOS,9691,7543,1133
2023-10-10,Android,1130,909,209
2023-10-10,iOS,9289,7182,1005
2023-10-11,Android,1141,891,196
2023-10-11,iOS,9662,7196,1067
2023-10-12,Android,1077,848,206
2023-10-12,iOS,8456,6306,931
2023-10-13,Android,1315,999,237
2023-10-13,iOS,10212,7871,1011
2023-10-14,Android,1198,902,248
2023-10-14,iOS,9268,6881,1173
2023-10-15,Android,1111,871,233
2023-10-15,iOS,9744,7302,1255
2023-10-16,Android,1112,852,220
2023-10-16,iOS,9026,6818,1186
2023-10-17,Android,1330,1013,253
2023-10-17,iOS,9809,7448,1124
2023-10-18,Android,1267,981,225
2023-10-18,iOS,10031,7667,1152
2023-10-19,Android,1345,1040,236
2023-10-19,iOS,10317,7718,1132
2023-10-20,Android,1130,867,224
2023-10-20,iOS,9022,6658,1072
2023-10-21,Android,1252,963,279
2023-10-21,iOS,9479,7050,1195
2023-10-22,Android,1264,959,294
2023-10-22,iOS,10262,7886,1445
2023-10-23,Android,1412,1081,244
2023-10-23,iOS,10654,8011,1201
2023-10-24,Android,1439,1076,238
2023-10-24,iOS,10553,7712,1106
2023-10-25,Android,1458,1132,236
2023-10-25,iOS,11304,8464,1404
2023-10-26,Android,1455,1077,251
2023-10-26,iOS,11133,8211,1195
2023-10-27,Android,1457,1066,211
2023-10-27,iOS,10825,7889,1122
2023-10-28,Android,1296,936,215
2023-10-28,iOS,9439,7090,1080
2023-10-29,Android,1311,1008,278
2023-10-29,iOS,10369,8017,1412
2023-10-30,Android,1485,1121,232
2023-10-30,iOS,11509,8703,1267
2023-10-31,Android,1137,888,201
2023-10-31,iOS,8552,6470,985
2023-11-01,Android,1700,1283,200
2023-11-01,iOS,14299,10700,1343
2023-11-02,Android,1465,1090,226
2023-11-02,iOS,12369,9078,1443
2023-11-03,Android,1508,1126,188
2023-11-03,iOS,12161,8772,1340
2023-11-04,Android,1650,1254,243
2023-11-04,iOS,15220,11225,1901
2023-11-05,Android,1473,1147,235
2023-11-05,iOS,13964,10482,1910
2023-11-06,Android,1201,911,189
2023-11-06,iOS,11254,8521,1368
2023-11-07,Android,1229,952,198
2023-11-07,iOS,11081,8457,1503
2023-11-08,Android,1416,1088,208
2023-11-08,iOS,13885,10279,1571
2023-11-09,Android,1690,1278,181
2023-11-09,iOS,13786,10113,1435
2023-11-10,Android,1414,1046,190
2023-11-10,iOS,13138,9784,1662
2023-11-11,Android,1545,1172,236
2023-11-11,iOS,14082,10471,1720
2023-11-12,Android,1483,1150,207
2023-11-12,iOS,15207,11014,1843
2023-11-13,Android,1299,969,202
2023-11-13,iOS,13472,9986,1750
2023-11-14,Android,1372,1071,174
2023-11-14,iOS,13024,9866,1510
2023-11-15,Android,1576,1209,204
2023-11-15,iOS,14492,10463,1480
2023-11-16,Android,1395,1015,192
2023-11-16,iOS,13176,9586,1445
2023-11-17,Android,1572,1190,235
2023-11-17,iOS,13926,10266,1339
2023-11-18,Android,1877,1408,401
2023-11-18,iOS,16230,11841,1774
2023-11-19,Android,2096,1646,544
2023-11-19,iOS,16932,12596,1981
2023-11-20,Android,1983,1477,361
2023-11-20,iOS,16644,12217,1828
2023-11-21,Android,2124,1565,404
2023-11-21,iOS,18930,12967,1963
2023-11-22,Android,2342,1764,475
2023-11-22,iOS,19449,14001,1952
2023-11-23,Android,2686,2009,484
2023-11-23,iOS,25492,17916,2310
2023-11-24,Android,3506,2500,640
2023-11-24,iOS,34160,23464,3558
2023-11-25,Android,2787,2102,649
2023-11-25,iOS,23791,16398,2458
2023-11-26,Android,2834,2156,673
2023-11-26,iOS,22565,15954,2391
2023-11-27,Android,2784,1965,318
2023-11-27,iOS,29341,19596,2625
2023-11-28,Android,2755,2028,551
2023-11-28,iOS,22416,15609,1875
2023-11-29,Android,2893,2156,770
2023-11-29,iOS,19581,13889,1849
2023-11-30,Android,2922,2242,888
2023-11-30,iOS,19020,13365,1830
2023-12-01,Android,2571,1891,413
2023-12-01,iOS,18882,13615,1874
2023-12-02,Android,2695,2058,641
2023-12-02,iOS,19523,14400,2156
2023-12-03,Android,3025,2297,862
2023-12-03,iOS,20307,14999,2215
2023-12-04,Android,2617,2000,547
2023-12-04,iOS,18606,13225,1586
2023-12-05,Android,2813,2134,487
2023-12-05,iOS,18154,13355,1545
2023-12-06,Android,2391,1809,347
2023-12-06,iOS,17604,12705,1637
2023-12-07,Android,2303,1739,340
2023-12-07,iOS,18357,13287,1601
2023-12-08,Android,2598,1915,316
2023-12-08,iOS,18682,13227,1522
2023-12-09,Android,2311,1760,269
2023-12-09,iOS,17703,12674,1689
2023-12-10,Android,2105,1585,389
2023-12-10,iOS,16465,12370,1807
2023-12-11,Android,2089,1548,367
2023-12-11,iOS,16526,11697,1579
2023-12-12,Android,2244,1648,303
2023-12-12,iOS,16562,12268,1394
2023-12-13,Android,2116,1581,352
2023-12-13,iOS,15808,11591,1545
2023-12-14,Android,2548,1892,322
2023-12-14,iOS,18224,13227,1599
2023-12-15,Android,2403,1796,333
2023-12-15,iOS,16394,12422,1367
2023-12-16,Android,2289,1724,338
2023-12-16,iOS,16658,12241,1562
2023-12-17,Android,2411,1827,366
2023-12-17,iOS,17268,12752,1712
2023-12-18,Android,2505,1900,293
2023-12-18,iOS,19072,13762,1412
2023-12-19,Android,2361,1809,302
2023-12-19,iOS,17187,12610,1371
2023-12-20,Android,1840,1386,330
2023-12-20,iOS,13635,10363,1236
2023-12-21,Android,1988,1515,282
2023-12-21,iOS,14441,10646,1128
2023-12-22,Android,1708,1254,249
2023-12-22,iOS,12848,9732,1123
2023-12-23,Android,1551,1183,272
2023-12-23,iOS,12248,9148,1115
2023-12-24,Android,1821,1397,268
2023-12-24,iOS,12978,9784,1027
2023-12-25,Android,1876,1442,318
2023-12-25,iOS,17116,12869,1850
2023-12-26,Android,2254,1642,321
2023-12-26,iOS,17542,12811,1782
2023-12-27,Android,2063,1536,277
2023-12-27,iOS,16072,11890,1500
2023-12-28,Android,1810,1346,302
2023-12-28,iOS,13963,10048,1401
2023-12-29,Android,2054,1542,311
2023-12-29,iOS,15301,11150,1329
2023-12-30,Android,1890,1419,355
2023-12-30,iOS,12609,9282,1255
2023-12-31,Android,1852,1400,339
2023-12-31,iOS,12476,9238,1022
2024-01-01,Android,1668,1272,351
2024-01-01,iOS,11999,9117,1195
2024-01-02,Android,1593,1224,317
2024-01-02,iOS,12032,8988,1222
2024-01-03,Android,1636,1228,300
2024-01-03,iOS,11841,8813,1123
2024-01-04,Android,1717,1304,233
2024-01-04,iOS,12809,9539,1124
2024-01-05,Android,1674,1239,263
2024-01-05,iOS,11503,8647,1076
2024-01-06,Android,1913,1470,311
2024-01-06,iOS,13599,10067,1218
2024-01-07,Android,1557,1177,299
2024-01-07,iOS,12365,9070,1296
2024-01-08,Android,1542,1148,304
2024-01-08,iOS,11376,8357,1053
2024-01-09,Android,1903,1432,319
2024-01-09,iOS,12757,9471,1162
2024-01-10,Android,1937,1487,298
2024-01-10,iOS,12957,9647,1172
2024-01-11,Android,1637,1219,271
2024-01-11,iOS,12004,8821,1136
2024-01-12,Android,2014,1495,304
2024-01-12,iOS,14475,10810,1194
2024-01-13,Android,2180,1634,346
2024-01-13,iOS,15381,10936,1367
2024-01-14,Android,2083,1579,334
2024-01-14,iOS,14472,10564,1336
2024-01-15,Android,1682,1278,336
2024-01-15,iOS,11596,8586,1238
2024-01-16,Android,1482,1105,241
2024-01-16,iOS,11016,8440,1115
2024-01-17,Android,1792,1337,300
2024-01-17,iOS,12152,9103,1039
2024-01-18,Android,1580,1168,259
2024-01-18,iOS,11293,8330,1054
2024-01-19,Android,1947,1410,295
2024-01-19,iOS,13208,9462,1210
2024-01-20,Android,2138,1565,291
2024-01-20,iOS,15084,11032,1417
2024-01-21,Android,1975,1445,307
2024-01-21,iOS,14214,10294,1332
2024-01-22,Android,1594,1174,244
2024-01-22,iOS,11409,8395,1026
2024-01-23,Android,1729,1319,262
2024-01-23,iOS,11942,9047,981
2024-01-24,Android,1918,1477,257
2024-01-24,iOS,11804,9082,952
2024-01-25,Android,1869,1416,252
2024-01-25,iOS,12380,9629,1006
2024-01-26,Android,1847,1448,252
2024-01-26,iOS,11202,8576,877
2024-01-27,Android,1599,1196,272
2024-01-27,iOS,10805,8257,1065
2024-01-28,Android,1784,1375,272
2024-01-28,iOS,11995,9471,1105
2024-01-29,Android,1433,1097,216
2024-01-29,iOS,9372,7377,869
2024-01-30,Android,1569,1223,228
2024-01-30,iOS,10664,8415,915
2024-01-31,Android,1657,1256,195
2024-01-31,iOS,10712,8400,984
2024-02-01,Android,1412,1028,184
2024-02-01,iOS,10153,7773,1010
2024-02-02,Android,1790,1372,239
2024-02-02,iOS,12352,8992,913
2024-02-03,Android,1868,1415,325
2024-02-03,iOS,12116,9363,1222
2024-02-04,Android,1509,1112,250
2024-02-04,iOS,11451,8731,1256
2024-02-05,Android,1653,1259,251
2024-02-05,iOS,10779,8161,924
2024-02-06,Android,1422,1027,254
2024-02-06,iOS,9702,7217,997
2024-02-07,Android,1646,1268,253
2024-02-07,iOS,11274,8710,1038
2024-02-08,Android,1646,1217,257
2024-02-08,iOS,10480,8163,1006
2024-02-09,Android,1698,1270,267
2024-02-09,iOS,10184,7899,957
2024-02-10,Android,1667,1297,273
2024-02-10,iOS,11133,8796,1106
2024-02-11,Android,1447,1104,277
2024-02-11,iOS,9831,7570,1079
2024-02-12,Android,1482,1139,226
2024-02-12,iOS,9513,7530,929
2024-02-13,Android,1495,1163,225
2024-02-13,iOS,9524,7338,840
2024-02-14,Android,1695,1289,212
2024-02-14,iOS,10533,8239,834
2024-02-15,Android,1652,1257,239
2024-02-15,iOS,11054,8474,1033
2024-02-16,Android,1507,1126,245
2024-02-16,iOS,10286,7808,1058
2024-02-17,Android,1771,1340,275
2024-02-17,iOS,12449,9541,1316
2024-02-18,Android,1782,1348,281
2024-02-18,iOS,12817,9952,1400
2024-02-19,Android,1676,1241,249
2024-02-19,iOS,12226,9232,1364
2024-02-20,Android,1689,1278,246
2024-02-20,iOS,11861,9120,1199
2024-02-21,Android,1720,1298,272
2024-02-21,iOS,11712,8804,1082
2024-02-22,Android,1561,1175,245
2024-02-22,iOS,11219,8506,1264
2024-02-23,Android,1719,1319,249
2024-02-23,iOS,11666,8924,1128
2024-02-24,Android,1902,1470,284
2024-02-24,iOS,12589,9600,1344
2024-02-25,Android,1557,1198,267
2024-02-25,iOS,12055,9199,1507
2024-02-26,Android,1749,1321,241
2024-02-26,iOS,12545,9167,1229
2024-02-27,Android,1804,1295,249
2024-02-27,iOS,12792,9434,1264
2024-02-28,Android,1861,1401,253
2024-02-28,iOS,12999,9897,1425
2024-02-29,Android,1644,1214,247
2024-02-29,iOS,11628,8787,1253
2024-03-01,Android,1765,1317,223
2024-03-01,iOS,12319,9234,1176
2024-03-02,Android,1880,1426,251
2024-03-02,iOS,13832,10574,1573
2024-03-03,Android,1584,1264,277
2024-03-03,iOS,12781,9600,1572
2024-03-04,Android,1541,1180,202
2024-03-04,iOS,12301,9381,1112
2024-03-05,Android,1719,1341,255
2024-03-05,iOS,12270,9324,1147
2024-03-06,Android,1746,1315,240
2024-03-06,iOS,12403,9305,1216
2024-03-07,Android,1588,1191,236
2024-03-07,iOS,11618,8632,1236
2024-03-08,Android,1723,1322,228
2024-03-08,iOS,12505,9131,1176
2024-03-09,Android,1799,1369,275
2024-03-09,iOS,13012,9734,1280
2024-03-10,Android,1836,1411,266
2024-03-10,iOS,12992,9761,1422
2024-03-11,Android,1477,1140,255
2024-03-11,iOS,11415,8449,1236
2024-03-12,Android,1720,1338,235
2024-03-12,iOS,12015,8945,1171
2024-03-13,Android,1633,1248,222
2024-03-13,iOS,11942,8980,1234
2024-03-14,Android,1796,1361,244
2024-03-14,iOS,12503,9176,1179
2024-03-15,Android,1584,1153,224
2024-03-15,iOS,10956,8284,1124
2024-03-16,Android,1746,1354,209
2024-03-16,iOS,12488,9548,1187
2024-03-17,Android,1494,1155,233
2024-03-17,iOS,11394,8651,1370
2024-03-18,Android,1432,1065,227
2024-03-18,iOS,10955,8405,1168
2024-03-19,Android,1621,1266,209
2024-03-19,iOS,12224,9264,1085
2024-03-20,Android,1601,1222,192
2024-03-20,iOS,12056,9094,1130
2024-03-21,Android,1490,1142,247
2024-03-21,iOS,10962,8206,1092
2024-03-22,Android,1672,1282,239
2024-03-22,iOS,11816,9032,1128
2024-03-23,Android,1800,1406,283
2024-03-23,iOS,12865,9656,1364
2024-03-24,Android,1571,1184,277
2024-03-24,iOS,12095,9215,1393
2024-03-25,Android,1468,1090,225
2024-03-25,iOS,10789,8353,1169
2024-03-26,Android,1575,1220,241
2024-03-26,iOS,11408,8719,1136
2024-03-27,Android,1780,1378,298
2024-03-27,iOS,12017,9301,1148
2024-03-28,Android,1645,1266,273
2024-03-28,iOS,12149,9162,1209
2024-03-29,Android,1743,1352,264
2024-03-29,iOS,12212,9239,1277
2024-03-30,Android,1742,1318,258
2024-03-30,iOS,12109,9045,1303
2024-03-31,Android,1550,1173,268
2024-03-31,iOS,10872,8418,1298
2024-04-01,Android,1489,1139,291
2024-04-01,iOS,10875,8345,1253
2024-04-02,Android,1495,1125,270
2024-04-02,iOS,10965,8214,1173
2024-04-03,Android,1604,1203,247
2024-04-03,iOS,11676,9047,1057
2024-04-04,Android,1769,1337,255
2024-04-04,iOS,11498,8911,1053
2024-04-05,Android,1641,1243,243
2024-04-05,iOS,11010,8295,1023
2024-04-06,Android,1798,1395,249
2024-04-06,iOS,11437,8856,1253
2024-04-07,Android,1535,1174,274
2024-04-07,iOS,10822,8602,1317
2024-04-08,Android,1515,1161,220
2024-04-08,iOS,11545,8892,1069
2024-04-09,Android,1605,1226,237
2024-04-09,iOS,10428,8024,1019
2024-04-10,Android,1630,1268,233
2024-04-10,iOS,10811,8382,1038
2024-04-11,Android,1756,1294,254
2024-04-11,iOS,11271,8507,1066
2024-04-12,Android,1578,1178,219
2024-04-12,iOS,10638,7842,1033
2024-04-13,Android,1798,1367,253
2024-04-13,iOS,12399,9439,1283
2024-04-14,Android,1788,1327,255
2024-04-14,iOS,12961,9888,1365
2024-04-15,Android,1672,1267,215
2024-04-15,iOS,11315,8529,991
2024-04-16,Android,1376,1065,222
2024-04-16,iOS,9634,7371,933
2024-04-17,Android,1587,1239,211
2024-04-17,iOS,10951,8549,1025
2024-04-18,Android,1354,1063,198
2024-04-18,iOS,9795,7519,973
2024-04-19,Android,1520,1187,207
2024-04-19,iOS,10635,8087,994
2024-04-20,Android,1775,1360,315
2024-04-20,iOS,10930,8477,1061
2024-04-21,Android,1820,1447,431
2024-04-21,iOS,10840,8598,1258
2024-04-22,Android,1621,1273,334
2024-04-22,iOS,10755,8254,1046
2024-04-23,Android,1639,1281,258
2024-04-23,iOS,10346,8229,1033
2024-04-24,Android,1799,1411,269
2024-04-24,iOS,10868,8524,1071
2024-04-25,Android,1518,1155,266
2024-04-25,iOS,9968,7576,1071
2024-04-26,Android,1598,1245,337
2024-04-26,iOS,10263,7739,1095
2024-04-27,Android,1777,1404,369
2024-04-27,iOS,13598,10727,1193
2024-04-28,Android,1697,1356,437
2024-04-28,iOS,13418,10403,1285
2024-04-29,Android,1760,1388,370
2024-04-29,iOS,12547,9690,1066
2024-04-30,Android,1757,1412,355
2024-04-30,iOS,11463,9052,1015
2024-05-01,Android,1795,1434,334
2024-05-01,iOS,11561,8948,1121
2024-05-02,Android,1757,1373,310
2024-05-02,iOS,11415,8828,1059
2024-05-03,Android,1549,1214,310
2024-05-03,iOS,10065,7810,1013
2024-05-04,Android,1747,1397,339
2024-05-04,iOS,11856,9101,1185
2024-05-05,Android,1723,1360,418
2024-05-05,iOS,11057,8581,1300
2024-05-06,Android,1728,1362,314
2024-05-06,iOS,11223,8967,1135
2024-05-07,Android,1703,1348,219
2024-05-07,iOS,10979,8661,1023
2024-05-08,Android,1780,1349,205
2024-05-08,iOS,11626,8625,968
2024-05-09,Android,1692,1305,211
2024-05-09,iOS,11345,8627,1011
2024-05-10,Android,1637,1255,205
2024-05-10,iOS,10859,8408,989
2024-05-11,Android,1675,1293,156
2024-05-11,iOS,11626,8811,1158
2024-05-12,Android,1538,1222,141
2024-05-12,iOS,11520,8869,1192
2024-05-13,Android,1259,951,134
2024-05-13,iOS,10137,7848,1085
2024-05-14,Android,1464,1161,118
2024-05-14,iOS,13506,10225,1158
2024-05-15,Android,1307,987,116
2024-05-15,iOS,12014,9271,1052
2024-05-16,Android,1251,949,105
2024-05-16,iOS,11162,8527,1026
2024-05-17,Android,1491,1145,106
2024-05-17,iOS,11520,8825,959
2024-05-18,Android,1287,1002,117
2024-05-18,iOS,10900,8533,1163
2024-05-19,Android,1212,934,117
2024-05-19,iOS,11097,8777,1288
2024-05-20,Android,1095,863,110
2024-05-20,iOS,10322,8025,1016
2024-05-21,Android,1288,988,127
2024-05-21,iOS,10745,8120,1042
2024-05-22,Android,1498,1149,111
2024-05-22,iOS,12353,9384,991
2024-05-23,Android,1401,1089,100
2024-05-23,iOS,11920,9155,1078
2024-05-24,Android,1744,1363,360
2024-05-24,iOS,13282,10225,1086
2024-05-25,Android,1915,1504,452
2024-05-25,iOS,13995,10891,1199
2024-05-26,Android,1777,1396,501
2024-05-26,iOS,12775,9947,1345
2024-05-27,Android,2005,1587,550
2024-05-27,iOS,14508,11251,1441
2024-05-28,Android,1927,1548,472
2024-05-28,iOS,12860,9863,1165
2024-05-29,Android,2042,1644,589
2024-05-29,iOS,12995,10241,1187
2024-05-30,Android,2167,1739,548
2024-05-30,iOS,13604,10401,1076
2024-05-31,Android,2060,1642,521
2024-05-31,iOS,12802,9808,1006
2024-06-01,Android,1810,1453,513
2024-06-01,iOS,11154,8845,1114
2024-06-02,Android,1785,1408,493
2024-06-02,iOS,11275,8869,1292
2024-06-03,Android,1685,1348,458
2024-06-03,iOS,10669,8333,1145
2024-06-04,Android,2009,1603,453
2024-06-04,iOS,12486,9797,1061
2024-06-05,Android,1987,1552,449
2024-06-05,iOS,12592,9801,1119
2024-06-06,Android,2053,1618,473
2024-06-06,iOS,12645,9701,1101
2024-06-07,Android,1622,1278,325
2024-06-07,iOS,10919,8297,1004
2024-06-08,Android,1829,1443,403
2024-06-08,iOS,11979,9427,1052
2024-06-09,Android,1693,1328,430
2024-06-09,iOS,11176,8809,1203
2024-06-10,Android,1620,1277,379
2024-06-10,iOS,10136,8053,1083
2024-06-11,Android,1953,1491,400
2024-06-11,iOS,12720,9901,1217
2024-06-12,Android,2051,1544,410
2024-06-12,iOS,13701,10256,1254
2024-06-13,Android,1884,1405,373
2024-06-13,iOS,11686,9000,1180
2024-06-14,Android,1967,1522,384
2024-06-14,iOS,12436,9420,1173
2024-06-15,Android,1960,1551,369
2024-06-15,iOS,11455,9120,1105
2024-06-16,Android,1988,1545,353
2024-06-16,iOS,12022,9282,1184
2024-06-17,Android,1669,1331,359
2024-06-17,iOS,11201,8539,1142
2024-06-18,Android,2098,1635,366
2024-06-18,iOS,14883,11668,1219
2024-06-19,Android,1724,1349,355
2024-06-19,iOS,11134,8782,1226
2024-06-20,Android,2010,1645,459
2024-06-20,iOS,11964,9536,1114
2024-06-21,Android,1730,1365,415
2024-06-21,iOS,11080,8246,1142
2024-06-22,Android,2008,1596,434
2024-06-22,iOS,11748,9014,1075
2024-06-23,Android,1708,1347,431
2024-06-23,iOS,10676,8330,1207
2024-06-24,Android,1989,1603,442
2024-06-24,iOS,11746,9108,1165
2024-06-25,Android,1897,1530,408
2024-06-25,iOS,11957,9037,1241
2024-06-26,Android,1930,1523,390
2024-06-26,iOS,11534,8964,1169
2024-06-27,Android,1710,1330,390
2024-06-27,iOS,10849,8578,1310
2024-06-28,Android,1826,1468,372
2024-06-28,iOS,11515,8734,1169
2024-06-29,Android,1705,1373,426
2024-06-29,iOS,9773,7816,1057
2024-06-30,Android,2074,1647,403
2024-06-30,iOS,13406,10202,1335
2024-07-01,Android,1868,1469,458
2024-07-01,iOS,12281,9368,1326
2024-07-02,Android,1743,1357,385
2024-07-02,iOS,12165,9199,1407
2024-07-03,Android,2099,1646,375
2024-07-03,iOS,13199,9883,1251
2024-07-04,Android,1670,1355,405
2024-07-04,iOS,10729,8083,1044
2024-07-05,Android,2015,1598,401
2024-07-05,iOS,12681,9623,1241
2024-07-06,Android,1951,1570,392
2024-07-06,iOS,12848,9861,1349
2024-07-07,Android,2012,1553,427
2024-07-07,iOS,13201,10254,1404
2024-07-08,Android,2015,1573,422
2024-07-08,iOS,13526,10202,1487
2024-07-09,Android,1820,1419,430
2024-07-09,iOS,11826,8985,1320
2024-07-10,Android,1758,1415,426
2024-07-10,iOS,11476,8749,1301
2024-07-11,Android,1703,1339,389
2024-07-11,iOS,11523,8710,1329
2024-07-12,Android,2076,1629,387
2024-07-12,iOS,14074,10534,1456
2024-07-13,Android,2047,1588,405
2024-07-13,iOS,13637,10161,1405
2024-07-14,Android,1972,1562,403
2024-07-14,iOS,13567,10390,1554
2024-07-15,Android,1770,1386,413
2024-07-15,iOS,12204,9420,1468
2024-07-16,Android,2115,1627,433
2024-07-16,iOS,15739,11447,1589
2024-07-17,Android,1994,1497,451
2024-07-17,iOS,14023,10458,1595
2024-07-18,Android,2314,1767,420
2024-07-18,iOS,15543,11339,1541
2024-07-19,Android,1956,1468,416
2024-07-19,iOS,14466,10602,1572
2024-07-20,Android,2119,1647,418
2024-07-20,iOS,15458,11387,1584
2024-07-21,Android,1941,1516,465
2024-07-21,iOS,15841,11523,2045
2024-07-22,Android,2153,1687,450
2024-07-22,iOS,17184,12559,1892
2024-07-23,Android,2216,1699,419
2024-07-23,iOS,16702,12253,1768
2024-07-24,Android,1874,1461,406
2024-07-24,iOS,14974,11235,1674
2024-07-25,Android,2202,1687,410
2024-07-25,iOS,17055,12396,1723
2024-07-26,Android,1938,1464,408
2024-07-26,iOS,15321,11275,1781
2024-07-27,Android,2263,1720,456
2024-07-27,iOS,16659,12429,1734
2024-07-28,Android,2453,1899,533
2024-07-28,iOS,18094,13430,1940
2024-07-29,Android,2039,1589,442
2024-07-29,iOS,16884,12366,1925
2024-07-30,Android,2252,1774,420
2024-07-30,iOS,18738,13067,1832
2024-07-31,Android,2014,1568,419
2024-07-31,iOS,16550,11744,1762
2024-08-01,Android,2120,1658,360
2024-08-01,iOS,19311,13046,1747
2024-08-02,Android,1856,1382,236
2024-08-02,iOS,19283,11973,1837
2024-08-03,Android,2161,1622,205
2024-08-03,iOS,21601,13202,1877
2024-08-04,Android,2138,1625,222
2024-08-04,iOS,21258,13595,1862
2024-08-05,Android,1981,1563,494
2024-08-05,iOS,18957,12252,2005
2024-08-06,Android,2457,1929,569
2024-08-06,iOS,22354,13581,1943
2024-08-07,Android,2449,1885,567
2024-08-07,iOS,21981,13230,1867
2024-08-08,Android,2083,1615,476
2024-08-08,iOS,18425,11391,1626
2024-08-09,Android,2320,1849,492
2024-08-09,iOS,18057,11886,1571
2024-08-10,Android,2181,1722,596
2024-08-10,iOS,16686,10868,1679
2024-08-11,Android,2382,1895,570
2024-08-11,iOS,18961,12633,1777
2024-08-12,Android,1904,1497,396
2024-08-12,iOS,16787,10771,1639
2024-08-13,Android,2102,1649,348
2024-08-13,iOS,17679,11851,1614
2024-08-14,Android,1880,1468,370
2024-08-14,iOS,16621,10967,1647
2024-08-15,Android,2143,1636,355
2024-08-15,iOS,16848,11239,1589
2024-08-16,Android,1847,1400,340
2024-08-16,iOS,14670,10098,1463
2024-08-17,Android,2116,1624,376
2024-08-17,iOS,17456,11812,1855
2024-08-18,Android,1786,1363,334
2024-08-18,iOS,15874,11008,1874
2024-08-19,Android,2167,1649,350
2024-08-19,iOS,17425,11839,1700
2024-08-20,Android,2094,1645,316
2024-08-20,iOS,17154,11535,1684
2024-08-21,Android,2292,1730,387
2024-08-21,iOS,17299,11904,1913
2024-08-22,Android,2001,1519,330
2024-08-22,iOS,14666,10384,1546
2024-08-23,Android,1570,1202,175
2024-08-23,iOS,13293,9550,1249
2024-08-24,Android,1925,1478,191
2024-08-24,iOS,16024,11473,1524
2024-08-25,Android,1979,1531,195
2024-08-25,iOS,16448,11753,1643
2024-08-26,Android,1674,1314,305
2024-08-26,iOS,13139,9461,1388
2024-08-27,Android,2185,1732,448
2024-08-27,iOS,14537,10390,1432
2024-08-28,Android,2310,1823,457
2024-08-28,iOS,15632,11085,1528
2024-08-29,Android,1961,1510,329
2024-08-29,iOS,13730,9634,1446
2024-08-30,Android,2231,1710,401
2024-08-30,iOS,14703,10579,1469
2024-08-31,Android,2238,1737,408
2024-08-31,iOS,15996,11483,1814
2024-09-01,Android,2108,1635,468
2024-09-01,iOS,15405,10991,1772
2024-09-02,Android,2214,1676,424
2024-09-02,iOS,16681,12084,1806
2024-09-03,Android,1801,1384,317
2024-09-03,iOS,14442,10513,1367
2024-09-04,Android,1805,1380,312
2024-09-04,iOS,14765,10585,1410
2024-09-05,Android,1655,1255,227
2024-09-05,iOS,13045,9299,1250
2024-09-06,Android,1717,1327,322
2024-09-06,iOS,14063,10172,1294
2024-09-07,Android,1781,1385,350
2024-09-07,iOS,15284,11253,1584
2024-09-08,Android,1807,1409,357
2024-09-08,iOS,14603,10790,1788
2024-09-09,Android,1665,1290,324
2024-09-09,iOS,14159,10346,1435
2024-09-10,Android,1659,1283,356
2024-09-10,iOS,12729,9532,1427
2024-09-11,Android,1772,1367,359
2024-09-11,iOS,13560,10039,1421
2024-09-12,Android,1725,1312,317
2024-09-12,iOS,13914,10043,1383
2024-09-13,Android,1741,1368,334
2024-09-13,iOS,12744,9171,1268
2024-09-14,Android,1789,1364,364
2024-09-14,iOS,14672,10748,1533
2024-09-15,Android,1759,1409,333
2024-09-15,iOS,15751,11882,1641
2024-09-16,Android,1686,1315,329
2024-09-16,iOS,14294,10358,1338
2024-09-17,Android,1768,1357,350
2024-09-17,iOS,17117,12608,1385
2024-09-18,Android,1915,1388,336
2024-09-18,iOS,18044,13078,1543
2024-09-19,Android,1973,1471,339
2024-09-19,iOS,15312,11261,1501
2024-09-20,Android,1990,1476,343
2024-09-20,iOS,16684,11816,1481
2024-09-21,Android,1956,1521,384
2024-09-21,iOS,16057,11540,1804
2024-09-22,Android,1991,1545,391
2024-09-22,iOS,19276,14214,1862
2024-09-23,Android,1893,1439,343
2024-09-23,iOS,15134,11073,1468
2024-09-24,Android,1782,1380,325
2024-09-24,iOS,18196,13684,1405
2024-09-25,Android,1837,1419,302
2024-09-25,iOS,14974,10965,1314
2024-09-26,Android,1834,1406,324
2024-09-26,iOS,15802,11591,1366
2024-09-27,Android,1784,1323,231
2024-09-27,iOS,15850,11417,1291
2024-09-28,Android,1887,1448,264
2024-09-28,iOS,14593,10675,1481
2024-09-29,Android,1872,1399,273
2024-09-29,iOS,17324,12607,1633
2024-09-30,Android,2091,1327,279
2024-09-30,iOS,16188,11588,1391
2024-10-01,Android,1804,1350,254
2024-10-01,iOS,16573,12216,1331
2024-10-02,Android,1783,1337,256
2024-10-02,iOS,14880,10708,1293
2024-10-03,Android,1695,1234,222
2024-10-03,iOS,15899,11887,1305
2024-10-04,Android,1819,1354,255
2024-10-04,iOS,13955,10269,1196
2024-10-05,Android,1793,1363,276
2024-10-05,iOS,14419,11059,1503
2024-10-06,Android,1776,1367,303
2024-10-06,iOS,16565,12412,1622
2024-10-07,Android,1684,1309,287
2024-10-07,iOS,14166,10297,1389
2024-10-08,Android,1641,1270,270
2024-10-08,iOS,16488,12230,1401
2024-10-09,Android,1741,1358,296
2024-10-09,iOS,16333,11891,1558
2024-10-10,Android,1830,1373,291
2024-10-10,iOS,17556,12927,1475
2024-10-11,Android,1797,1381,307
2024-10-11,iOS,14812,11112,1506
2024-10-12,Android,1884,1445,335
2024-10-12,iOS,15315,11317,1614
2024-10-13,Android,1863,1416,356
2024-10-13,iOS,15277,11722,1833
2024-10-14,Android,1780,1385,326
2024-10-14,iOS,15937,12165,1607
2024-10-15,Android,1716,1300,287
2024-10-15,iOS,14170,10442,1485
2024-10-16,Android,1979,1470,342
2024-10-16,iOS,17581,13147,1525
2024-10-17,Android,1925,1450,331
2024-10-17,iOS,16421,12132,1669
2024-10-18,Android,1910,1455,293
2024-10-18,iOS,16869,12928,1485
2024-10-19,Android,1960,1459,339
2024-10-19,iOS,17633,13436,1654
2024-10-20,Android,1899,1464,359
2024-10-20,iOS,19168,14387,1893
2024-10-21,Android,1681,1307,293
2024-10-21,iOS,16112,11905,1702
2024-10-22,Android,1753,1342,295
2024-10-22,iOS,17400,13142,1640
2024-10-23,Android,1907,1452,323
2024-10-23,iOS,15923,11869,1642
2024-10-24,Android,1915,1483,386
2024-10-24,iOS,17724,13076,1659
2024-10-25,Android,1843,1415,324
2024-10-25,iOS,16986,12736,1582
2024-10-26,Android,1995,1525,379
2024-10-26,iOS,16853,12606,1801
2024-10-27,Android,1881,1489,349
2024-10-27,iOS,16028,12087,1850
2024-10-28,Android,1744,1342,293
2024-10-28,iOS,14507,10763,1502
2024-10-29,Android,1761,1373,278
2024-10-29,iOS,13564,10499,1399
2024-10-30,Android,2223,1735,298
2024-10-30,iOS,16573,12323,1482
2024-10-31,Android,2117,1606,273
2024-10-31,iOS,14477,11134,1203
2024-11-01,Android,2338,1818,289
2024-11-01,iOS,16891,13054,1488
2024-11-02,Android,2297,1766,297
2024-11-02,iOS,18740,14126,1843
2024-11-03,Android,2135,1654,387
2024-11-03,iOS,18491,14642,2200
2024-11-04,Android,2173,1655,307
2024-11-04,iOS,19381,14952,1932
2024-11-05,Android,1983,1529,333
2024-11-05,iOS,16804,12704,1897
2024-11-06,Android,2266,1745,363
2024-11-06,iOS,19014,14415,1999
2024-11-07,Android,2540,1923,384
2024-11-07,iOS,20740,15508,2210
2024-11-08,Android,2456,1933,348
2024-11-08,iOS,20375,14954,2167
2024-11-09,Android,2564,2007,383
2024-11-09,iOS,20685,15359,2314
2024-11-10,Android,2439,1921,412
2024-11-10,iOS,21343,16201,2504
2024-11-11,Android,2486,1934,353
2024-11-11,iOS,23255,17449,2208
2024-11-12,Android,1971,1544,323
2024-11-12,iOS,17415,13133,1898
2024-11-13,Android,2417,1898,359
2024-11-13,iOS,19457,14289,1886
2024-11-14,Android,2008,1581,342
2024-11-14,iOS,19226,13777,2051
2024-11-15,Android,2352,1839,315
2024-11-15,iOS,20005,14597,1780
2024-11-16,Android,2536,1977,387
2024-11-16,iOS,22871,17524,2569
2024-11-17,Android,2527,1964,395
2024-11-17,iOS,22948,17651,2559
2024-11-18,Android,2163,1677,350
2024-11-18,iOS,19184,14601,2151
2024-11-19,Android,2676,2098,371
2024-11-19,iOS,22116,16655,2100
2024-11-20,Android,2655,2033,376
2024-11-20,iOS,23452,17542,2186
2024-11-21,Android,2347,1767,385
2024-11-21,iOS,21029,15784,2137
2024-11-22,Android,2611,2016,357
2024-11-22,iOS,22923,17069,2203
2024-11-23,Android,2569,1975,404
2024-11-23,iOS,23065,17182,2647
2024-11-24,Android,2857,2172,433
2024-11-24,iOS,25352,19301,2862
2024-11-25,Android,2783,2109,383
2024-11-25,iOS,25124,18430,2746
2024-11-26,Android,2951,2223,350
2024-11-26,iOS,29734,21525,2803
2024-11-27,Android,2780,2070,380
2024-11-27,iOS,26864,19805,2910
2024-11-28,Android,3656,2731,569
2024-11-28,iOS,35348,25208,3511
2024-11-29,Android,5302,3707,781
2024-11-29,iOS,51920,36134,5575
2024-11-30,Android,4119,3148,1041
2024-11-30,iOS,34967,24939,3834
2024-12-01,Android,3725,2839,782
2024-12-01,iOS,33291,25033,4005
2024-12-02,Android,5089,3684,1115
2024-12-02,iOS,44123,31152,4295
2024-12-03,Android,4696,3508,1413
2024-12-03,iOS,32777,23317,3435
2024-12-04,Android,4493,3479,1240
2024-12-04,iOS,32808,24364,3343
2024-12-05,Android,4798,3718,1427
2024-12-05,iOS,32738,22628,3325
2024-12-06,Android,4655,3543,1293
2024-12-06,iOS,33032,23250,3189
2024-12-07,Android,4854,3891,1409
2024-12-07,iOS,30671,22784,3390
2024-12-08,Android,5114,3954,1455
2024-12-08,iOS,33447,24171,3798
2024-12-09,Android,5324,4086,1644
2024-12-09,iOS,31902,23697,3143
2024-12-10,Android,4984,3782,1333
2024-12-10,iOS,29110,21926,2954
2024-12-11,Android,4766,3609,1031
2024-12-11,iOS,30204,22100,2950
2024-12-12,Android,4464,3358,823
2024-12-12,iOS,29395,21769,2912
2024-12-13,Android,4490,3282,730
2024-12-13,iOS,29670,21281,2885
2024-12-14,Android,4416,3352,758
2024-12-14,iOS,32097,23110,3095
2024-12-15,Android,4203,3237,755
2024-12-15,iOS,29373,22390,3383
2024-12-16,Android,4069,3182,759
2024-12-16,iOS,28080,20782,2686
2024-12-17,Android,3889,2992,719
2024-12-17,iOS,27146,20349,2553
2024-12-18,Android,4000,3039,767
2024-12-18,iOS,27916,20206,2510
2024-12-19,Android,3974,3053,625
2024-12-19,iOS,26875,19784,2328
2024-12-20,Android,3770,2919,621
2024-12-20,iOS,23431,18448,2230
2024-12-21,Android,3748,2947,690
2024-12-21,iOS,23482,17960,2558
2024-12-22,Android,3355,2659,543
2024-12-22,iOS,22612,17296,2241
2024-12-23,Android,3099,2469,519
2024-12-23,iOS,20151,15988,1998
2024-12-24,Android,3055,2423,498
2024-12-24,iOS,20070,15865,1985
2024-12-25,Android,3668,2836,590
2024-12-25,iOS,30856,23253,4082
2024-12-26,Android,4296,3267,842
2024-12-26,iOS,36351,26014,4832
2024-12-27,Android,4199,3073,710
2024-12-27,iOS,30791,22101,3929
2024-12-28,Android,3571,2756,577
2024-12-28,iOS,25715,19410,2977
2024-12-29,Android,3396,2679,577
2024-12-29,iOS,24362,18288,2721
2024-12-30,Android,3267,2513,525
2024-12-30,iOS,22504,17214,2373
2024-12-31,Android,3222,2420,434
2024-12-31,iOS,20347,15110,1881
2025-01-01,Android,2926,2239,490
2025-01-01,iOS,22638,16541,2388
2025-01-02,Android,3212,2495,468
2025-01-02,iOS,23497,17272,2497
2025-01-03,Android,3362,2508,447
2025-01-03,iOS,24818,18837,2605
2025-01-04,Android,3225,2442,487
2025-01-04,iOS,21749,16903,2305
2025-01-05,Android,3059,2415,522
2025-01-05,iOS,21622,15972,2299
2025-01-06,Android,2617,2012,385
2025-01-06,iOS,18686,14581,1978
2025-01-07,Android,2821,2168,405
2025-01-07,iOS,19634,15176,1952
2025-01-08,Android,2965,2215,370
2025-01-08,iOS,19661,15109,1993
2025-01-09,Android,2550,1925,357
2025-01-09,iOS,19066,13949,2012
2025-01-10,Android,2957,2280,378
2025-01-10,iOS,22466,17292,2134
2025-01-11,Android,3074,2374,418
2025-01-11,iOS,21714,16538,2409
2025-01-12,Android,3061,2380,420
2025-01-12,iOS,20870,16328,2376
2025-01-13,Android,2491,1862,355
2025-01-13,iOS,18128,13463,1660
2025-01-14,Android,2822,2144,391
2025-01-14,iOS,21028,15985,1910
2025-01-15,Android,2466,1881,362
2025-01-15,iOS,18444,14197,1957
2025-01-16,Android,2910,2221,399
2025-01-16,iOS,22031,16712,1845
2025-01-17,Android,2822,2173,360
2025-01-17,iOS,20615,16111,1878
2025-01-18,Android,3191,2405,452
2025-01-18,iOS,21773,16386,2259
2025-01-19,Android,2986,2343,469
2025-01-19,iOS,23613,17807,2481
2025-01-20,Android,2502,1916,385
2025-01-20,iOS,19476,15158,2364
2025-01-21,Android,2311,1780,363
2025-01-21,iOS,17951,13757,1932
2025-01-22,Android,2779,2108,373
2025-01-22,iOS,19239,14741,1867
2025-01-23,Android,2400,1815,336
2025-01-23,iOS,17346,13256,1854
2025-01-24,Android,2849,2210,370
2025-01-24,iOS,21357,16379,1954
2025-01-25,Android,2975,2335,397
2025-01-25,iOS,21023,16073,2265
2025-01-26,Android,2781,2143,399
2025-01-26,iOS,21928,16717,2273
2025-01-27,Android,2495,1947,361
2025-01-27,iOS,18303,14284,1726
2025-01-28,Android,2233,1692,327
2025-01-28,iOS,15577,12179,1464
2025-01-29,Android,2547,1939,347
2025-01-29,iOS,19366,14625,1706
2025-01-30,Android,2725,2055,342
2025-01-30,iOS,18732,14466,1639
2025-01-31,Android,2605,1982,320
2025-01-31,iOS,18625,14348,1550
2025-02-01,Android,2800,2144,391
2025-02-01,iOS,19081,15069,1940
2025-02-02,Android,2369,1829,391
2025-02-02,iOS,17541,13658,1973
2025-02-03,Android,2427,1913,319
2025-02-03,iOS,16627,13172,1597
2025-02-04,Android,2223,1730,374
2025-02-04,iOS,15065,11847,1567
2025-02-05,Android,2518,1983,354
2025-02-05,iOS,17282,13019,1596
2025-02-06,Android,2697,2062,409
2025-02-06,iOS,18703,14383,1647
2025-02-07,Android,2494,2019,360
2025-02-07,iOS,18200,14035,1465
2025-02-08,Android,2389,1880,473
2025-02-08,iOS,17614,13742,2040
2025-02-09,Android,2340,1785,417
2025-02-09,iOS,17093,13321,1882
2025-02-10,Android,2740,2140,390
2025-02-10,iOS,18194,14357,1658
2025-02-11,Android,2284,1792,412
2025-02-11,iOS,15441,12050,1679
2025-02-12,Android,2670,2052,440
2025-02-12,iOS,18744,14706,1617
2025-02-13,Android,2271,1766,377
2025-02-13,iOS,15655,11895,1505
2025-02-14,Android,2562,1980,365
2025-02-14,iOS,17025,13006,1515
2025-02-15,Android,2794,2208,474
2025-02-15,iOS,19115,14756,2115
2025-02-16,Android,2709,2123,490
2025-02-16,iOS,19861,15544,2332
2025-02-17,Android,2670,2064,405
2025-02-17,iOS,19263,14752,2112
2025-02-18,Android,2418,1929,413
2025-02-18,iOS,18751,14451,1749
2025-02-19,Android,2506,2002,412
2025-02-19,iOS,19593,14779,1982
2025-02-20,Android,2255,1777,406
2025-02-20,iOS,19406,14680,2014
2025-02-21,Android,2308,1859,403
2025-02-21,iOS,17420,13470,1866
2025-02-22,Android,2748,2182,438
2025-02-22,iOS,20249,15338,2351
2025-02-23,Android,2354,1896,473
2025-02-23,iOS,19725,15533,2493
2025-02-24,Android,2752,2142,431
2025-02-24,iOS,21948,16741,2225
2025-02-25,Android,2689,2092,424
2025-02-25,iOS,21747,16629,2232
2025-02-26,Android,2733,2080,429
2025-02-26,iOS,23080,16611,2208
2025-02-27,Android,2656,2039,344
2025-02-27,iOS,21144,16001,2047
2025-02-28,Android,2598,2048,337
2025-02-28,iOS,20398,15541,1890
2025-03-01,Android,2679,2094,346
2025-03-01,iOS,20767,15336,2250
2025-03-02,Android,2652,2070,365
2025-03-02,iOS,21868,16784,2426
2025-03-03,Android,2172,1696,287
2025-03-03,iOS,18236,13942,1953
2025-03-04,Android,2351,1880,288
2025-03-04,iOS,18286,14341,1871
2025-03-05,Android,2586,2032,266
2025-03-05,iOS,20046,15697,1890
2025-03-06,Android,2417,1863,258
2025-03-06,iOS,19066,14629,1862
2025-03-07,Android,2154,1676,291
2025-03-07,iOS,17023,12869,1763
2025-03-08,Android,2635,2052,407
2025-03-08,iOS,19562,14878,2147
2025-03-09,Android,2265,1759,413
2025-03-09,iOS,18868,14442,2294
2025-03-10,Android,2279,1797,299
2025-03-10,iOS,21177,15694,2001
2025-03-11,Android,2294,1779,286
2025-03-11,iOS,18989,14727,1793
2025-03-12,Android,2361,1846,300
2025-03-12,iOS,18247,14464,1898
2025-03-13,Android,2121,1625,286
2025-03-13,iOS,17542,13800,1784
2025-03-14,Android,2372,1870,286
2025-03-14,iOS,18777,14426,1723
2025-03-15,Android,2599,2028,372
2025-03-15,iOS,19808,15826,2090
2025-03-16,Android,2369,1866,358
2025-03-16,iOS,19738,15589,2237
2025-03-17,Android,2321,1806,283
2025-03-17,iOS,19654,15180,1928
2025-03-18,Android,2211,1715,277
2025-03-18,iOS,18507,14389,1671
2025-03-19,Android,2342,1800,317
2025-03-19,iOS,18682,14473,1712
2025-03-20,Android,2254,1769,292
2025-03-20,iOS,18900,14711,1704
2025-03-21,Android,2057,1603,326
2025-03-21,iOS,16213,12628,1722
2025-03-22,Android,2352,1824,333
2025-03-22,iOS,17475,13545,1905
2025-03-23,Android,2517,1995,340
2025-03-23,iOS,17854,14390,2051
2025-03-24,Android,2413,1890,309
2025-03-24,iOS,17888,13899,1735
2025-03-25,Android,2277,1797,287
2025-03-25,iOS,18567,14650,1614
2025-03-26,Android,2204,1724,267
2025-03-26,iOS,17367,13815,1664
2025-03-27,Android,2279,1773,294
2025-03-27,iOS,16247,12623,1669
2025-03-28,Android,2285,1827,292
2025-03-28,iOS,16573,13026,1537
2025-03-29,Android,2346,1795,325
2025-03-29,iOS,16487,12955,1796
2025-03-30,Android,2277,1818,333
2025-03-30,iOS,17360,13892,1905
2025-03-31,Android,1953,1507,289
2025-03-31,iOS,15292,11832,1722
2025-04-01,Android,2288,1759,300
2025-04-01,iOS,16305,12625,1586
2025-04-02,Android,2191,1684,301
2025-04-02,iOS,16152,12503,1684
2025-04-03,Android,2205,1672,279
2025-04-03,iOS,16522,12565,1647
2025-04-04,Android,1934,1454,273
2025-04-04,iOS,14388,10961,1555
2025-04-05,Android,2251,1753,271
2025-04-05,iOS,15788,12654,1764
2025-04-06,Android,2319,1807,314
2025-04-06,iOS,16634,13085,1872
2025-04-07,Android,2193,1716,294
2025-04-07,iOS,15670,12010,1598
2025-04-08,Android,2245,1713,246
2025-04-08,iOS,16738,13097,1459
2025-04-09,Android,1936,1488,309
2025-04-09,iOS,15257,12091,1528
2025-04-10,Android,2328,1750,309
2025-04-10,iOS,19263,14347,1688
2025-04-11,Android,2472,1831,296
2025-04-11,iOS,18936,13966,1605
2025-04-12,Android,2522,1854,364
2025-04-12,iOS,18645,14528,1928
2025-04-13,Android,2383,1828,368
2025-04-13,iOS,19819,15047,1947
2025-04-14,Android,2088,1569,305
2025-04-14,iOS,16092,12966,1757
2025-04-15,Android,2030,1493,353
2025-04-15,iOS,14772,11841,1566
2025-04-16,Android,2320,1719,344
2025-04-16,iOS,17581,13547,1522
2025-04-17,Android,2500,1844,287
2025-04-17,iOS,17157,13089,1471
2025-04-18,Android,2389,1762,294
2025-04-18,iOS,16111,12440,1597
2025-04-19,Android,2212,1593,327
2025-04-19,iOS,14456,11237,1534
2025-04-20,Android,2226,1702,295
2025-04-20,iOS,15888,13018,1661
2025-04-21,Android,2250,1646,309
2025-04-21,iOS,16411,12863,1604
2025-04-22,Android,2308,1710,295
2025-04-22,iOS,17314,13536,1594
2025-04-23,Android,2354,1752,324
2025-04-23,iOS,16313,12693,1522
2025-04-24,Android,2244,1683,297
2025-04-24,iOS,16497,13094,1413
2025-04-25,Android,2093,1601,267
2025-04-25,iOS,14640,11798,1355
2025-04-26,Android,1996,1464,307
2025-04-26,iOS,14430,11369,1614
2025-04-27,Android,1956,1452,313
2025-04-27,iOS,16809,13126,1871
2025-04-28,Android,1826,1355,262
2025-04-28,iOS,14347,11257,1482
2025-04-29,Android,2186,1577,291
2025-04-29,iOS,16213,12655,1426
2025-04-30,Android,2201,1631,274
2025-04-30,iOS,15308,12341,1509
2025-05-01,Android,2383,1761,267
2025-05-01,iOS,15582,12501,1550
2025-05-02,Android,1913,1453,271
2025-05-02,iOS,13715,10841,1451
2025-05-03,Android,2404,1763,333
2025-05-03,iOS,15865,12645,1703
2025-05-04,Android,2104,1525,357
2025-05-04,iOS,15496,12336,1851
2025-05-05,Android,1967,1389,274
2025-05-05,iOS,14305,11269,1485
2025-05-06,Android,1890,1367,286
2025-05-06,iOS,13663,10698,1391
2025-05-07,Android,2377,1720,295
2025-05-07,iOS,17233,13579,1523
2025-05-08,Android,2082,1488,343
2025-05-08,iOS,15419,11818,1657
2025-05-09,Android,2301,1748,332
2025-05-09,iOS,16954,13409,1415
2025-05-10,Android,2304,1722,355
2025-05-10,iOS,16564,13048,1639
2025-05-11,Android,2224,1684,360
2025-05-11,iOS,15807,12676,1666
2025-05-12,Android,1859,1408,299
2025-05-12,iOS,14715,11772,1519
2025-05-13,Android,2187,1632,326
2025-05-13,iOS,17234,13518,1740
2025-05-14,Android,2206,1669,333
2025-05-14,iOS,16721,13496,1540
2025-05-15,Android,2354,1789,302
2025-05-15,iOS,18088,14648,1604
2025-05-16,Android,2242,1713,271
2025-05-16,iOS,15352,12280,1468
2025-05-17,Android,2071,1567,422
2025-05-17,iOS,15692,12765,1830
2025-05-18,Android,2100,1601,462
2025-05-18,iOS,15780,12588,1867
2025-05-19,Android,1894,1418,361
2025-05-19,iOS,15001,11797,1616
2025-05-20,Android,2255,1717,402
2025-05-20,iOS,16001,12715,1710
2025-05-21,Android,2368,1801,388
2025-05-21,iOS,18490,14675,1686
2025-05-22,Android,2298,1741,371
2025-05-22,iOS,16833,13234,1630
2025-05-23,Android,2402,1796,426
2025-05-23,iOS,16585,13120,1774
2025-05-24,Android,2529,1932,457
2025-05-24,iOS,17266,13856,2027
2025-05-25,Android,2438,1907,462
2025-05-25,iOS,18660,14441,2162
2025-05-26,Android,2361,1901,463
2025-05-26,iOS,18530,14818,2254
2025-05-27,Android,2163,1698,334
2025-05-27,iOS,18190,14706,1847
2025-05-28,Android,2077,1665,362
2025-05-28,iOS,17667,13919,1880
2025-05-29,Android,2168,1700,330
2025-05-29,iOS,17733,14636,1877
2025-05-30,Android,1930,1541,327
2025-05-30,iOS,15183,12287,1759
2025-05-31,Android,1948,1519,354
2025-05-31,iOS,14710,12136,1871
2025-06-01,Android,1835,1444,319
2025-06-01,iOS,15482,12681,2032
2025-06-02,Android,1871,1421,290
2025-06-02,iOS,14990,12392,1837
2025-06-03,Android,1971,1595,275
2025-06-03,iOS,16136,13078,1708
2025-06-04,Android,2044,1627,265
2025-06-04,iOS,16520,13215,1859
2025-06-05,Android,2003,1579,274
2025-06-05,iOS,17652,14329,1830
2025-06-06,Android,1798,1393,274
2025-06-06,iOS,15158,12018,1727
2025-06-07,Android,1811,1448,294
2025-06-07,iOS,15089,12042,1788
2025-06-08,Android,1697,1362,299
2025-06-08,iOS,15198,12723,2040
2025-06-09,Android,1711,1360,320
2025-06-09,iOS,15636,12292,1912
2025-06-10,Android,2206,1726,362
2025-06-10,iOS,18616,14889,1985
2025-06-11,Android,2172,1683,329
2025-06-11,iOS,17852,14035,1952
2025-06-12,Android,2283,1746,335
2025-06-12,iOS,18212,14199,2019
2025-06-13,Android,2257,1761,294
2025-06-13,iOS,19076,14710,1968
2025-06-14,Android,2248,1741,344
2025-06-14,iOS,18439,14781,1978
2025-06-15,Android,2049,1609,349
2025-06-15,iOS,18941,15114,2192
2025-06-16,Android,1838,1482,289
2025-06-16,iOS,19491,14952,2393
2025-06-17,Android,1817,1436,296
2025-06-17,iOS,18069,14276,2212
2025-06-18,Android,1931,1543,267
2025-06-18,iOS,18929,14750,2121
2025-06-19,Android,1981,1593,315
2025-06-19,iOS,19619,15636,2033
2025-06-20,Android,2038,1613,258
2025-06-20,iOS,19708,15308,1826
2025-06-21,Android,1995,1597,256
2025-06-21,iOS,18135,14386,1776
2025-06-22,Android,1807,1436,294
2025-06-22,iOS,17256,13717,2130
2025-06-23,Android,1849,1489,286
2025-06-23,iOS,17783,13926,1881
2025-06-24,Android,1646,1319,276
2025-06-24,iOS,16318,13049,1887
2025-06-25,Android,1909,1548,271
2025-06-25,iOS,18031,14226,1855
2025-06-26,Android,1688,1340,261
2025-06-26,iOS,16810,13100,1920
2025-06-27,Android,1884,1513,241
2025-06-27,iOS,17793,13672,1794
2025-06-28,Android,2187,1702,342
2025-06-28,iOS,19139,15197,1852
2025-06-29,Android,2168,1709,392
2025-06-29,iOS,19413,15239,2078
2025-06-30,Android,1973,1578,368
2025-06-30,iOS,17889,13901,2082
2025-07-01,Android,2067,1664,363
2025-07-01,iOS,19728,15686,2259
2025-07-02,Android,2053,1622,379
2025-07-02,iOS,18230,13963,2233
2025-07-03,Android,1969,1539,355
2025-07-03,iOS,18317,13735,2045
2025-07-04,Android,2001,1552,312
2025-07-04,iOS,18442,14359,1565
2025-07-05,Android,2068,1645,363
2025-07-05,iOS,19660,15881,2080
2025-07-06,Android,2244,1744,414
2025-07-06,iOS,20785,16665,2408
2025-07-07,Android,2046,1602,294
2025-07-07,iOS,20709,16760,2302
2025-07-08,Android,2135,1690,346
2025-07-08,iOS,21979,17441,2487
2025-07-09,Android,1825,1448,323
2025-07-09,iOS,19706,15494,2387
2025-07-10,Android,1851,1437,319
2025-07-10,iOS,20682,15929,2546
2025-07-11,Android,2206,1727,330
2025-07-11,iOS,23283,17899,2448
2025-07-12,Android,2224,1747,343
2025-07-12,iOS,21393,16785,2412
2025-07-13,Android,2162,1678,349
2025-07-13,iOS,22484,17506,2713
2025-07-14,Android,1944,1492,387
2025-07-14,iOS,21106,16431,2688
2025-07-15,Android,2357,1797,385
2025-07-15,iOS,25737,19475,2909
2025-07-16,Android,2284,1745,369
2025-07-16,iOS,24702,18911,2829
2025-07-17,Android,2246,1642,392
2025-07-17,iOS,23479,17429,2718
2025-07-18,Android,2606,1915,381
2025-07-18,iOS,26730,20266,2841
2025-07-19,Android,2276,1726,390
2025-07-19,iOS,23317,16833,2528
2025-07-20,Android,2141,1663,379
2025-07-20,iOS,23250,17784,2917
2025-07-21,Android,2591,1952,419
2025-07-21,iOS,24919,19300,2744
2025-07-22,Android,2276,1714,366
2025-07-22,iOS,22826,17247,2593
2025-07-23,Android,2546,1922,346
2025-07-23,iOS,25778,19107,2643
2025-07-24,Android,2605,1949,354
2025-07-24,iOS,27337,20361,2602
2025-07-25,Android,2532,1927,384
2025-07-25,iOS,25360,19530,2895
2025-07-26,Android,2222,1647,333
2025-07-26,iOS,22968,17162,2473
2025-07-27,Android,2246,1689,392
2025-07-27,iOS,23448,17496,2686
2025-07-28,Android,2388,1793,371
2025-07-28,iOS,24912,18437,2572
2025-07-29,Android,2137,1596,322
2025-07-29,iOS,22929,17150,2508
2025-07-30,Android,2402,1782,446
2025-07-30,iOS,23755,17560,3011
2025-07-31,Android,2809,2130,540
2025-07-31,iOS,27926,21327,3567
2025-08-01,Android,2738,2125,497
2025-08-01,iOS,27250,21116,3427
2025-08-02,Android,2597,1992,460
2025-08-02,iOS,26456,19881,3154
2025-08-03,Android,2494,1923,474
2025-08-03,iOS,26557,19718,3454
2025-08-04,Android,2808,2164,433
2025-08-04,iOS,27459,20690,3018
2025-08-05,Android,2570,1965,418
2025-08-05,iOS,27492,20275,3329
2025-08-06,Android,2893,2171,436
2025-08-06,iOS,28522,21427,3273
2025-08-07,Android,2887,2191,379
2025-08-07,iOS,30700,22169,3068
