date,country_code,sessions,purchases,revenue
2023-01-29,CA,1777,6,1513.89
2023-01-29,GB,1938,5,2622.97
2023-01-30,CA,1646,3,1147.69
2023-01-30,GB,1810,6,1475.44
2023-01-31,CA,1502,5,1112.78
2023-01-31,GB,1684,3,759.23
2023-02-01,CA,1618,11,2392.5
2023-02-01,GB,1753,6,1228.41
2023-02-02,CA,1551,7,3396.87
2023-02-02,GB,1567,6,1621.45
2023-02-03,CA,1593,3,669.71
2023-02-03,GB,1552,10,1984.94
2023-02-04,CA,1855,3,713.81
2023-02-04,GB,1783,6,1860.52
2023-02-05,CA,1916,6,2458.1
2023-02-05,GB,1979,6,1387.38
2023-02-06,CA,1765,11,3440.17
2023-02-06,GB,1727,7,1918.62
2023-02-07,CA,1841,4,945
2023-02-07,GB,1414,0,0
2023-02-08,CA,1926,7,969.91
2023-02-08,GB,1458,5,782.55
2023-02-09,CA,1580,4,960.81
2023-02-09,GB,1438,4,960.06
2023-02-10,CA,1562,10,1632.39
2023-02-10,GB,1460,5,1288.22
2023-02-11,CA,1805,4,846.93
2023-02-11,GB,1597,3,1122.05
2023-02-12,CA,1669,4,1673.54
2023-02-12,GB,1639,1,166.71
2023-02-13,CA,1488,7,1100.81
2023-02-13,GB,1512,7,2368.3
2023-02-14,CA,1410,0,0
2023-02-14,GB,1514,2,768.34
2023-02-15,CA,1633,7,2536.44
2023-02-15,GB,1646,5,2008.47
2023-02-16,CA,1695,7,2486.3
2023-02-16,GB,1595,5,1754.27
2023-02-17,CA,1494,6,2545.27
2023-02-17,GB,1698,6,1592.41
2023-02-18,CA,1691,4,652.34
2023-02-18,GB,1903,1,372.69
2023-02-19,CA,1979,7,1534.65
2023-02-19,GB,1861,3,767.77
2023-02-20,CA,1981,12,3388.41
2023-02-20,GB,1796,4,2028.19
2023-02-21,CA,1689,3,586.5
2023-02-21,GB,1514,3,718.02
2023-02-22,CA,1815,4,2287.96
2023-02-22,GB,1623,4,867.93
2023-02-23,CA,1829,9,2506.31
2023-02-23,GB,1610,0,0
2023-02-24,CA,1733,14,3411.44
2023-02-24,GB,1601,3,380.76
2023-02-25,CA,2090,6,1112.5
2023-02-25,GB,1614,2,736.02
2023-02-26,CA,1944,6,1368.01
2023-02-26,GB,1821,1,118.22
2023-02-27,CA,1839,9,1821.49
2023-02-27,GB,1619,1,339.45
2023-02-28,CA,1653,7,1307.96
2023-02-28,GB,1658,5,1046.92
2023-03-01,CA,1679,4,1539.3
2023-03-01,GB,1723,6,1386.27
2023-03-02,CA,1591,8,2362.68
2023-03-02,GB,1727,3,887.62
2023-03-03,CA,1723,8,1894.43
2023-03-03,GB,1526,2,469.45
2023-03-04,CA,1832,9,3100.55
2023-03-04,GB,1604,5,1262.72
2023-03-05,CA,1760,3,846.19
2023-03-05,GB,1824,2,537.24
2023-03-06,CA,1542,2,219.45
2023-03-06,GB,1774,3,565.54
2023-03-07,CA,1602,3,530.87
2023-03-07,GB,1827,3,754.92
2023-03-08,CA,1564,5,1535.86
2023-03-08,GB,1618,8,2262.13
2023-03-09,CA,1578,8,1131.84
2023-03-09,GB,1702,8,1792
2023-03-10,CA,1701,7,1065.55
2023-03-10,GB,1616,3,751.17
2023-03-11,CA,1771,11,2104.98
2023-03-11,GB,1810,3,659.66
2023-03-12,CA,1947,11,2686.3
2023-03-12,GB,1897,7,1515.01
2023-03-13,CA,1643,5,1153.8
2023-03-13,GB,1683,6,1178.46
2023-03-14,CA,1570,6,2096.22
2023-03-14,GB,1733,8,2122.86
2023-03-15,CA,1676,5,1254.25
2023-03-15,GB,1833,3,938.42
2023-03-16,CA,1502,4,867.82
2023-03-16,GB,1608,9,3040.33
2023-03-17,CA,1547,8,1797.83
2023-03-17,GB,1366,5,2562.21
2023-03-18,CA,1719,3,505.21
2023-03-18,GB,1508,8,912.18
2023-03-19,CA,1967,9,1699.99
2023-03-19,GB,1652,3,1315.66
2023-03-20,CA,1600,4,937.52
2023-03-20,GB,1408,3,810.95
2023-03-21,CA,1602,8,1960.87
2023-03-21,GB,1485,3,1073.83
2023-03-22,CA,1906,9,1803.09
2023-03-22,GB,1674,4,957.35
2023-03-23,CA,1943,6,1177.51
2023-03-23,GB,1727,3,507.76
2023-03-24,CA,2141,5,1154.96
2023-03-24,GB,1601,3,511.24
2023-03-25,CA,2025,6,1324.22
2023-03-25,GB,1657,3,577.79
2023-03-26,CA,2256,7,1500.13
2023-03-26,GB,1908,10,2905.09
2023-03-27,CA,2057,4,1239.41
2023-03-27,GB,1680,2,414.78
2023-03-28,CA,1953,6,2202.59
2023-03-28,GB,1621,6,1279.33
2023-03-29,CA,1693,6,1304.59
2023-03-29,GB,1492,2,1176.19
2023-03-30,CA,1572,10,3004.56
2023-03-30,GB,1445,4,1385.71
2023-03-31,CA,1815,5,1236.46
2023-03-31,GB,1463,3,922.2
2023-04-01,CA,2041,7,1306.4
2023-04-01,GB,1671,4,1457.14
2023-04-02,CA,1943,4,690.02
2023-04-02,GB,1788,4,644.78
2023-04-03,CA,1701,4,560.6
2023-04-03,GB,1683,3,1105.64
2023-04-04,CA,1597,4,844.27
2023-04-04,GB,1493,8,1763.85
2023-04-05,CA,1787,14,2793.45
2023-04-05,GB,1763,7,1693.07
2023-04-06,CA,1553,6,1099.2
2023-04-06,GB,1533,5,1582.15
2023-04-07,CA,1970,14,3820.18
2023-04-07,GB,1534,2,296.06
2023-04-08,CA,1947,5,1172.39
2023-04-08,GB,1570,4,1134.29
2023-04-09,CA,2131,8,1469.37
2023-04-09,GB,1676,3,555.2
2023-04-10,CA,1763,6,1512.81
2023-04-10,GB,1714,2,503.57
2023-04-11,CA,1505,7,1027.13
2023-04-11,GB,1544,2,586.69
2023-04-12,CA,1390,4,2839.95
2023-04-12,GB,1604,3,547.56
2023-04-13,CA,1622,11,2203.82
2023-04-13,GB,1529,6,1096.33
2023-04-14,CA,1678,4,717.84
2023-04-14,GB,1623,5,1133.66
2023-04-15,CA,1743,10,1928.56
2023-04-15,GB,1480,2,552.66
2023-04-16,CA,1780,4,745.22
2023-04-16,GB,1582,2,679.81
2023-04-17,CA,1914,7,1923.07
2023-04-17,GB,1722,4,885.62
2023-04-18,CA,1707,7,1632.88
2023-04-18,GB,1548,3,507.2
2023-04-19,CA,1560,8,1532.39
2023-04-19,GB,1517,10,1691.45
2023-04-20,CA,1900,8,1826.72
2023-04-20,GB,1319,6,943.52
2023-04-21,CA,1940,12,1998.79
2023-04-21,GB,1555,8,1601.59
2023-04-22,CA,2134,4,780.24
2023-04-22,GB,1631,7,1575.18
2023-04-23,CA,2441,10,2727.43
2023-04-23,GB,2008,7,1176.23
2023-04-24,CA,2244,1,210.68
2023-04-24,GB,1803,8,4970.69
2023-04-25,CA,1851,10,2422.92
2023-04-25,GB,1447,2,484.23
2023-04-26,CA,1669,3,731.87
2023-04-26,GB,1369,8,1798.34
2023-04-27,CA,1975,5,1035.87
2023-04-27,GB,1613,4,1422.77
2023-04-28,CA,1860,7,2392.78
2023-04-28,GB,1474,9,1548.91
2023-04-29,CA,1830,4,917.87
2023-04-29,GB,1560,5,692.9
2023-04-30,CA,1830,12,3827.77
2023-04-30,GB,1573,5,1333.01
2023-05-01,CA,1655,8,1195.06
2023-05-01,GB,1619,6,1894.29
2023-05-02,CA,1587,1,162.18
2023-05-02,GB,1421,4,692.16
2023-05-03,CA,1530,9,4198.46
2023-05-03,GB,1346,7,1313.77
2023-05-04,CA,1654,8,1037.16
2023-05-04,GB,1382,8,1472.11
2023-05-05,CA,1669,7,1550.54
2023-05-05,GB,1283,2,317.52
2023-05-06,CA,1604,6,1204.55
2023-05-06,GB,1550,7,996.79
2023-05-07,CA,1843,15,2842.01
2023-05-07,GB,1433,4,2261.13
2023-05-08,CA,1761,9,3019.94
2023-05-08,GB,1693,5,1515.03
2023-05-09,CA,1652,8,1091.79
2023-05-09,GB,1434,5,1336.65
2023-05-10,CA,1670,5,961.34
2023-05-10,GB,1375,6,1688.18
2023-05-11,CA,1498,6,2149.71
2023-05-11,GB,1323,4,2123.92
2023-05-12,CA,1618,6,2276.77
2023-05-12,GB,1193,7,2039.16
2023-05-13,CA,1742,9,3164.75
2023-05-13,GB,1316,6,991.88
2023-05-14,CA,1725,6,2493.61
2023-05-14,GB,1397,4,681.6
2023-05-15,CA,1610,2,392.57
2023-05-15,GB,1331,2,596.26
2023-05-16,CA,1707,10,2692.07
2023-05-16,GB,1334,2,328.72
2023-05-17,CA,1639,8,2225.81
2023-05-17,GB,1391,4,818.52
2023-05-18,CA,1746,9,2268.95
2023-05-18,GB,1415,9,2290.55
2023-05-19,CA,1650,21,3382.97
2023-05-19,GB,1408,7,2691.85
2023-05-20,CA,1726,8,2038.55
2023-05-20,GB,1519,5,1330.09
2023-05-21,CA,1702,6,1015.16
2023-05-21,GB,1734,9,1763.27
2023-05-22,CA,2043,5,733.85
2023-05-22,GB,1590,6,1262.24
2023-05-23,CA,1625,4,859.7
2023-05-23,GB,1504,6,1482.63
2023-05-24,CA,1894,12,2963.36
2023-05-24,GB,1501,11,2883.3
2023-05-25,CA,1948,13,4512.03
2023-05-25,GB,1459,9,2577.79
2023-05-26,CA,1944,12,3034.37
2023-05-26,GB,1371,4,846.39
2023-05-27,CA,1978,15,4393.83
2023-05-27,GB,1415,5,1124.45
2023-05-28,CA,1944,10,3040.9
2023-05-28,GB,1380,3,1096.86
2023-05-29,CA,1782,12,2895.71
2023-05-29,GB,1557,7,1503.13
2023-05-30,CA,2027,4,503.79
2023-05-30,GB,1633,3,1190.8
2023-05-31,CA,1917,12,3509.55
2023-05-31,GB,1753,5,1793.83
2023-06-01,CA,1558,6,1023.73
2023-06-01,GB,1499,4,1066.84
2023-06-02,CA,1418,12,2262.62
2023-06-02,GB,1303,5,1496.26
2023-06-03,CA,1550,6,944.46
2023-06-03,GB,1323,4,943.53
2023-06-04,CA,1776,12,1906.57
2023-06-04,GB,1501,6,1257.56
2023-06-05,CA,1876,7,1816.34
2023-06-05,GB,1357,4,1310.38
2023-06-06,CA,1878,10,2146.93
2023-06-06,GB,1264,5,1062.08
2023-06-07,CA,1771,11,1857.89
2023-06-07,GB,1202,3,577.68
2023-06-08,CA,1566,4,528.57
2023-06-08,GB,1179,5,2069.64
2023-06-09,CA,1490,10,3127.83
2023-06-09,GB,1010,5,880.65
2023-06-10,CA,1550,8,2528.4
2023-06-10,GB,1135,9,1521.56
2023-06-11,CA,1713,7,2421.71
2023-06-11,GB,1214,6,1307.86
2023-06-12,CA,1804,6,1594.93
2023-06-12,GB,1338,3,778.6
2023-06-13,CA,2250,8,802.21
2023-06-13,GB,1290,4,800.48
2023-06-14,CA,1793,10,2295.84
2023-06-14,GB,1163,3,404.26
2023-06-15,CA,1823,5,887.95
2023-06-15,GB,1190,3,583.54
2023-06-16,CA,1590,13,2937.34
2023-06-16,GB,1021,5,900.23
2023-06-17,CA,1620,10,2272.61
2023-06-17,GB,1230,2,316.51
2023-06-18,CA,1902,2,496.62
2023-06-18,GB,1435,1,69.65
2023-06-19,CA,1543,4,470.48
2023-06-19,GB,1296,3,636.98
2023-06-20,CA,1730,10,2818.33
2023-06-20,GB,1380,2,797.3
2023-06-21,CA,1492,8,1644.35
2023-06-21,GB,1281,11,3084.63
2023-06-22,CA,1714,10,2428.75
2023-06-22,GB,1256,10,1868.82
2023-06-23,CA,1679,7,1570.55
2023-06-23,GB,1218,9,8005.99
2023-06-24,CA,1691,5,1621.2
2023-06-24,GB,1300,4,719.93
2023-06-25,CA,1632,5,1135.37
2023-06-25,GB,1427,5,1071.2
2023-06-26,CA,1806,10,2337.62
2023-06-26,GB,1427,8,1338.14
2023-06-27,CA,1856,8,1822.34
2023-06-27,GB,1526,12,3157.14
2023-06-28,CA,1781,8,2086.19
2023-06-28,GB,1359,8,1573.53
2023-06-29,CA,1862,6,1080.11
2023-06-29,GB,1426,10,2648.4
2023-06-30,CA,1823,13,3548.41
2023-06-30,GB,1291,6,1146.88
2023-07-01,CA,1926,7,1950.83
2023-07-01,GB,1679,10,2078.62
2023-07-02,CA,2235,10,1951.78
2023-07-02,GB,1786,7,1500.6
2023-07-03,CA,2272,10,2854.94
2023-07-03,GB,1569,3,1106.34
2023-07-04,CA,2024,8,2088.94
2023-07-04,GB,1532,12,2353.85
2023-07-05,CA,1864,10,1993.84
2023-07-05,GB,1486,4,574.16
2023-07-06,CA,1593,6,1195.63
2023-07-06,GB,1389,10,1462.65
2023-07-07,CA,1542,13,2391.07
2023-07-07,GB,1146,1,138.49
2023-07-08,CA,1541,6,1986.24
2023-07-08,GB,1266,5,1162.62
2023-07-09,CA,1640,11,1801.48
2023-07-09,GB,1520,5,1644.49
2023-07-10,CA,1672,6,1591.31
2023-07-10,GB,1478,3,445.58
2023-07-11,CA,1842,7,1400
2023-07-11,GB,1643,7,1574.74
2023-07-12,CA,1789,8,1533.68
2023-07-12,GB,1593,3,384.6
2023-07-13,CA,1785,9,2084.87
2023-07-13,GB,1757,7,937.37
2023-07-14,CA,1794,9,1883.07
2023-07-14,GB,1573,3,870.63
2023-07-15,CA,1916,8,1276.2
2023-07-15,GB,1660,6,1774.28
2023-07-16,CA,2047,16,3392.22
2023-07-16,GB,2025,10,1698.01
2023-07-17,CA,1966,11,3240.51
2023-07-17,GB,1827,3,535.03
2023-07-18,CA,1768,12,2295.03
2023-07-18,GB,1576,7,1081.67
2023-07-19,CA,1834,7,1467.28
2023-07-19,GB,1512,1,205.8
2023-07-20,CA,1872,10,3629.43
2023-07-20,GB,1635,1,177.43
2023-07-21,CA,1641,9,3078.27
2023-07-21,GB,1473,5,599.93
2023-07-22,CA,1694,4,841.44
2023-07-22,GB,1649,6,978.31
2023-07-23,CA,1781,5,1794.13
2023-07-23,GB,1762,5,1148.99
2023-07-24,CA,1880,5,832.93
2023-07-24,GB,1673,4,513.16
2023-07-25,CA,1646,7,969.02
2023-07-25,GB,1572,6,1259.79
2023-07-26,CA,1626,9,3605.4
2023-07-26,GB,1583,5,1373.78
2023-07-27,CA,1923,8,1986.61
2023-07-27,GB,1806,5,832.77
2023-07-28,CA,1606,7,1957.89
2023-07-28,GB,1655,8,1700.28
2023-07-29,CA,1743,6,1469.48
2023-07-29,GB,1853,7,1175.09
2023-07-30,CA,1558,8,1799.11
2023-07-30,GB,1819,10,2011.36
2023-07-31,CA,1700,7,1439.72
2023-07-31,GB,1803,4,1322.94
2023-08-01,CA,1600,3,328.74
2023-08-01,GB,1688,4,707.69
2023-08-02,CA,1630,7,2268.72
2023-08-02,GB,1802,3,536.97
2023-08-03,CA,1717,9,3256.87
2023-08-03,GB,1591,4,817.02
2023-08-04,CA,1580,8,3219.62
2023-08-04,GB,1553,5,568.47
2023-08-05,CA,1687,8,2186.82
2023-08-05,GB,1636,5,2016.81
2023-08-06,CA,1750,5,1747.09
2023-08-06,GB,1608,5,1520.49
2023-08-07,CA,1922,10,2748.91
2023-08-07,GB,1435,8,2528.47
2023-08-08,CA,1953,6,1317.13
2023-08-08,GB,1546,5,1273.71
2023-08-09,CA,1735,6,1907.45
2023-08-09,GB,1469,4,615.53
2023-08-10,CA,1702,4,452.67
2023-08-10,GB,1325,3,513.53
2023-08-11,CA,1672,3,713.79
2023-08-11,GB,1362,1,367.43
2023-08-12,CA,1681,7,1115.1
2023-08-12,GB,1262,7,1835.39
2023-08-13,CA,1836,2,378.09
2023-08-13,GB,1551,4,895.34
2023-08-14,CA,1995,7,2180.68
2023-08-14,GB,1607,2,504.66
2023-08-15,CA,2023,7,869.79
2023-08-15,GB,1504,2,2837.35
2023-08-16,CA,2018,8,1180.83
2023-08-16,GB,1451,4,1024.68
2023-08-17,CA,1746,3,181.91
2023-08-17,GB,1378,2,505.88
2023-08-18,CA,1736,10,1533.69
2023-08-18,GB,1538,4,1397.81
2023-08-19,CA,1831,7,1570.91
2023-08-19,GB,1452,8,2569.19
2023-08-20,CA,1845,13,4407.37
2023-08-20,GB,1480,6,1858.27
2023-08-21,CA,2016,9,1431.33
2023-08-21,GB,1611,2,242.72
2023-08-22,CA,1959,7,1265.87
2023-08-22,GB,1502,3,399.45
2023-08-23,CA,2012,7,1868.3
2023-08-23,GB,1536,3,916.11
2023-08-24,CA,1892,9,2457.38
2023-08-24,GB,1541,6,1216.69
2023-08-25,CA,1748,3,737.19
2023-08-25,GB,1503,6,667.85
2023-08-26,CA,1732,4,1978.17
2023-08-26,GB,1429,5,995.21
2023-08-27,CA,1908,11,2947.2
2023-08-27,GB,1610,7,1712.82
2023-08-28,CA,1716,7,1028.37
2023-08-28,GB,1643,5,1324.07
2023-08-29,CA,1813,7,960.98
2023-08-29,GB,1736,9,1747.46
2023-08-30,CA,1655,6,1486.03
2023-08-30,GB,1610,5,1319.69
2023-08-31,CA,1807,9,1358.04
2023-08-31,GB,1829,13,1932.56
2023-09-01,CA,1706,9,3245.95
2023-09-01,GB,1643,5,1682.64
2023-09-02,CA,1824,12,2588.8
2023-09-02,GB,1614,6,1574.08
2023-09-03,CA,2035,9,1878.75
2023-09-03,GB,1677,11,2710.65
2023-09-04,CA,2294,12,2151.52
2023-09-04,GB,1623,7,1404.21
2023-09-05,CA,1907,11,2271.36
2023-09-05,GB,1737,7,1230.03
2023-09-06,CA,1682,8,1566.56
2023-09-06,GB,1366,5,1449.07
2023-09-07,CA,1705,3,604.59
2023-09-07,GB,1360,4,1277.03
2023-09-08,CA,1524,7,1372.47
2023-09-08,GB,1292,7,1041.19
2023-09-09,CA,1635,5,829.04
2023-09-09,GB,1373,6,1167.83
2023-09-10,CA,1802,7,1997.87
2023-09-10,GB,1633,5,1829.63
2023-09-11,CA,1703,3,644.61
2023-09-11,GB,1545,5,1659.14
2023-09-12,CA,1902,2,320.74
2023-09-12,GB,1582,5,1139.35
2023-09-13,CA,1834,5,670.1
2023-09-13,GB,1580,4,753.81
2023-09-14,CA,1744,8,1203.78
2023-09-14,GB,1612,9,2135.9
2023-09-15,CA,1644,4,1871.18
2023-09-15,GB,1334,8,1991.13
2023-09-16,CA,1916,7,1874.36
2023-09-16,GB,1538,5,1248.67
2023-09-17,CA,1821,11,4589.74
2023-09-17,GB,1723,7,1144.52
2023-09-18,CA,2098,11,2144.56
2023-09-18,GB,1767,8,2463.11
2023-09-19,CA,1935,14,2934.38
2023-09-19,GB,1655,2,294.44
2023-09-20,CA,1818,9,2062.23
2023-09-20,GB,1720,4,694.56
2023-09-21,CA,1687,9,2811.6
2023-09-21,GB,1720,6,1121.36
2023-09-22,CA,2153,8,1908.71
2023-09-22,GB,1741,9,1848.11
2023-09-23,CA,2383,13,2792.33
2023-09-23,GB,1838,4,922.16
2023-09-24,CA,2214,8,963.62
2023-09-24,GB,2281,6,1897.69
2023-09-25,CA,1834,3,448.35
2023-09-25,GB,2009,8,1912.34
2023-09-26,CA,1883,11,2551.24
2023-09-26,GB,1745,3,475.22
2023-09-27,CA,1935,3,754.04
2023-09-27,GB,1851,6,1379.41
2023-09-28,CA,1884,8,1473
2023-09-28,GB,1734,4,931.44
2023-09-29,CA,1733,6,1317.59
2023-09-29,GB,1772,5,1300.28
2023-09-30,CA,1941,8,2366.14
2023-09-30,GB,1832,7,1213.97
2023-10-01,CA,1932,4,758.2
2023-10-01,GB,2054,12,3575.2
2023-10-02,CA,1808,7,1353.3
2023-10-02,GB,1985,7,1476.71
2023-10-03,CA,1847,6,1453.23
2023-10-03,GB,1809,9,2068.94
2023-10-04,CA,2403,5,775.9
2023-10-04,GB,2889,7,927.9
2023-10-05,CA,1979,5,1386
2023-10-05,GB,2565,5,906.87
2023-10-06,CA,1722,4,2407.61
2023-10-06,GB,1778,8,1500.7
2023-10-07,CA,1729,2,539.46
2023-10-07,GB,1721,3,712.7
2023-10-08,CA,2039,9,1960.31
2023-10-08,GB,2073,6,1649.64
2023-10-09,CA,2062,8,2046.36
2023-10-09,GB,1733,2,436.06
2023-10-10,CA,1795,6,1131.43
2023-10-10,GB,1471,7,2287.1
2023-10-11,CA,1976,6,1458.58
2023-10-11,GB,1754,5,858
2023-10-12,CA,1940,6,1330.02
2023-10-12,GB,1971,5,1605.19
2023-10-13,CA,1977,10,2239.58
2023-10-13,GB,1994,8,2274.07
2023-10-14,CA,2124,6,1403.53
2023-10-14,GB,1908,11,2812.94
2023-10-15,CA,2164,9,2439.22
2023-10-15,GB,2140,6,1240.55
2023-10-16,CA,1877,7,1773.74
2023-10-16,GB,1968,6,1730.08
2023-10-17,CA,1945,6,1742.81
2023-10-17,GB,1894,7,1409.29
2023-10-18,CA,1952,8,2231.22
2023-10-18,GB,1973,7,1641.59
2023-10-19,CA,1845,8,1280.94
2023-10-19,GB,1885,4,772.47
2023-10-20,CA,1912,9,2458.54
2023-10-20,GB,1752,2,295.83
2023-10-21,CA,2205,4,1032.3
2023-10-21,GB,2152,6,1465.5
2023-10-22,CA,2314,10,1911.21
2023-10-22,GB,2576,11,3569.74
2023-10-23,CA,2059,9,2019.96
2023-10-23,GB,2333,8,2212.8
2023-10-24,CA,2151,10,3317.52
2023-10-24,GB,2187,7,1460.24
2023-10-25,CA,2346,8,3863.68
2023-10-25,GB,2634,20,5157.92
2023-10-26,CA,2081,11,1811.57
2023-10-26,GB,2077,6,1568.72
2023-10-27,CA,2071,8,1683
2023-10-27,GB,1924,4,731.52
2023-10-28,CA,2050,7,2943.47
2023-10-28,GB,1969,8,2404.52
2023-10-29,CA,1930,5,576.85
2023-10-29,GB,2053,8,2544.33
2023-10-30,CA,1809,5,645.29
2023-10-30,GB,1827,2,693.3
2023-10-31,CA,1614,5,1065.23
2023-10-31,GB,1738,9,2033.94
2023-11-01,CA,2032,11,4091.86
2023-11-01,GB,2042,8,2395.04
2023-11-02,CA,1972,9,2369.52
2023-11-02,GB,2319,4,1238.38
2023-11-03,CA,1891,10,3052.18
2023-11-03,GB,2195,8,1465.39
2023-11-04,CA,2027,6,1715.38
2023-11-04,GB,2266,13,2670.89
2023-11-05,CA,2246,9,1758.93
2023-11-05,GB,2431,4,973.71
2023-11-06,CA,2014,10,1142.77
2023-11-06,GB,2234,11,2319.37
2023-11-07,CA,2078,10,2446.57
2023-11-07,GB,2061,4,964.25
2023-11-08,CA,1971,11,1986.52
2023-11-08,GB,2039,7,1261.86
2023-11-09,CA,1978,7,1053.4
2023-11-09,GB,2143,13,4236.37
2023-11-10,CA,1869,9,1584.97
2023-11-10,GB,1987,7,1927.09
2023-11-11,CA,2187,7,1903.2
2023-11-11,GB,2216,4,869.5
2023-11-12,CA,2078,7,908.45
2023-11-12,GB,2489,9,1715.82
2023-11-13,CA,2194,6,1364.83
2023-11-13,GB,2100,8,2485.09
2023-11-14,CA,2168,9,1969.66
2023-11-14,GB,2280,5,893.46
2023-11-15,CA,2330,19,3227.55
2023-11-15,GB,2345,9,3188.62
2023-11-16,CA,2402,18,2203.53
2023-11-16,GB,2379,5,855.48
2023-11-17,CA,2587,28,5489.96
2023-11-17,GB,2514,10,2370.67
2023-11-18,CA,2951,26,5070.45
2023-11-18,GB,2787,13,3300.41
2023-11-19,CA,3126,35,6423.88
2023-11-19,GB,3082,13,3417.46
2023-11-20,CA,3139,32,5079.18
2023-11-20,GB,2709,13,2872.33
2023-11-21,CA,3588,28,4365.04
2023-11-21,GB,2807,6,1476.07
2023-11-22,CA,3735,42,7488.4
2023-11-22,GB,2841,11,3110.01
2023-11-23,CA,4383,49,9494.89
2023-11-23,GB,3321,19,4150.48
2023-11-24,CA,5288,101,18419.98
2023-11-24,GB,3795,27,6482.79
2023-11-25,CA,4446,50,7980.96
2023-11-25,GB,3382,18,4251.6
2023-11-26,CA,4215,59,9329.44
2023-11-26,GB,3405,20,4917.37
2023-11-27,CA,4016,47,8577.34
2023-11-27,GB,3061,25,6319.65
2023-11-28,CA,3494,37,6187.13
2023-11-28,GB,2713,15,3603.89
2023-11-29,CA,3167,39,8915.85
2023-11-29,GB,2474,10,1161.68
2023-11-30,CA,3141,40,6643.93
2023-11-30,GB,2390,14,3337.18
2023-12-01,CA,2760,40,6194.17
2023-12-01,GB,2188,17,3701.28
2023-12-02,CA,2679,29,6306.7
2023-12-02,GB,2469,23,5898.37
2023-12-03,CA,2963,30,5344.24
2023-12-03,GB,2685,18,3777.71
2023-12-04,CA,2761,21,3681.86
2023-12-04,GB,2640,19,3406.35
2023-12-05,CA,2618,38,6873.7
2023-12-05,GB,2166,9,2558.57
2023-12-06,CA,2528,25,3871.9
2023-12-06,GB,2269,17,3498.36
2023-12-07,CA,2598,28,3699.26
2023-12-07,GB,2294,14,3037.91
2023-12-08,CA,2612,36,6248.27
2023-12-08,GB,2162,15,4084.75
2023-12-09,CA,2655,49,7699.67
2023-12-09,GB,2461,19,6867.58
2023-12-10,CA,2801,23,3322.33
2023-12-10,GB,2598,7,1848.94
2023-12-11,CA,2665,29,4870.6
2023-12-11,GB,2383,20,3711.24
2023-12-12,CA,2620,34,5496.04
2023-12-12,GB,2252,22,3869.83
2023-12-13,CA,2483,26,4966.8
2023-12-13,GB,2222,10,2934.47
2023-12-14,CA,2423,24,6357.89
2023-12-14,GB,2049,13,3767.23
2023-12-15,CA,2327,34,5062.57
2023-12-15,GB,2000,14,3153.47
2023-12-16,CA,2420,17,2404.26
2023-12-16,GB,2108,17,3077.5
2023-12-17,CA,2537,23,2939.3
2023-12-17,GB,2309,19,2764.44
2023-12-18,CA,2470,23,4289.02
2023-12-18,GB,2402,18,2836.19
2023-12-19,CA,2355,21,3838.04
2023-12-19,GB,2177,15,3031.04
2023-12-20,CA,2152,14,2337.8
2023-12-20,GB,2016,14,2765.33
2023-12-21,CA,2223,17,2578.08
2023-12-21,GB,1961,7,1347.25
2023-12-22,CA,2280,26,4779.12
2023-12-22,GB,2032,12,3853.19
2023-12-23,CA,2401,13,2633.55
2023-12-23,GB,1964,3,752.6
2023-12-24,CA,2586,16,2741.33
2023-12-24,GB,1873,2,423.26
2023-12-25,CA,3905,29,5701.69
2023-12-25,GB,3095,9,2696.05
2023-12-26,CA,4890,48,12373.1
2023-12-26,GB,3445,7,1668.66
2023-12-27,CA,3352,26,4089.87
2023-12-27,GB,2793,10,2060.02
2023-12-28,CA,3025,36,6550.38
2023-12-28,GB,2690,17,4127.73
2023-12-29,CA,2841,30,5772.57
2023-12-29,GB,2617,12,3638.88
2023-12-30,CA,2718,20,3042.11
2023-12-30,GB,2401,9,1614.36
2023-12-31,CA,2373,19,3641.37
2023-12-31,GB,2072,7,1658.37
2024-01-01,CA,2313,12,1765.98
2024-01-01,GB,2276,11,3112.31
2024-01-02,CA,2232,14,2482.47
2024-01-02,GB,2254,6,2051.44
2024-01-03,CA,2206,20,4624.38
2024-01-03,GB,2019,8,1806.41
2024-01-04,CA,2063,18,2959.27
2024-01-04,GB,1973,6,952.41
2024-01-05,CA,2300,17,3076.69
2024-01-05,GB,1960,10,1738.9
2024-01-06,CA,2385,26,5049.81
2024-01-06,GB,1988,2,374.53
2024-01-07,CA,2672,19,3484.98
2024-01-07,GB,2125,5,861.1
2024-01-08,CA,2437,18,3665.11
2024-01-08,GB,2098,10,2445.29
2024-01-09,CA,2315,18,3526.96
2024-01-09,GB,1949,5,1273.39
2024-01-10,CA,2264,22,3936.66
2024-01-10,GB,2040,6,1129.76
2024-01-11,CA,2168,16,2842.69
2024-01-11,GB,1800,9,1594.4
2024-01-12,CA,2237,15,3602.16
2024-01-12,GB,1843,9,2107.83
2024-01-13,CA,2344,17,4914.76
2024-01-13,GB,2055,2,394.61
2024-01-14,CA,2370,13,2143.05
2024-01-14,GB,2161,5,949.94
2024-01-15,CA,1992,13,2937.44
2024-01-15,GB,1907,6,2962.17
2024-01-16,CA,2129,11,1490.48
2024-01-16,GB,1911,6,1145.5
2024-01-17,CA,2130,21,4062.99
2024-01-17,GB,1853,10,2136.67
2024-01-18,CA,2173,16,3545.7
2024-01-18,GB,1701,5,1160.46
2024-01-19,CA,2294,11,1883.79
2024-01-19,GB,1699,12,2080.24
2024-01-20,CA,2373,22,3767.34
2024-01-20,GB,1998,11,4298.01
2024-01-21,CA,2216,23,3383.03
2024-01-21,GB,2110,3,410.27
2024-01-22,CA,2047,13,3547.13
2024-01-22,GB,1722,5,1044.54
2024-01-23,CA,1960,9,2384.16
2024-01-23,GB,1678,4,1293.19
2024-01-24,CA,1983,9,2239.08
2024-01-24,GB,1767,4,3115.24
2024-01-25,CA,1912,16,2874.87
2024-01-25,GB,1801,2,746.61
2024-01-26,CA,1815,17,2651.86
2024-01-26,GB,1753,9,2252.86
2024-01-27,CA,1982,10,2190.67
2024-01-27,GB,2050,0,0
2024-01-28,CA,2005,13,1746.52
2024-01-28,GB,2303,6,859.14
2024-01-29,CA,1922,10,1808.79
2024-01-29,GB,2020,10,1313.62
2024-01-30,CA,1850,9,1763.45
2024-01-30,GB,1927,5,620.1
2024-01-31,CA,1833,11,1555.08
2024-01-31,GB,1897,27,5740.28
2024-02-01,CA,1869,14,1953.8
2024-02-01,GB,1712,7,1235.72
2024-02-02,CA,1698,10,1152.23
2024-02-02,GB,1682,9,2211.9
2024-02-03,CA,2007,14,2926.5
2024-02-03,GB,1874,9,3336.45
2024-02-04,CA,2136,14,2563.37
2024-02-04,GB,2022,5,1392.22
2024-02-05,CA,1782,7,1576.74
2024-02-05,GB,1924,5,797.86
2024-02-06,CA,1831,14,2338.92
2024-02-06,GB,1713,6,2691.11
2024-02-07,CA,1776,6,789.58
2024-02-07,GB,1768,7,1970.39
2024-02-08,CA,1936,11,2574.65
2024-02-08,GB,1889,6,1309.59
2024-02-09,CA,1764,11,1392.36
2024-02-09,GB,1876,4,959.49
2024-02-10,CA,2019,13,2879.58
2024-02-10,GB,1905,6,703.59
2024-02-11,CA,1969,17,3391.61
2024-02-11,GB,1943,4,871.45
2024-02-12,CA,1813,5,724.3
2024-02-12,GB,1796,7,1523.92
2024-02-13,CA,1803,8,1374.93
2024-02-13,GB,1746,5,2348.04
2024-02-14,CA,1622,15,4260.15
2024-02-14,GB,1610,4,923.32
2024-02-15,CA,1839,13,2278.06
2024-02-15,GB,1800,11,2459.1
2024-02-16,CA,1865,14,5070
2024-02-16,GB,1738,6,2175.29
2024-02-17,CA,1862,12,1587.18
2024-02-17,GB,1876,7,2626.58
2024-02-18,CA,2114,10,2449.12
2024-02-18,GB,2037,6,3154.78
2024-02-19,CA,2004,19,3525.7
2024-02-19,GB,1738,4,1449.01
2024-02-20,CA,1982,13,2154.19
2024-02-20,GB,1769,7,1307.47
2024-02-21,CA,1975,16,3420.6
2024-02-21,GB,1693,4,1118.11
2024-02-22,CA,1801,5,524.54
2024-02-22,GB,1689,1,158.44
2024-02-23,CA,1763,22,3169.69
2024-02-23,GB,1620,6,1936.92
2024-02-24,CA,1992,15,1275.65
2024-02-24,GB,1665,6,1350.92
2024-02-25,CA,2025,7,812
2024-02-25,GB,1923,11,3146.53
2024-02-26,CA,1964,11,2145.84
2024-02-26,GB,1676,11,2966.77
2024-02-27,CA,1906,15,2644.98
2024-02-27,GB,1668,4,1094.95
2024-02-28,CA,1933,16,5191.7
2024-02-28,GB,1833,9,2522.19
2024-02-29,CA,1823,8,1446.37
2024-02-29,GB,1588,10,1947.32
2024-03-01,CA,1812,19,3580.5
2024-03-01,GB,1391,2,871.98
2024-03-02,CA,1981,13,1862.77
2024-03-02,GB,1589,4,798.32
2024-03-03,CA,2131,13,1926.79
2024-03-03,GB,2286,5,1404.39
2024-03-04,CA,1900,16,3497.13
2024-03-04,GB,1571,9,2476.86
2024-03-05,CA,1801,7,1901.2
2024-03-05,GB,1468,3,685.02
2024-03-06,CA,1940,14,2708.04
2024-03-06,GB,1629,12,3082.76
2024-03-07,CA,1992,10,1951.92
2024-03-07,GB,1544,6,1359.88
2024-03-08,CA,1853,13,2530
2024-03-08,GB,1297,5,1100.73
2024-03-09,CA,2269,30,8194.85
2024-03-09,GB,1584,3,948.64
2024-03-10,CA,2249,12,2718.41
2024-03-10,GB,1729,2,330.52
2024-03-11,CA,2338,11,1998.27
2024-03-11,GB,1504,13,2728.78
2024-03-12,CA,1920,9,1587.17
2024-03-12,GB,1393,3,862.98
2024-03-13,CA,1813,10,1578.51
2024-03-13,GB,1561,3,342.22
2024-03-14,CA,1844,19,3361.76
2024-03-14,GB,1577,6,1486.87
2024-03-15,CA,1829,20,3308.64
2024-03-15,GB,1421,6,1388.34
2024-03-16,CA,1877,14,2525.54
2024-03-16,GB,1836,8,3190.21
2024-03-17,CA,1880,14,3733.93
2024-03-17,GB,1659,3,919.06
2024-03-18,CA,1926,15,1833.2
2024-03-18,GB,1502,4,1190.36
2024-03-19,CA,1883,15,4493.18
2024-03-19,GB,1489,1,152.01
2024-03-20,CA,1906,11,2265.33
2024-03-20,GB,1425,8,1836.27
2024-03-21,CA,1896,12,2010.96
2024-03-21,GB,1460,1,84.51
2024-03-22,CA,1966,14,2698.16
2024-03-22,GB,1387,5,1257.51
2024-03-23,CA,2163,17,4491.45
2024-03-23,GB,1639,6,1713.81
2024-03-24,CA,2218,11,2754.49
2024-03-24,GB,1655,5,1620.14
2024-03-25,CA,2053,22,4279.17
2024-03-25,GB,1546,6,1079.72
2024-03-26,CA,1921,11,1574.88
2024-03-26,GB,1454,6,1777.65
2024-03-27,CA,1737,11,1669.69
2024-03-27,GB,1529,5,1314.77
2024-03-28,CA,1871,15,2797.42
2024-03-28,GB,1493,10,2139.71
2024-03-29,CA,1973,14,2195.01
2024-03-29,GB,1780,7,1149.13
2024-03-30,CA,2006,17,4269.19
2024-03-30,GB,1645,5,1738.85
2024-03-31,CA,1930,11,1766.6
2024-03-31,GB,1727,6,809.38
2024-04-01,CA,2228,12,1983.72
2024-04-01,GB,1852,7,2064.3
2024-04-02,CA,5107,12,1656.33
2024-04-02,GB,1781,9,2410.37
2024-04-03,CA,3916,16,2816.06
2024-04-03,GB,1798,6,1362.76
2024-04-04,CA,1874,16,3047.8
2024-04-04,GB,1766,5,1061.35
2024-04-05,CA,4724,9,1634.62
2024-04-05,GB,1556,5,1445.75
2024-04-06,CA,2942,16,4596.51
2024-04-06,GB,1596,7,2020.23
2024-04-07,CA,2274,13,3714.22
2024-04-07,GB,1727,3,649.23
2024-04-08,CA,2008,8,1366.88
2024-04-08,GB,1826,4,627.98
2024-04-09,CA,1802,12,3514.02
2024-04-09,GB,1626,10,2605.9
2024-04-10,CA,2127,18,3914.99
2024-04-10,GB,1571,3,471.26
2024-04-11,CA,4081,16,6057.79
2024-04-11,GB,1659,8,2540.46
2024-04-12,CA,2058,22,3760.92
2024-04-12,GB,1427,7,1319.28
2024-04-13,CA,2404,18,3365.63
2024-04-13,GB,1525,5,1765.86
2024-04-14,CA,2185,16,2173.39
2024-04-14,GB,1604,8,2837.24
2024-04-15,CA,2001,8,1140.56
2024-04-15,GB,1441,4,424.17
2024-04-16,CA,2056,13,2392.73
2024-04-16,GB,1348,4,1118.83
2024-04-17,CA,2392,10,2977.07
2024-04-17,GB,1387,3,722.13
2024-04-18,CA,2256,16,2759.57
2024-04-18,GB,1403,10,2496.35
2024-04-19,CA,2032,13,3810.77
2024-04-19,GB,1384,7,1610.7
2024-04-20,CA,2095,12,1957.32
2024-04-20,GB,1485,4,657.42
2024-04-21,CA,2253,21,4964.52
2024-04-21,GB,1517,4,995.18
2024-04-22,CA,2438,14,1887.2
2024-04-22,GB,1419,5,1554.32
2024-04-23,CA,2223,14,3882.8
2024-04-23,GB,1436,3,1303.89
2024-04-24,CA,2006,12,2482.44
2024-04-24,GB,2100,5,1065.35
2024-04-25,CA,1831,10,1197.23
2024-04-25,GB,1561,2,542.1
2024-04-26,CA,1819,11,2313.89
2024-04-26,GB,1476,5,1815.38
2024-04-27,CA,2047,11,1855.92
2024-04-27,GB,1641,6,1848.71
2024-04-28,CA,2268,17,3227.23
2024-04-28,GB,1898,4,998.99
2024-04-29,CA,1959,10,2176.06
2024-04-29,GB,1576,4,873.64
2024-04-30,CA,1811,9,1589.59
2024-04-30,GB,1465,3,1124.01
2024-05-01,CA,1783,11,1859.11
2024-05-01,GB,1416,6,1661.45
2024-05-02,CA,1750,9,1262.39
2024-05-02,GB,1376,6,1413.49
2024-05-03,CA,1670,18,3206.67
2024-05-03,GB,1392,6,925.83
2024-05-04,CA,2022,11,2335.9
2024-05-04,GB,1646,7,1786.13
2024-05-05,CA,2098,11,1202.13
2024-05-05,GB,1806,6,2742.84
2024-05-06,CA,1911,15,3420.12
2024-05-06,GB,1957,6,1015.74
2024-05-07,CA,1811,18,4969.39
2024-05-07,GB,1546,2,390.58
2024-05-08,CA,1984,13,3609
2024-05-08,GB,1508,3,699.61
2024-05-09,CA,2042,17,2716.56
2024-05-09,GB,1631,5,846.85
2024-05-10,CA,1897,15,3181.56
2024-05-10,GB,1311,8,1395.8
2024-05-11,CA,1960,16,2838.81
2024-05-11,GB,1457,4,934.31
2024-05-12,CA,2034,10,2030.67
2024-05-12,GB,1528,7,2008.81
2024-05-13,CA,1973,10,2923.67
2024-05-13,GB,1608,5,1102.17
2024-05-14,CA,1975,9,1220.58
2024-05-14,GB,1485,5,1846.4
2024-05-15,CA,1815,12,1825.19
2024-05-15,GB,1353,6,2184.5
2024-05-16,CA,1995,15,2628.63
2024-05-16,GB,1450,8,2326.87
2024-05-17,CA,1903,10,1840.71
2024-05-17,GB,1288,5,1201.35
2024-05-18,CA,1955,17,3061.25
2024-05-18,GB,1460,4,700.96
2024-05-19,CA,1887,10,2180.57
2024-05-19,GB,1530,8,2031.98
2024-05-20,CA,1997,13,2007.68
2024-05-20,GB,1378,7,1482.92
2024-05-21,CA,1838,6,976.15
2024-05-21,GB,1643,5,684.92
2024-05-22,CA,2254,17,4419.84
2024-05-22,GB,1667,9,1776.47
2024-05-23,CA,2035,12,1476.15
2024-05-23,GB,1481,8,3668.79
2024-05-24,CA,1985,13,2245.78
2024-05-24,GB,1443,7,1519.37
2024-05-25,CA,2114,11,3109.37
2024-05-25,GB,1524,4,800.92
2024-05-26,CA,2432,14,3182.05
2024-05-26,GB,1982,4,841.76
2024-05-27,CA,2298,11,2521.34
2024-05-27,GB,1909,5,1195.07
2024-05-28,CA,2037,12,2383.86
2024-05-28,GB,1721,5,654.64
2024-05-29,CA,1871,12,2666.04
2024-05-29,GB,1691,7,2082.43
2024-05-30,CA,1806,12,1846.68
2024-05-30,GB,1850,5,1138.24
2024-05-31,CA,1736,15,2945.59
2024-05-31,GB,1622,8,2347.89
2024-06-01,CA,1705,12,1604.14
2024-06-01,GB,1591,10,1853.56
2024-06-02,CA,1923,10,2230.15
2024-06-02,GB,1546,13,2606.53
2024-06-03,CA,1863,12,2904.12
2024-06-03,GB,1389,7,1161.48
2024-06-04,CA,1679,15,2539.05
2024-06-04,GB,1399,8,1367.65
2024-06-05,CA,1683,13,2333.92
2024-06-05,GB,1358,10,2693.83
2024-06-06,CA,1615,17,2601.53
2024-06-06,GB,1356,8,1809.43
2024-06-07,CA,1760,8,1671.44
2024-06-07,GB,1311,6,1487.48
2024-06-08,CA,3502,12,1451.36
2024-06-08,GB,1516,5,876.8
2024-06-09,CA,2574,19,3313.93
2024-06-09,GB,1641,6,787.74
2024-06-10,CA,1848,10,2280.27
2024-06-10,GB,1776,6,1979.53
2024-06-11,CA,1916,19,4174.35
2024-06-11,GB,1625,11,2246.18
2024-06-12,CA,1745,20,4414.83
2024-06-12,GB,1478,3,1517.11
2024-06-13,CA,1972,14,4330.37
2024-06-13,GB,1803,9,2852.65
2024-06-14,CA,1846,16,3139.01
2024-06-14,GB,1742,4,1155.37
2024-06-15,CA,1754,13,2028.74
2024-06-15,GB,1767,7,2200.9
2024-06-16,CA,1995,12,1880.91
2024-06-16,GB,1778,4,1081.57
2024-06-17,CA,1921,9,2525.81
2024-06-17,GB,1646,1,121.38
2024-06-18,CA,2429,10,1864.06
2024-06-18,GB,2334,9,2045.83
2024-06-19,CA,1868,15,3625.5
2024-06-19,GB,1704,14,2805.08
2024-06-20,CA,1933,13,2594.15
2024-06-20,GB,1553,7,2799.67
2024-06-21,CA,1765,6,1412.05
2024-06-21,GB,1554,10,2642.56
2024-06-22,CA,1691,8,2268.27
2024-06-22,GB,1499,10,2532.4
2024-06-23,CA,2016,13,2675.92
2024-06-23,GB,1646,5,1381.78
2024-06-24,CA,1806,16,4241.04
2024-06-24,GB,1463,5,1407.75
2024-06-25,CA,1847,15,2612.43
2024-06-25,GB,1373,5,1633.28
2024-06-26,CA,1685,9,3060.16
2024-06-26,GB,1294,8,2393.01
2024-06-27,CA,1780,17,4651.81
2024-06-27,GB,1321,8,1895.79
2024-06-28,CA,1741,15,3500.73
2024-06-28,GB,1526,9,4222.15
2024-06-29,CA,1881,13,2458.31
2024-06-29,GB,1579,7,1217.8
2024-06-30,CA,2181,11,1795.81
2024-06-30,GB,1670,11,2184.76
2024-07-01,CA,1991,9,2949.79
2024-07-01,GB,1511,9,1992.54
2024-07-02,CA,1991,11,2166.33
2024-07-02,GB,1501,10,1759.17
2024-07-03,CA,1899,9,1737.62
2024-07-03,GB,1595,6,1326.65
2024-07-04,CA,1850,9,2593.62
2024-07-04,GB,1451,6,1335.43
2024-07-05,CA,1649,15,4601.62
2024-07-05,GB,1341,7,1973.76
2024-07-06,CA,1818,12,2304.74
2024-07-06,GB,1625,8,2425.2
2024-07-07,CA,1832,15,3285.62
2024-07-07,GB,1640,1,585.19
2024-07-08,CA,1813,17,3472.22
2024-07-08,GB,1518,10,3221.26
2024-07-09,CA,1623,9,2006.65
2024-07-09,GB,1756,2,316.11
2024-07-10,CA,1719,16,4437.79
2024-07-10,GB,1345,6,824.05
2024-07-11,CA,1743,17,2925.73
2024-07-11,GB,1423,5,1803.35
2024-07-12,CA,1790,16,2053.99
2024-07-12,GB,1412,4,778.73
2024-07-13,CA,1732,11,2537.02
2024-07-13,GB,1521,8,1185.68
2024-07-14,CA,1766,13,2099.62
2024-07-14,GB,1545,4,1033.7
2024-07-15,CA,1818,10,2484.48
2024-07-15,GB,1688,7,1200.72
2024-07-16,CA,2061,16,4884.12
2024-07-16,GB,1681,7,1428.44
2024-07-17,CA,1835,15,2428.32
2024-07-17,GB,1537,11,2582.22
2024-07-18,CA,1820,17,3726.63
2024-07-18,GB,1490,9,2385.22
2024-07-19,CA,1724,12,2019.3
2024-07-19,GB,1248,5,1335.31
2024-07-20,CA,1673,11,1934.25
2024-07-20,GB,1422,6,967.2
2024-07-21,CA,1827,13,1933.66
2024-07-21,GB,1670,5,1449.57
2024-07-22,CA,1901,2,188.52
2024-07-22,GB,1579,5,1625.06
2024-07-23,CA,1750,10,1881.1
2024-07-23,GB,1407,7,1716.76
2024-07-24,CA,1806,7,1130.43
2024-07-24,GB,1354,8,2397.02
2024-07-25,CA,1774,15,1794.45
2024-07-25,GB,1526,9,2912.09
2024-07-26,CA,1699,5,1021.3
2024-07-26,GB,1368,8,2646.37
2024-07-27,CA,1794,11,1438.19
2024-07-27,GB,1412,5,1337.71
2024-07-28,CA,1803,10,1865.98
2024-07-28,GB,1427,11,1930.42
2024-07-29,CA,1924,10,2803.45
2024-07-29,GB,1349,4,1216.63
2024-07-30,CA,1855,6,1099.45
2024-07-30,GB,1485,6,1309.94
2024-07-31,CA,1761,15,2432.12
2024-07-31,GB,1360,8,2150.13
2024-08-01,CA,1645,11,2430.56
2024-08-01,GB,1370,7,1574.89
2024-08-02,CA,1758,13,1955.36
2024-08-02,GB,1295,6,1004.55
2024-08-03,CA,1802,10,1468.99
2024-08-03,GB,1422,8,1417.55
2024-08-04,CA,1829,10,1914.81
2024-08-04,GB,1400,4,785.85
2024-08-05,CA,2312,17,2781.14
2024-08-05,GB,1779,5,1051.31
2024-08-06,CA,2016,12,3553.21
2024-08-06,GB,1491,7,1910.9
2024-08-07,CA,1906,11,2634.5
2024-08-07,GB,1428,7,2520.21
2024-08-08,CA,1777,7,962.68
2024-08-08,GB,1393,8,1569.47
2024-08-09,CA,2060,17,2138.26
2024-08-09,GB,1293,6,1350.54
2024-08-10,CA,1870,9,1280.78
2024-08-10,GB,1304,4,821.25
2024-08-11,CA,2033,10,1442.61
2024-08-11,GB,1410,5,1009.67
2024-08-12,CA,2219,15,1891.9
2024-08-12,GB,1511,4,1133.46
2024-08-13,CA,2045,8,1025.39
2024-08-13,GB,1514,8,1922.2
2024-08-14,CA,2044,15,1424.37
2024-08-14,GB,1584,5,1214.71
2024-08-15,CA,2044,22,4607.29
2024-08-15,GB,1535,5,923.72
2024-08-16,CA,2062,17,1694.97
2024-08-16,GB,1269,5,1357.9
2024-08-17,CA,2049,10,821.54
2024-08-17,GB,1423,5,1532.59
2024-08-18,CA,2194,10,1568.22
2024-08-18,GB,1501,5,1251.67
2024-08-19,CA,2332,12,3440.43
2024-08-19,GB,1510,7,2766.24
2024-08-20,CA,2308,13,3643.18
2024-08-20,GB,1480,2,374.39
2024-08-21,CA,2182,16,2386.15
2024-08-21,GB,1546,8,1845.12
2024-08-22,CA,2209,19,2579.73
2024-08-22,GB,1461,8,1871.79
2024-08-23,CA,2025,13,3934.79
2024-08-23,GB,1357,9,2232.98
2024-08-24,CA,1970,12,1922.37
2024-08-24,GB,1488,8,1423.46
2024-08-25,CA,2222,8,688.44
2024-08-25,GB,1566,6,1835.91
2024-08-26,CA,2182,27,6383.11
2024-08-26,GB,1655,8,2443.01
2024-08-27,CA,2170,17,1800.27
2024-08-27,GB,1599,15,2987.22
2024-08-28,CA,2150,14,2133.53
2024-08-28,GB,1735,10,1893.13
2024-08-29,CA,1975,10,993.28
2024-08-29,GB,1616,7,827.87
2024-08-30,CA,1956,17,2085.63
2024-08-30,GB,1373,9,3031.54
2024-08-31,CA,2038,14,2215.24
2024-08-31,GB,1476,7,1328.09
2024-09-01,CA,2203,14,3612.9
2024-09-01,GB,1606,6,1605.82
2024-09-02,CA,2308,17,2478.49
2024-09-02,GB,1692,9,2067.28
2024-09-03,CA,1834,9,2064.83
2024-09-03,GB,1655,14,3217.07
2024-09-04,CA,2007,12,1459.81
2024-09-04,GB,1489,6,1524.69
2024-09-05,CA,1871,18,2775.01
2024-09-05,GB,1385,4,1109.74
2024-09-06,CA,1800,17,2116.16
2024-09-06,GB,1357,9,2034.51
2024-09-07,CA,1946,14,2128.03
2024-09-07,GB,1584,8,1729.62
2024-09-08,CA,2090,16,2517.35
2024-09-08,GB,1700,15,3850.88
2024-09-09,CA,1742,7,1325.84
2024-09-09,GB,1550,5,1078.55
2024-09-10,CA,1791,8,935.43
2024-09-10,GB,1781,4,683.75
2024-09-11,CA,1794,11,1361.59
2024-09-11,GB,1662,4,781.25
2024-09-12,CA,1687,14,1718.05
2024-09-12,GB,1679,6,1910.71
2024-09-13,CA,1974,16,2685.51
2024-09-13,GB,1528,9,3038.84
2024-09-14,CA,2033,9,1395.22
2024-09-14,GB,1654,8,1977.48
2024-09-15,CA,2099,10,1331.06
2024-09-15,GB,2025,6,1896.84
2024-09-16,CA,1811,10,1572.21
2024-09-16,GB,1815,9,3013.71
2024-09-17,CA,1871,13,2980.93
2024-09-17,GB,1736,16,3370.99
2024-09-18,CA,2160,13,1356.49
2024-09-18,GB,1951,10,2772.89
2024-09-19,CA,1942,14,4209.17
2024-09-19,GB,1941,3,650.08
2024-09-20,CA,2025,15,1798.47
2024-09-20,GB,1684,5,1105.33
2024-09-21,CA,2022,9,1239.01
2024-09-21,GB,1777,6,997.9
2024-09-22,CA,2075,14,3309.05
2024-09-22,GB,1875,4,906.85
2024-09-23,CA,1931,5,948.62
2024-09-23,GB,1633,6,1449.89
2024-09-24,CA,2225,9,1757.41
2024-09-24,GB,1830,10,4522.35
2024-09-25,CA,2098,16,3069.74
2024-09-25,GB,2537,16,3203.83
2024-09-26,CA,2084,9,2392.65
2024-09-26,GB,1652,9,1984.34
2024-09-27,CA,2012,14,3024.07
2024-09-27,GB,1717,5,1117.64
2024-09-28,CA,2396,12,1869.14
2024-09-28,GB,1759,8,1770.87
2024-09-29,CA,2384,14,1886.93
2024-09-29,GB,1793,12,2987.34
2024-09-30,CA,2253,11,2340.86
2024-09-30,GB,1782,13,3267.13
2024-10-01,CA,1921,22,5036.77
2024-10-01,GB,1726,5,1201.48
2024-10-02,CA,1785,10,1361.72
2024-10-02,GB,1655,11,2264.66
2024-10-03,CA,1664,11,1627.07
2024-10-03,GB,1549,8,2394.66
2024-10-04,CA,1802,10,1181.89
2024-10-04,GB,1561,3,561.81
2024-10-05,CA,2204,6,637.55
2024-10-05,GB,1983,7,1846.52
2024-10-06,CA,2437,15,2091.61
2024-10-06,GB,2747,8,1775.88
2024-10-07,CA,2064,6,971.4
2024-10-07,GB,1888,2,570.19
2024-10-08,CA,1989,5,1262.84
2024-10-08,GB,2365,7,1449.27
2024-10-09,CA,2331,15,2404.08
2024-10-09,GB,2384,4,858.67
2024-10-10,CA,2143,15,2345.6
2024-10-10,GB,2278,12,2309.45
2024-10-11,CA,2229,14,1728.29
2024-10-11,GB,2000,2,1453.17
2024-10-12,CA,2295,12,1883.39
2024-10-12,GB,2099,6,1499.63
2024-10-13,CA,2258,12,2198.73
2024-10-13,GB,2318,8,1864.44
2024-10-14,CA,2504,14,1616.23
2024-10-14,GB,1961,7,2493.26
2024-10-15,CA,2078,8,1149.68
2024-10-15,GB,1855,13,2915.9
2024-10-16,CA,1995,11,1490.16
2024-10-16,GB,1810,7,1796.65
2024-10-17,CA,2124,20,3198.53
2024-10-17,GB,1833,10,2829.09
2024-10-18,CA,2221,9,1484.01
2024-10-18,GB,1923,9,2434.94
2024-10-19,CA,2293,11,2187.59
2024-10-19,GB,2167,2,534.85
2024-10-20,CA,2617,13,2511.4
2024-10-20,GB,2419,3,794.99
2024-10-21,CA,2310,6,873.72
2024-10-21,GB,2204,9,1995.82
2024-10-22,CA,2504,15,1883.03
2024-10-22,GB,2435,6,1735.5
2024-10-23,CA,2417,15,2354.17
2024-10-23,GB,2293,5,1610.99
2024-10-24,CA,2289,23,3342.78
2024-10-24,GB,2265,8,1408.06
2024-10-25,CA,2433,22,2337.98
2024-10-25,GB,2135,10,2317.77
2024-10-26,CA,2231,8,1596.93
2024-10-26,GB,2079,3,971.56
2024-10-27,CA,2425,18,4046.38
2024-10-27,GB,2294,8,2309.42
2024-10-28,CA,2219,19,4135.24
2024-10-28,GB,2204,8,1940.46
2024-10-29,CA,2137,10,1245.88
2024-10-29,GB,2222,5,793.88
2024-10-30,CA,2147,16,2394.7
2024-10-30,GB,2295,6,745.46
2024-10-31,CA,1767,17,3079.55
2024-10-31,GB,1968,7,1985.8
2024-11-01,CA,2026,15,3289.08
2024-11-01,GB,2075,7,1777.4
2024-11-02,CA,2312,17,3267.56
2024-11-02,GB,2131,2,742.86
2024-11-03,CA,2644,20,2447.1
2024-11-03,GB,2473,6,1672.75
2024-11-04,CA,2278,18,2930.26
2024-11-04,GB,2095,10,3082.84
2024-11-05,CA,2189,19,3030.7
2024-11-05,GB,2084,5,1176.52
2024-11-06,CA,2088,24,2958.68
2024-11-06,GB,2015,5,1541.32
2024-11-07,CA,2389,25,3361.86
2024-11-07,GB,2286,13,2773.6
2024-11-08,CA,2291,14,1556.89
2024-11-08,GB,2204,10,1892.72
2024-11-09,CA,2444,19,2358.8
2024-11-09,GB,2487,9,2338.25
2024-11-10,CA,3004,12,2545.84
2024-11-10,GB,2717,8,1735.02
2024-11-11,CA,2953,22,3420.36
2024-11-11,GB,2449,10,2252.42
2024-11-12,CA,2528,14,1226.26
2024-11-12,GB,2459,8,1449.24
2024-11-13,CA,2424,21,2704.22
2024-11-13,GB,2501,7,2573.83
2024-11-14,CA,2549,27,4127.9
2024-11-14,GB,2534,10,1571.24
2024-11-15,CA,2393,15,1803.55
2024-11-15,GB,2404,9,2454.66
2024-11-16,CA,2596,21,2570.05
2024-11-16,GB,2967,13,2890.5
2024-11-17,CA,3186,27,4487.11
2024-11-17,GB,5762,23,5339.57
2024-11-18,CA,2707,18,2423.75
2024-11-18,GB,3373,14,2822.11
2024-11-19,CA,2949,27,4709.25
2024-11-19,GB,3276,11,3193.66
2024-11-20,CA,2986,17,2811.13
2024-11-20,GB,2741,15,4040.59
2024-11-21,CA,3089,34,5252.51
2024-11-21,GB,2398,10,1399.77
2024-11-22,CA,3259,28,3383.41
2024-11-22,GB,2441,13,2415.61
2024-11-23,CA,3694,27,3330.78
2024-11-23,GB,3192,7,1489.89
2024-11-24,CA,3946,28,3906.47
2024-11-24,GB,3427,17,6776.01
2024-11-25,CA,4226,27,3310.94
2024-11-25,GB,3996,12,2192.37
2024-11-26,CA,4042,28,4464.86
2024-11-26,GB,3759,18,4695.32
2024-11-27,CA,4102,27,3557.69
2024-11-27,GB,3283,12,2038.45
2024-11-28,CA,5052,29,4797.74
2024-11-28,GB,3479,17,3652.96
2024-11-29,CA,6392,86,14753
2024-11-29,GB,3861,25,4619.09
2024-11-30,CA,4802,40,6723.6
2024-11-30,GB,3703,17,4306.52
2024-12-01,CA,4306,34,3984.39
2024-12-01,GB,3801,24,5502.98
2024-12-02,CA,4296,40,5196.76
2024-12-02,GB,3180,18,4143.74
2024-12-03,CA,3467,34,5237.21
2024-12-03,GB,2885,17,2790.74
2024-12-04,CA,3293,24,3502.36
2024-12-04,GB,2668,12,1999.12
2024-12-05,CA,3084,23,2923.79
2024-12-05,GB,2513,16,3339.21
2024-12-06,CA,2766,18,2043.18
2024-12-06,GB,2136,15,3161.61
2024-12-07,CA,3167,19,2588.32
2024-12-07,GB,2687,14,2330.04
2024-12-08,CA,3276,23,2274.73
2024-12-08,GB,3091,20,4626.66
2024-12-09,CA,3242,33,4044.93
2024-12-09,GB,2776,15,3039.48
2024-12-10,CA,3270,20,2196.32
2024-12-10,GB,2969,18,3538.3
2024-12-11,CA,3144,19,3773.04
2024-12-11,GB,2898,17,2746.53
2024-12-12,CA,2949,28,3604.4
2024-12-12,GB,2959,13,2332.18
2024-12-13,CA,3050,14,1212.68
2024-12-13,GB,2739,12,2595.89
2024-12-14,CA,3401,16,2129.1
2024-12-14,GB,3479,12,2659.76
2024-12-15,CA,3554,26,3398.07
2024-12-15,GB,3986,14,3108.43
2024-12-16,CA,3216,20,2935.53
2024-12-16,GB,3337,16,4700.81
2024-12-17,CA,2908,16,3399.37
2024-12-17,GB,2801,11,2033.06
2024-12-18,CA,2851,19,3368.65
2024-12-18,GB,2944,18,3707.02
2024-12-19,CA,2700,16,1754.89
2024-12-19,GB,2629,10,2278.55
2024-12-20,CA,2663,11,1242.76
2024-12-20,GB,2462,15,3270.34
2024-12-21,CA,2984,20,2726.89
2024-12-21,GB,2337,14,2727.19
2024-12-22,CA,3384,11,1187.63
2024-12-22,GB,2567,4,824.47
2024-12-23,CA,2926,13,1929.35
2024-12-23,GB,2168,7,1096.34
2024-12-24,CA,2928,16,2124.91
2024-12-24,GB,1960,10,2150.81
2024-12-25,CA,3997,28,2673.06
2024-12-25,GB,3205,5,1187.95
2024-12-26,CA,5594,70,9332.77
2024-12-26,GB,3907,9,1909.87
2024-12-27,CA,3963,34,4633.17
2024-12-27,GB,3274,12,2906.67
2024-12-28,CA,3471,26,3200.18
2024-12-28,GB,2944,12,3315.69
2024-12-29,CA,3248,17,1822.14
2024-12-29,GB,2811,9,3897.65
2024-12-30,CA,3163,28,4390.92
2024-12-30,GB,2444,6,1180.26
2024-12-31,CA,2787,20,2791.66
2024-12-31,GB,2054,8,1917.69
2025-01-01,CA,2873,24,4775.14
2025-01-01,GB,2331,4,925.78
2025-01-02,CA,2793,16,1531.52
2025-01-02,GB,2676,8,1858.18
2025-01-03,CA,2787,15,1538.29
2025-01-03,GB,2574,10,1745.42
2025-01-04,CA,2975,17,1745.13
2025-01-04,GB,2701,2,960.24
2025-01-05,CA,2627,14,2328.55
2025-01-05,GB,2441,11,3352.61
2025-01-06,CA,2352,11,1255.73
2025-01-06,GB,2668,9,1852.62
2025-01-07,CA,2455,14,2344.25
2025-01-07,GB,2461,2,421.21
2025-01-08,CA,2463,10,1350.3
2025-01-08,GB,2297,8,2112.97
2025-01-09,CA,2712,20,5325.34
2025-01-09,GB,1858,8,2296.83
2025-01-10,CA,2510,26,5703.07
2025-01-10,GB,1882,10,2233.43
2025-01-11,CA,2511,24,2455.12
2025-01-11,GB,2252,5,1586.85
2025-01-12,CA,2638,13,1608.67
2025-01-12,GB,2486,4,765.3
2025-01-13,CA,2216,14,1592.23
2025-01-13,GB,2011,4,991.13
2025-01-14,CA,2256,10,1338.74
2025-01-14,GB,2074,4,881.38
2025-01-15,CA,2386,13,2143.01
2025-01-15,GB,2008,1,131.75
2025-01-16,CA,2341,18,3736.88
2025-01-16,GB,2224,5,1136.82
2025-01-17,CA,2397,13,1539.03
2025-01-17,GB,2105,6,1174.83
2025-01-18,CA,2908,26,4873.34
2025-01-18,GB,2428,4,749.25
2025-01-19,CA,2768,11,1857.85
2025-01-19,GB,2578,3,895.15
2025-01-20,CA,2470,7,992.98
2025-01-20,GB,2287,3,674.22
2025-01-21,CA,2461,17,4717.46
2025-01-21,GB,2339,4,780.56
2025-01-22,CA,2388,19,2995.79
2025-01-22,GB,2296,6,1420.33
2025-01-23,CA,2320,12,1907.59
2025-01-23,GB,2180,6,2648.51
2025-01-24,CA,2393,16,2091.06
2025-01-24,GB,2562,7,1957.27
2025-01-25,CA,2730,12,1538.24
2025-01-25,GB,2580,7,1788.87
2025-01-26,CA,2703,17,1981.72
2025-01-26,GB,2853,9,3793.93
2025-01-27,CA,2331,11,1318.22
2025-01-27,GB,2331,8,2251.63
2025-01-28,CA,2323,15,1972.66
2025-01-28,GB,2430,2,852.43
2025-01-29,CA,2168,16,2354.54
2025-01-29,GB,2157,4,1376.07
2025-01-30,CA,2119,22,2426.96
2025-01-30,GB,2356,8,2805.55
2025-01-31,CA,2002,22,2837.82
2025-01-31,GB,2019,4,1021.23
2025-02-01,CA,2090,14,1461.84
2025-02-01,GB,2637,5,1406.71
2025-02-02,CA,2319,12,1305.97
2025-02-02,GB,2879,11,2142.14
2025-02-03,CA,2081,11,1176.84
2025-02-03,GB,2243,2,874.07
2025-02-04,CA,2114,19,1910.4
2025-02-04,GB,2320,5,964.2
2025-02-05,CA,2296,21,2500.35
2025-02-05,GB,2240,8,1383.06
2025-02-06,CA,2182,16,1627.69
2025-02-06,GB,2099,6,1132.96
2025-02-07,CA,2136,14,945.09
2025-02-07,GB,1942,2,390.45
2025-02-08,CA,2236,14,3526.21
2025-02-08,GB,2279,9,2888.14
2025-02-09,CA,2370,16,1954.54
2025-02-09,GB,2307,9,2240.17
2025-02-10,CA,2041,9,1008.3
2025-02-10,GB,2010,5,1487.11
2025-02-11,CA,2061,13,2903.17
2025-02-11,GB,1923,4,1332.37
2025-02-12,CA,2206,11,1353.72
2025-02-12,GB,1842,7,1716.16
2025-02-13,CA,2102,15,3044.71
2025-02-13,GB,1752,3,705.01
2025-02-14,CA,1877,9,1540.43
2025-02-14,GB,1643,3,485.76
2025-02-15,CA,2250,11,1592.36
2025-02-15,GB,2138,2,799.9
2025-02-16,CA,2567,7,1896.51
2025-02-16,GB,2178,6,1472.18
2025-02-17,CA,2565,16,2088.72
2025-02-17,GB,2181,7,1790.44
2025-02-18,CA,2104,10,1901.32
2025-02-18,GB,2364,1,274.65
2025-02-19,CA,2010,15,2917.37
2025-02-19,GB,2140,6,1362.31
2025-02-20,CA,1865,5,788.12
2025-02-20,GB,2082,4,1734.3
2025-02-21,CA,1915,15,1723.51
2025-02-21,GB,2012,4,1527.52
2025-02-22,CA,2454,14,1194.59
2025-02-22,GB,2281,6,1527.73
2025-02-23,CA,2551,10,1806.89
2025-02-23,GB,2394,3,929.97
2025-02-24,CA,2410,12,1993.12
2025-02-24,GB,2059,5,801.31
2025-02-25,CA,2062,9,1248.66
2025-02-25,GB,1840,4,1007.51
2025-02-26,CA,2147,22,3186.57
2025-02-26,GB,1988,4,840.93
2025-02-27,CA,1888,11,1510.1
2025-02-27,GB,1793,7,2977
2025-02-28,CA,2010,10,1696.97
2025-02-28,GB,1690,3,598.7
2025-03-01,CA,2227,14,1449.25
2025-03-01,GB,2064,7,2057.65
2025-03-02,CA,2544,16,3601.69
2025-03-02,GB,2583,6,1251.17
2025-03-03,CA,2169,13,1097.1
2025-03-03,GB,2290,5,817.25
2025-03-04,CA,2119,11,1176.83
2025-03-04,GB,2329,8,1495.51
2025-03-05,CA,2166,12,2695.3
2025-03-05,GB,2040,9,2650.73
2025-03-06,CA,2050,12,2166.69
2025-03-06,GB,2013,6,1064.72
2025-03-07,CA,1991,9,1038.73
2025-03-07,GB,1960,5,1162.85
2025-03-08,CA,2202,13,1141.6
2025-03-08,GB,2091,6,1579.33
2025-03-09,CA,2432,9,1892.56
2025-03-09,GB,2283,4,1130.3
2025-03-10,CA,2375,12,1517.13
2025-03-10,GB,2388,7,1421.1
2025-03-11,CA,2232,17,2841.19
2025-03-11,GB,2005,9,3752.74
2025-03-12,CA,2301,8,1249.36
2025-03-12,GB,1877,17,2844.04
2025-03-13,CA,2343,14,2013.27
2025-03-13,GB,1982,6,1220.04
2025-03-14,CA,2186,19,2302.52
2025-03-14,GB,1846,5,1229.89
2025-03-15,CA,2426,13,2326.86
2025-03-15,GB,2239,9,2647.66
2025-03-16,CA,2506,16,2230.2
2025-03-16,GB,2420,8,1788.25
2025-03-17,CA,2205,8,999.15
2025-03-17,GB,2043,5,997.51
2025-03-18,CA,2231,15,1455.21
2025-03-18,GB,1919,3,319.76
2025-03-19,CA,2104,16,2005.07
2025-03-19,GB,2130,8,3536.46
2025-03-20,CA,2126,8,1062.61
2025-03-20,GB,2031,5,1250.49
2025-03-21,CA,2169,13,1552.75
2025-03-21,GB,1807,8,2261.74
2025-03-22,CA,2588,15,2415.24
2025-03-22,GB,2450,5,1446.27
2025-03-23,CA,2786,16,3317.21
2025-03-23,GB,2558,7,2325.43
2025-03-24,CA,2747,12,1922.47
2025-03-24,GB,1913,7,1741.3
2025-03-25,CA,2394,12,1937.83
2025-03-25,GB,2012,12,3819.19
2025-03-26,CA,2368,13,2203.45
2025-03-26,GB,1914,3,615.32
2025-03-27,CA,2332,13,2192.37
2025-03-27,GB,1866,7,1739
2025-03-28,CA,2235,22,2815.87
2025-03-28,GB,1873,5,1029.55
2025-03-29,CA,2316,11,1422.31
2025-03-29,GB,2119,12,2853.66
2025-03-30,CA,2514,20,2711.99
2025-03-30,GB,2168,12,2489.61
2025-03-31,CA,2174,8,757.59
2025-03-31,GB,1910,5,1042.48
2025-04-01,CA,2125,12,2023.44
2025-04-01,GB,1857,10,2913.64
2025-04-02,CA,2221,19,2255.32
2025-04-02,GB,1862,3,1133.44
2025-04-03,CA,2075,6,669.06
2025-04-03,GB,1666,13,2971.04
2025-04-04,CA,2011,10,1836.64
2025-04-04,GB,1887,8,1875.74
2025-04-05,CA,2361,14,2398.88
2025-04-05,GB,1937,7,1832.7
2025-04-06,CA,2671,12,1373.05
2025-04-06,GB,2235,6,993.15
2025-04-07,CA,2348,17,1766.32
2025-04-07,GB,2198,8,2271.26
2025-04-08,CA,2299,15,2825.85
2025-04-08,GB,2107,5,1619.99
2025-04-09,CA,2107,14,1590.26
2025-04-09,GB,2009,2,647.1
2025-04-10,CA,2331,20,2135.9
2025-04-10,GB,2154,3,904.89
2025-04-11,CA,2316,19,2557.14
2025-04-11,GB,1907,9,1766.92
2025-04-12,CA,2841,21,2179.86
2025-04-12,GB,2033,3,688.35
2025-04-13,CA,2992,17,2279.67
2025-04-13,GB,2424,8,1837.73
2025-04-14,CA,2431,10,1806.19
2025-04-14,GB,2287,6,1706.81
2025-04-15,CA,2349,18,2138.21
2025-04-15,GB,2252,3,423.09
2025-04-16,CA,2329,18,3887.76
2025-04-16,GB,1996,13,3825.54
2025-04-17,CA,2218,24,5604.73
2025-04-17,GB,1915,9,2546.78
2025-04-18,CA,2494,18,2542.78
2025-04-18,GB,1909,10,1961.81
2025-04-19,CA,2630,18,2769.08
2025-04-19,GB,1881,3,757.05
2025-04-20,CA,2504,11,1497
2025-04-20,GB,2044,8,3236.9
2025-04-21,CA,2440,14,2606.59
2025-04-21,GB,2228,4,1009.91
2025-04-22,CA,2264,12,2300.79
2025-04-22,GB,1860,9,1688.37
2025-04-23,CA,2223,21,3102.27
2025-04-23,GB,1729,8,1553.74
2025-04-24,CA,2127,13,1786.39
2025-04-24,GB,1754,5,847.27
2025-04-25,CA,2119,11,1286.54
2025-04-25,GB,1664,6,2021.7
2025-04-26,CA,2364,15,1547.29
2025-04-26,GB,1958,3,720.64
2025-04-27,CA,2505,12,1590.26
2025-04-27,GB,2007,2,198.22
2025-04-28,CA,2327,14,1914.52
2025-04-28,GB,1688,12,2323.86
2025-04-29,CA,2278,16,2690.86
2025-04-29,GB,1610,9,2360.98
2025-04-30,CA,2187,11,1801.87
2025-04-30,GB,1757,3,638.42
2025-05-01,CA,2093,22,2678
2025-05-01,GB,1539,9,1662.61
2025-05-02,CA,2076,11,1300.93
2025-05-02,GB,1601,10,2572.39
2025-05-03,CA,2297,13,1582.22
2025-05-03,GB,1864,3,392.54
2025-05-04,CA,2421,20,2728.31
2025-05-04,GB,1969,10,2508.88
2025-05-05,CA,2144,13,1692.26
2025-05-05,GB,1970,11,3110.08
2025-05-06,CA,1996,24,5574.44
2025-05-06,GB,1702,7,1597.63
2025-05-07,CA,2210,18,4074.89
2025-05-07,GB,1621,2,454.58
2025-05-08,CA,2045,17,3695.98
2025-05-08,GB,1668,7,2368.14
2025-05-09,CA,2107,15,2764.59
2025-05-09,GB,1678,10,2075.99
2025-05-10,CA,2022,16,4116.66
2025-05-10,GB,1906,6,1349.51
2025-05-11,CA,2204,18,4552.32
2025-05-11,GB,2054,9,2231.45
2025-05-12,CA,1929,6,970.5
2025-05-12,GB,1808,11,2886.67
2025-05-13,CA,2125,12,2844.53
2025-05-13,GB,1701,10,2318.18
2025-05-14,CA,1909,6,994.45
2025-05-14,GB,1657,9,2183.28
2025-05-15,CA,1941,15,3170.18
2025-05-15,GB,1677,10,2966.38
2025-05-16,CA,1937,15,4174.38
2025-05-16,GB,1631,4,1360.42
2025-05-17,CA,2259,22,5149.7
2025-05-17,GB,1827,9,2024.76
2025-05-18,CA,2387,15,2662.92
2025-05-18,GB,2009,6,1756.97
2025-05-19,CA,2402,17,3153.88
2025-05-19,GB,1695,3,688.48
2025-05-20,CA,2075,20,4189.6
2025-05-20,GB,1712,3,669.22
2025-05-21,CA,2227,19,3767.51
2025-05-21,GB,1773,7,953.91
2025-05-22,CA,2265,11,2438.44
2025-05-22,GB,1637,6,1824.14
2025-05-23,CA,2123,13,2655.06
2025-05-23,GB,1593,1,135.45
2025-05-24,CA,2315,12,1792.95
2025-05-24,GB,1935,9,2801.75
2025-05-25,CA,2879,27,6010.02
2025-05-25,GB,2504,6,1120.48
2025-05-26,CA,2515,13,2336.82
2025-05-26,GB,2973,5,1173.98
2025-05-27,CA,2341,11,2391.73
2025-05-27,GB,2816,5,846.56
2025-05-28,CA,2316,16,3419.12
2025-05-28,GB,2613,9,1880.05
2025-05-29,CA,2364,16,3476.86
2025-05-29,GB,2565,6,1550.1
2025-05-30,CA,2255,12,1868.79
2025-05-30,GB,2663,14,3458.27
2025-05-31,CA,2531,11,1543.88
2025-05-31,GB,2394,8,1700.76
2025-06-01,CA,2600,16,4367.72
2025-06-01,GB,2501,8,3088.76
2025-06-02,CA,2431,12,2198.74
2025-06-02,GB,2041,2,446.7
2025-06-03,CA,2196,15,3187.96
2025-06-03,GB,2034,9,2522.75
2025-06-04,CA,2178,9,2373.51
2025-06-04,GB,1941,6,1718.41
2025-06-05,CA,2269,4,1002.52
2025-06-05,GB,1892,5,992.49
2025-06-06,CA,2200,17,3684.63
2025-06-06,GB,1713,10,2143.64
2025-06-07,CA,2243,20,4328.2
2025-06-07,GB,2119,3,669.3
2025-06-08,CA,2413,16,2610.8
2025-06-08,GB,2304,2,779.06
2025-06-09,CA,2187,11,2572.92
2025-06-09,GB,1960,9,1861.86
2025-06-10,CA,2213,16,2982.2
2025-06-10,GB,1964,4,1003.82
2025-06-11,CA,2277,15,4500.22
2025-06-11,GB,1867,8,2757.4
2025-06-12,CA,2163,18,3780.56
2025-06-12,GB,1812,9,2280.77
2025-06-13,CA,2163,26,8726.79
2025-06-13,GB,1522,4,2452.8
2025-06-14,CA,2331,22,3284.95
2025-06-14,GB,1810,4,635.61
2025-06-15,CA,2800,30,6323.65
2025-06-15,GB,2238,8,3531.53
2025-06-16,CA,2648,13,2738.61
2025-06-16,GB,2146,5,560.76
2025-06-17,CA,2467,12,3420.86
2025-06-17,GB,1701,2,383.55
2025-06-18,CA,2277,19,3615.75
2025-06-18,GB,1806,6,1262.02
2025-06-19,CA,2249,13,2919.78
2025-06-19,GB,1924,5,875.15
2025-06-20,CA,2291,14,3232.8
2025-06-20,GB,1748,6,4442.76
2025-06-21,CA,2334,8,1491.1
2025-06-21,GB,1767,3,685.93
2025-06-22,CA,2367,16,3921.37
2025-06-22,GB,1971,7,1761.28
2025-06-23,CA,2367,11,2389.5
2025-06-23,GB,1758,6,1483.45
2025-06-24,CA,2158,13,2969.46
2025-06-24,GB,1929,1,466.42
2025-06-25,CA,2025,10,1423.1
2025-06-25,GB,1668,4,1050.45
2025-06-26,CA,2221,16,3025.03
2025-06-26,GB,1675,10,2556.74
2025-06-27,CA,1946,14,2513.77
2025-06-27,GB,1699,7,2052.33
2025-06-28,CA,2153,12,3564.97
2025-06-28,GB,1724,5,997.19
2025-06-29,CA,2277,10,2319.33
2025-06-29,GB,1875,6,1363.4
2025-06-30,CA,2391,16,4779.47
2025-06-30,GB,1647,4,713.57
2025-07-01,CA,2364,14,3243.12
2025-07-01,GB,1708,7,978.74
2025-07-02,CA,2348,15,3267.74
2025-07-02,GB,1726,3,448.82
2025-07-03,CA,2328,16,3350.28
2025-07-03,GB,1636,8,1819.32
2025-07-04,CA,2223,16,3939.03
2025-07-04,GB,1519,8,1995.57
2025-07-05,CA,2444,17,4016.5
2025-07-05,GB,1891,10,1732.06
2025-07-06,CA,2431,18,4009.16
2025-07-06,GB,1966,1,151.95
2025-07-07,CA,2305,17,2955.06
2025-07-07,GB,1768,7,2203.89
2025-07-08,CA,2463,11,2090.34
2025-07-08,GB,1784,9,4761.1
2025-07-09,CA,2440,11,2203.24
2025-07-09,GB,1958,6,1600.95
2025-07-10,CA,3207,33,7150.37
2025-07-10,GB,2029,7,1406.36
2025-07-11,CA,2813,22,5806.23
2025-07-11,GB,2822,6,1598.23
2025-07-12,CA,2580,14,3149.17
2025-07-12,GB,2127,6,1399.22
2025-07-13,CA,2651,17,4488.44
2025-07-13,GB,2243,2,872.77
2025-07-14,CA,2610,16,4151.06
2025-07-14,GB,2289,6,1401.84
2025-07-15,CA,2652,18,3294.4
2025-07-15,GB,2434,5,802.59
2025-07-16,CA,2511,22,5520.65
2025-07-16,GB,2078,6,929.72
2025-07-17,CA,2672,9,1931.88
2025-07-17,GB,2059,7,3574.82
2025-07-18,CA,2809,21,3355.53
2025-07-18,GB,1949,11,2793.28
2025-07-19,CA,2699,28,4928.11
2025-07-19,GB,2060,2,553.12
2025-07-20,CA,2772,19,3614.4
2025-07-20,GB,2246,6,1669.76
2025-07-21,CA,2671,18,3242.81
2025-07-21,GB,2188,4,1602.49
2025-07-22,CA,2557,15,2804.63
2025-07-22,GB,2696,6,1349.23
2025-07-23,CA,2459,19,3701.71
2025-07-23,GB,2108,3,690.93
2025-07-24,CA,2433,10,2151.6
2025-07-24,GB,1997,4,1345.4
2025-07-25,CA,2496,21,4105
2025-07-25,GB,1940,12,1864.44
2025-07-26,CA,2599,19,3729.7
2025-07-26,GB,1912,10,2484.51
2025-07-27,CA,2736,12,2291.21
2025-07-27,GB,2123,9,1650.82
2025-07-28,CA,2674,11,1287.51
2025-07-28,GB,2126,19,1357.24
2025-07-29,CA,2565,16,2720.18
2025-07-29,GB,2187,7,1687.46
2025-07-30,CA,2414,18,4041.43
2025-07-30,GB,2026,4,1016.85
2025-07-31,CA,2555,15,2976.79
2025-07-31,GB,2146,6,1332.4
2025-08-01,CA,2308,15,2762.98
2025-08-01,GB,2099,5,1422.79
2025-08-02,CA,2613,12,1823.61
2025-08-02,GB,2118,4,1200.73
2025-08-03,CA,2898,13,2484.13
2025-08-03,GB,2140,1,350.04
2025-08-04,CA,2869,13,1885.45
2025-08-04,GB,2190,3,457.4
2025-08-05,CA,2777,10,2045.68
2025-08-05,GB,2345,10,2199.17
2025-08-06,CA,2638,19,3066.57
2025-08-06,GB,2254,7,1355.09
2025-08-07,CA,2766,12,2652.01
2025-08-07,GB,2403,4,1602.21
2025-08-08,CA,2517,9,2518.76
2025-08-08,GB,1979,6,1358.74
