Date,Total Downloads
2016-04-21,36
2016-04-22,103
2016-04-23,93
2016-04-24,117
2016-04-25,119
2016-04-26,107
2016-04-27,95
2016-04-28,82
2016-04-29,79
2016-04-30,68
2016-05-01,80
2016-05-02,84
2016-05-03,64
2016-05-04,67
2016-05-05,106
2016-05-06,67
2016-05-07,68
2016-05-08,79
2016-05-09,79
2016-05-10,67
2016-05-11,62
2016-05-12,70
2016-05-13,66
2016-05-14,53
2016-05-15,73
2016-05-16,84
2016-05-17,88
2016-05-18,72
2016-05-19,68
2016-05-20,81
2016-05-21,78
2016-05-22,83
2016-05-23,76
2016-05-24,55
2016-05-25,60
2016-05-26,52
2016-05-27,52
2016-05-28,53
2016-05-29,71
2016-05-30,67
2016-05-31,86
2016-06-01,48
2016-06-02,68
2016-06-03,55
2016-06-04,75
2016-06-05,81
2016-06-06,82
2016-06-07,75
2016-06-08,92
2016-06-09,73
2016-06-10,81
2016-06-11,80
2016-06-12,99
2016-06-13,83
2016-06-14,56
2016-06-15,83
2016-06-16,58
2016-06-17,103
2016-06-18,60
2016-06-19,72
2016-06-20,54
2016-06-21,78
2016-06-22,64
2016-06-23,52
2016-06-24,74
2016-06-25,60
2016-06-26,72
2016-06-27,66
2016-06-28,71
2016-06-29,80
2016-06-30,77
2016-07-01,88
2016-07-02,64
2016-07-03,69
2016-07-04,66
2016-07-05,68
2016-07-06,66
2016-07-07,81
2016-07-08,56
2016-07-09,51
2016-07-10,70
2016-07-11,97
2016-07-12,82
2016-07-13,79
2016-07-14,89
2016-07-15,77
2016-07-16,75
2016-07-17,78
2016-07-18,85
2016-07-19,86
2016-07-20,81
2016-07-21,68
2016-07-22,50
2016-07-23,53
2016-07-24,61
2016-07-25,71
2016-07-26,75
2016-07-27,68
2016-07-28,69
2016-07-29,102
2016-07-30,91
2016-07-31,76
2016-08-01,94
2016-08-02,67
2016-08-03,71
2016-08-04,86
2016-08-05,81
2016-08-06,76
2016-08-07,76
2016-08-08,86
2016-08-09,89
2016-08-10,83
2016-08-11,89
2016-08-12,90
2016-08-13,95
2016-08-14,82
2016-08-15,94
2016-08-16,82
2016-08-17,37
2016-08-18,68
2016-08-19,49
2016-08-20,56
2016-08-21,61
2016-08-22,64
2016-08-23,86
2016-08-24,62
2016-08-25,80
2016-08-26,72
2016-08-27,64
2016-08-28,89
2016-08-29,76
2016-08-30,87
2016-08-31,71
2016-09-01,62
2016-09-02,81
2016-09-03,72
2016-09-04,84
2016-09-05,79
2016-09-06,81
2016-09-07,74
2016-09-08,85
2016-09-09,73
2016-09-10,101
2016-09-11,80
2016-09-12,80
2016-09-13,72
2016-09-14,75
2016-09-15,73
2016-09-16,66
2016-09-17,76
2016-09-18,84
2016-09-19,80
2016-09-20,75
2016-09-21,71
2016-09-22,76
2016-09-23,89
2016-09-24,107
2016-09-25,643
2016-09-26,742
2016-09-27,166
2016-09-28,185
2016-09-29,166
2016-09-30,101
2016-10-01,114
2016-10-02,92
2016-10-03,111
2016-10-04,112
2016-10-05,83
2016-10-06,110
2016-10-07,242
2016-10-08,171
2016-10-09,250
2016-10-10,367
2016-10-11,787
2016-10-12,781
2016-10-13,560
2016-10-14,608
2016-10-15,526
2016-10-16,648
2016-10-17,481
2016-10-18,3139
2016-10-19,1219
2016-10-20,681
2016-10-21,600
2016-10-22,597
2016-10-23,583
2016-10-24,589
2016-10-25,491
2016-10-26,500
2016-10-27,432
2016-10-28,347
2016-10-29,364
2016-10-30,456
2016-10-31,425
2016-11-01,334
2016-11-02,357
2016-11-03,370
2016-11-04,372
2016-11-05,433
2016-11-06,467
2016-11-07,322
2016-11-08,276
2016-11-09,344
2016-11-10,387
2016-11-11,423
2016-11-12,254
2016-11-13,170
2016-11-14,168
2016-11-15,130
2016-11-16,164
2016-11-17,170
2016-11-18,104
2016-11-19,130
2016-11-20,130
2016-11-21,138
2016-11-22,149
2016-11-23,150
2016-11-24,200
2016-11-25,264
2016-11-26,245
2016-11-27,232
2016-11-28,284
2016-11-29,215
2016-11-30,179
2016-12-01,138
2016-12-02,119
2016-12-03,126
2016-12-04,133
2016-12-05,136
2016-12-06,152
2016-12-07,120
2016-12-08,104
2016-12-09,126
2016-12-10,129
2016-12-11,152
2016-12-12,140
2016-12-13,118
2016-12-14,102
2016-12-15,128
2016-12-16,91
2016-12-17,125
2016-12-18,146
2016-12-19,133
2016-12-20,108
2016-12-21,115
2016-12-22,121
2016-12-23,141
2016-12-24,116
2016-12-25,184
2016-12-26,209
2016-12-27,173
2016-12-28,129
2016-12-29,124
2016-12-30,115
2016-12-31,91
2017-01-01,91
2017-01-02,140
2017-01-03,115
2017-01-04,93
2017-01-05,92
2017-01-06,86
2017-01-07,76
2017-01-08,99
2017-01-09,99
2017-01-10,97
2017-01-11,77
2017-01-12,107
2017-01-13,113
2017-01-14,119
2017-01-15,111
2017-01-16,107
2017-01-17,103
2017-01-18,110
2017-01-19,98
2017-01-20,91
2017-01-21,104
2017-01-22,132
2017-01-23,105
2017-01-24,87
2017-01-25,84
2017-01-26,93
2017-01-27,83
2017-01-28,91
2017-01-29,131
2017-01-30,114
2017-01-31,107
2017-02-01,95
2017-02-02,91
2017-02-03,71
2017-02-04,89
2017-02-05,101
2017-02-06,118
2017-02-07,99
2017-02-08,83
2017-02-09,89
2017-02-10,90
2017-02-11,91
2017-02-12,104
2017-02-13,91
2017-02-14,76
2017-02-15,82
2017-02-16,84
2017-02-17,84
2017-02-18,88
2017-02-19,109
2017-02-20,92
2017-02-21,106
2017-02-22,100
2017-02-23,107
2017-02-24,100
2017-02-25,109
2017-02-26,132
2017-02-27,132
2017-02-28,101
2017-03-01,94
2017-03-02,113
2017-03-03,91
2017-03-04,90
2017-03-05,128
2017-03-06,117
2017-03-07,102
2017-03-08,99
2017-03-09,91
2017-03-10,101
2017-03-11,94
2017-03-12,127
2017-03-13,120
2017-03-14,121
2017-03-15,102
2017-03-16,123
2017-03-17,105
2017-03-18,104
2017-03-19,124
2017-03-20,149
2017-03-21,140
2017-03-22,124
2017-03-23,111
2017-03-24,88
2017-03-25,111
2017-03-26,106
2017-03-27,114
2017-03-28,91
2017-03-29,97
2017-03-30,88
2017-03-31,98
2017-04-01,92
2017-04-02,111
2017-04-03,106
2017-04-04,96
2017-04-05,92
2017-04-06,91
2017-04-07,103
2017-04-08,110
2017-04-09,118
2017-04-10,111
2017-04-11,110
2017-04-12,109
2017-04-13,87
2017-04-14,95
2017-04-15,105
2017-04-16,119
2017-04-17,102
2017-04-18,118
2017-04-19,124
2017-04-20,104
2017-04-21,103
2017-04-22,129
2017-04-23,122
2017-04-24,134
2017-04-25,102
2017-04-26,108
2017-04-27,107
2017-04-28,73
2017-04-29,111
2017-04-30,125
2017-05-01,109
2017-05-02,87
2017-05-03,99
2017-05-04,76
2017-05-05,91
2017-05-06,80
2017-05-07,94
2017-05-08,71
2017-05-09,105
2017-05-10,82
2017-05-11,83
2017-05-12,65
2017-05-13,95
2017-05-14,89
2017-05-15,94
2017-05-16,83
2017-05-17,68
2017-05-18,91
2017-05-19,101
2017-05-20,84
2017-05-21,85
2017-05-22,88
2017-05-23,100
2017-05-24,90
2017-05-25,106
2017-05-26,99
2017-05-27,102
2017-05-28,114
2017-05-29,125
2017-05-30,89
2017-05-31,100
2017-06-01,95
2017-06-02,82
2017-06-03,83
2017-06-04,99
2017-06-05,109
2017-06-06,100
2017-06-07,98
2017-06-08,99
2017-06-09,113
2017-06-10,96
2017-06-11,96
2017-06-12,130
2017-06-13,133
2017-06-14,123
2017-06-15,87
2017-06-16,122
2017-06-17,105
2017-06-18,105
2017-06-19,114
2017-06-20,106
2017-06-21,115
2017-06-22,113
2017-06-23,107
2017-06-24,105
2017-06-25,102
2017-06-26,100
2017-06-27,117
2017-06-28,118
2017-06-29,120
2017-06-30,124
2017-07-01,120
2017-07-02,107
2017-07-03,119
2017-07-04,107
2017-07-05,135
2017-07-06,151
2017-07-07,114
2017-07-08,131
2017-07-09,132
2017-07-10,130
2017-07-11,104
2017-07-12,109
2017-07-13,134
2017-07-14,125
2017-07-15,132
2017-07-16,131
2017-07-17,137
2017-07-18,143
2017-07-19,154
2017-07-20,147
2017-07-21,117
2017-07-22,98
2017-07-23,136
2017-07-24,172
2017-07-25,128
2017-07-26,146
2017-07-27,117
2017-07-28,136
2017-07-29,126
2017-07-30,128
2017-07-31,144
2017-08-01,146
2017-08-02,146
2017-08-03,126
2017-08-04,118
2017-08-05,162
2017-08-06,142
2017-08-07,110
2017-08-08,145
2017-08-09,138
2017-08-10,139
2017-08-11,127
2017-08-12,120
2017-08-13,134
2017-08-14,110
2017-08-15,113
2017-08-16,106
2017-08-17,116
2017-08-18,117
2017-08-19,109
2017-08-20,115
2017-08-21,96
2017-08-22,103
2017-08-23,129
2017-08-24,114
2017-08-25,93
2017-08-26,109
2017-08-27,135
2017-08-28,104
2017-08-29,100
2017-08-30,104
2017-08-31,129
2017-09-01,104
2017-09-02,121
2017-09-03,120
2017-09-04,130
2017-09-05,117
2017-09-06,103
2017-09-07,94
2017-09-08,101
2017-09-09,93
2017-09-10,126
2017-09-11,124
2017-09-12,106
2017-09-13,104
2017-09-14,121
2017-09-15,136
2017-09-16,120
2017-09-17,122
2017-09-18,115
2017-09-19,113
2017-09-20,122
2017-09-21,118
2017-09-22,134
2017-09-23,103
2017-09-24,143
2017-09-25,132
2017-09-26,127
2017-09-27,116
2017-09-28,96
2017-09-29,122
2017-09-30,118
2017-10-01,145
2017-10-02,142
2017-10-03,126
2017-10-04,135
2017-10-05,135
2017-10-06,118
2017-10-07,115
2017-10-08,142
2017-10-09,158
2017-10-10,119
2017-10-11,127
2017-10-12,131
2017-10-13,122
2017-10-14,121
2017-10-15,137
2017-10-16,118
2017-10-17,138
2017-10-18,101
2017-10-19,138
2017-10-20,103
2017-10-21,106
2017-10-22,150
2017-10-23,125
2017-10-24,138
2017-10-25,129
2017-10-26,123
2017-10-27,130
2017-10-28,138
2017-10-29,162
2017-10-30,161
2017-10-31,122
2017-11-01,110
2017-11-02,125
2017-11-03,115
2017-11-04,139
2017-11-05,162
2017-11-06,147
2017-11-07,142
2017-11-08,142
2017-11-09,109
2017-11-10,157
2017-11-11,139
2017-11-12,194
2017-11-13,168
2017-11-14,154
2017-11-15,151
2017-11-16,167
2017-11-17,253
2017-11-18,266
2017-11-19,294
2017-11-20,301
2017-11-21,285
2017-11-22,291
2017-11-23,356
2017-11-24,459
2017-11-25,442
2017-11-26,380
2017-11-27,488
2017-11-28,323
2017-11-29,265
2017-11-30,244
2017-12-01,229
2017-12-02,229
2017-12-03,247
2017-12-04,233
2017-12-05,197
2017-12-06,172
2017-12-07,200
2017-12-08,170
2017-12-09,217
2017-12-10,243
2017-12-11,234
2017-12-12,173
2017-12-13,179
2017-12-14,206
2017-12-15,191
2017-12-16,172
2017-12-17,185
2017-12-18,177
2017-12-19,187
2017-12-20,188
2017-12-21,208
2017-12-22,177
2017-12-23,166
2017-12-24,162
2017-12-25,223
2017-12-26,309
2017-12-27,262
2017-12-28,234
2017-12-29,214
2017-12-30,182
2017-12-31,175
2018-01-01,177
2018-01-02,218
2018-01-03,170
2018-01-04,164
2018-01-05,140
2018-01-06,116
2018-01-07,125
2018-01-08,182
2018-01-09,152
2018-01-10,134
2018-01-11,127
2018-01-12,157
2018-01-13,189
2018-01-14,179
2018-01-15,143
2018-01-16,129
2018-01-17,143
2018-01-18,127
2018-01-19,129
2018-01-20,124
2018-01-21,152
2018-01-22,129
2018-01-23,124
2018-01-24,115
2018-01-25,122
2018-01-26,117
2018-01-27,149
2018-01-28,134
2018-01-29,142
2018-01-30,125
2018-01-31,99
2018-02-01,122
2018-02-02,115
2018-02-03,120
2018-02-04,133
2018-02-05,142
2018-02-06,137
2018-02-07,124
2018-02-08,104
2018-02-09,105
2018-02-10,138
2018-02-11,139
2018-02-12,118
2018-02-13,113
2018-02-14,79
2018-02-15,109
2018-02-16,84
2018-02-17,131
2018-02-18,134
2018-02-19,147
2018-02-20,133
2018-02-21,109
2018-02-22,133
2018-02-23,90
2018-02-24,138
2018-02-25,173
2018-02-26,148
2018-02-27,112
2018-02-28,135
2018-03-01,150
2018-03-02,99
2018-03-03,148
2018-03-04,139
2018-03-05,147
2018-03-06,109
2018-03-07,119
2018-03-08,131
2018-03-09,109
2018-03-10,148
2018-03-11,158
2018-03-12,143
2018-03-13,148
2018-03-14,132
2018-03-15,107
2018-03-16,111
2018-03-17,121
2018-03-18,141
2018-03-19,118
2018-03-20,122
2018-03-21,131
2018-03-22,100
2018-03-23,101
2018-03-24,114
2018-03-25,144
2018-03-26,118
2018-03-27,103
2018-03-28,115
2018-03-29,96
2018-03-30,96
2018-03-31,91
2018-04-01,112
2018-04-02,113
2018-04-03,140
2018-04-04,129
2018-04-05,99
2018-04-06,85
2018-04-07,112
2018-04-08,113
2018-04-09,130
2018-04-10,92
2018-04-11,103
2018-04-12,91
2018-04-13,87
2018-04-14,114
2018-04-15,110
2018-04-16,120
2018-04-17,98
2018-04-18,101
2018-04-19,81
2018-04-20,86
2018-04-21,91
2018-04-22,105
2018-04-23,94
2018-04-24,82
2018-04-25,96
2018-04-26,76
2018-04-27,71
2018-04-28,84
2018-04-29,118
2018-04-30,92
2018-05-01,81
2018-05-02,82
2018-05-03,84
2018-05-04,92
2018-05-05,105
2018-05-06,106
2018-05-07,114
2018-05-08,100
2018-05-09,99
2018-05-10,93
2018-05-11,71
2018-05-12,98
2018-05-13,120
2018-05-14,107
2018-05-15,111
2018-05-16,107
2018-05-17,124
2018-05-18,102
2018-05-19,144
2018-05-20,153
2018-05-21,182
2018-05-22,124
2018-05-23,120
2018-05-24,154
2018-05-25,132
2018-05-26,144
2018-05-27,118
2018-05-28,161
2018-05-29,156
2018-05-30,123
2018-05-31,137
2018-06-01,100
2018-06-02,120
2018-06-03,118
2018-06-04,108
2018-06-05,106
2018-06-06,91
2018-06-07,101
2018-06-08,107
2018-06-09,108
2018-06-10,132
2018-06-11,134
2018-06-12,126
2018-06-13,109
2018-06-14,131
2018-06-15,114
2018-06-16,142
2018-06-17,122
2018-06-18,129
2018-06-19,117
2018-06-20,139
2018-06-21,143
2018-06-22,146
2018-06-23,105
2018-06-24,145
2018-06-25,159
2018-06-26,125
2018-06-27,152
2018-06-28,161
2018-06-29,132
2018-06-30,150
2018-07-01,148
2018-07-02,167
2018-07-03,146
2018-07-04,117
2018-07-05,139
2018-07-06,143
2018-07-07,142
2018-07-08,155
2018-07-09,182
2018-07-10,159
2018-07-11,176
2018-07-12,177
2018-07-13,149
2018-07-14,148
2018-07-15,148
2018-07-16,190
2018-07-17,207
2018-07-18,243
2018-07-19,185
2018-07-20,188
2018-07-21,178
2018-07-22,214
2018-07-23,194
2018-07-24,227
2018-07-25,243
2018-07-26,186
2018-07-27,194
2018-07-28,174
2018-07-29,203
2018-07-30,210
2018-07-31,204
2018-08-01,218
2018-08-02,195
2018-08-03,195
2018-08-04,210
2018-08-05,220
2018-08-06,210
2018-08-07,223
2018-08-08,168
2018-08-09,187
2018-08-10,166
2018-08-11,167
2018-08-12,169
2018-08-13,200
2018-08-14,170
2018-08-15,182
2018-08-16,159
2018-08-17,192
2018-08-18,175
2018-08-19,192
2018-08-20,178
2018-08-21,163
2018-08-22,188
2018-08-23,144
2018-08-24,174
2018-08-25,162
2018-08-26,201
2018-08-27,159
2018-08-28,154
2018-08-29,173
2018-08-30,173
2018-08-31,155
2018-09-01,160
2018-09-02,178
2018-09-03,215
2018-09-04,152
2018-09-05,146
2018-09-06,165
2018-09-07,140
2018-09-08,161
2018-09-09,191
2018-09-10,167
2018-09-11,166
2018-09-12,142
2018-09-13,168
2018-09-14,150
2018-09-15,169
2018-09-16,219
2018-09-17,192
2018-09-18,141
2018-09-19,150
2018-09-20,156
2018-09-21,186
2018-09-22,180
2018-09-23,198
2018-09-24,211
2018-09-25,196
2018-09-26,143
2018-09-27,139
2018-09-28,166
2018-09-29,175
2018-09-30,217
2018-10-01,177
2018-10-02,182
2018-10-03,178
2018-10-04,172
2018-10-05,179
2018-10-06,216
2018-10-07,285
2018-10-08,253
2018-10-09,211
2018-10-10,152
2018-10-11,164
2018-10-12,154
2018-10-13,183
2018-10-14,210
2018-10-15,193
2018-10-16,185
2018-10-17,170
2018-10-18,177
2018-10-19,187
2018-10-20,201
2018-10-21,240
2018-10-22,198
2018-10-23,204
2018-10-24,183
2018-10-25,167
2018-10-26,151
2018-10-27,182
2018-10-28,211
2018-10-29,192
2018-10-30,192
2018-10-31,173
2018-11-01,161
2018-11-02,204
2018-11-03,180
2018-11-04,253
2018-11-05,192
2018-11-06,203
2018-11-07,173
2018-11-08,202
2018-11-09,227
2018-11-10,224
2018-11-11,251
2018-11-12,247
2018-11-13,220
2018-11-14,249
2018-11-15,330
2018-11-16,391
2018-11-17,413
2018-11-18,434
2018-11-19,428
2018-11-20,396
2018-11-21,456
2018-11-22,567
2018-11-23,797
2018-11-24,738
2018-11-25,714
2018-11-26,880
2018-11-27,552
2018-11-28,421
2018-11-29,413
2018-11-30,390
2018-12-01,404
2018-12-02,446
2018-12-03,468
2018-12-04,393
2018-12-05,388
2018-12-06,312
2018-12-07,320
2018-12-08,355
2018-12-09,375
2018-12-10,374
2018-12-11,312
2018-12-12,306
2018-12-13,310
2018-12-14,306
2018-12-15,329
2018-12-16,364
2018-12-17,331
2018-12-18,380
2018-12-19,407
2018-12-20,374
2018-12-21,388
2018-12-22,390
2018-12-23,293
2018-12-24,321
2018-12-25,422
2018-12-26,490
2018-12-27,479
2018-12-28,388
2018-12-29,330
2018-12-30,294
2018-12-31,234
2019-01-01,222
2019-01-02,279
2019-01-03,275
2019-01-04,259
2019-01-05,244
2019-01-06,221
2019-01-07,221
2019-01-08,231
2019-01-09,284
2019-01-10,248
2019-01-11,226
2019-01-12,249
2019-01-13,247
2019-01-14,262
2019-01-15,249
2019-01-16,242
2019-01-17,256
2019-01-18,242
2019-01-19,268
2019-01-20,282
2019-01-21,270
2019-01-22,238
2019-01-23,184
2019-01-24,212
2019-01-25,185
2019-01-26,190
2019-01-27,237
2019-01-28,220
2019-01-29,198
2019-01-30,205
2019-01-31,190
2019-02-01,239
2019-02-02,225
2019-02-03,222
2019-02-04,240
2019-02-05,176
2019-02-06,228
2019-02-07,210
2019-02-08,196
2019-02-09,216
2019-02-10,257
2019-02-11,247
2019-02-12,208
2019-02-13,195
2019-02-14,165
2019-02-15,196
2019-02-16,190
2019-02-17,220
2019-02-18,215
2019-02-19,208
2019-02-20,176
2019-02-21,224
2019-02-22,215
2019-02-23,216
2019-02-24,287
2019-02-25,233
2019-02-26,244
2019-02-27,238
2019-02-28,235
2019-03-01,234
2019-03-02,264
2019-03-03,301
2019-03-04,250
2019-03-05,234
2019-03-06,210
2019-03-07,206
2019-03-08,229
2019-03-09,217
2019-03-10,262
2019-03-11,224
2019-03-12,183
2019-03-13,197
2019-03-14,198
2019-03-15,191
2019-03-16,196
2019-03-17,233
2019-03-18,242
2019-03-19,188
2019-03-20,183
2019-03-21,240
2019-03-22,211
2019-03-23,219
2019-03-24,269
2019-03-25,232
2019-03-26,221
2019-03-27,227
2019-03-28,254
2019-03-29,247
2019-03-30,246
2019-03-31,254
2019-04-01,251
2019-04-02,223
2019-04-03,208
2019-04-04,216
2019-04-05,209
2019-04-06,212
2019-04-07,228
2019-04-08,203
2019-04-09,164
2019-04-10,197
2019-04-11,166
2019-04-12,177
2019-04-13,71
2019-04-14,0
2019-04-15,0
2019-04-16,0
2019-04-17,0
2019-04-18,0
2019-04-19,0
2019-04-20,0
2019-04-21,0
2019-04-22,0
2019-04-23,0
2019-04-24,0
2019-04-25,0
2019-04-26,0
2019-04-27,0
2019-04-28,0
2019-04-29,0
2019-04-30,0
2019-05-01,0
2019-05-02,0
2019-05-03,0
2019-05-04,0
2019-05-05,0
2019-05-06,0
2019-05-07,0
2019-05-08,151
2019-05-09,139
2019-05-10,189
2019-05-11,212
2019-05-12,204
2019-05-13,140
2019-05-14,193
2019-05-15,165
2019-05-16,162
2019-05-17,169
2019-05-18,182
2019-05-19,229
2019-05-20,180
2019-05-21,194
2019-05-22,268
2019-05-23,285
2019-05-24,281
2019-05-25,299
2019-05-26,301
2019-05-27,310
2019-05-28,298
2019-05-29,281
2019-05-30,244
2019-05-31,226
2019-06-01,238
2019-06-02,240
2019-06-03,219
2019-06-04,193
2019-06-05,226
2019-06-06,230
2019-06-07,215
2019-06-08,222
2019-06-09,210
2019-06-10,209
2019-06-11,194
2019-06-12,159
2019-06-13,197
2019-06-14,179
2019-06-15,199
2019-06-16,207
2019-06-17,276
2019-06-18,221
2019-06-19,221
2019-06-20,220
2019-06-21,226
2019-06-22,199
2019-06-23,246
2019-06-24,266
2019-06-25,257
2019-06-26,265
2019-06-27,309
2019-06-28,278
2019-06-29,255
2019-06-30,299
2019-07-01,221
2019-07-02,0
2019-07-03,0
2019-07-04,0
2019-07-05,0
2019-07-06,0
2019-07-07,0
2019-07-08,0
2019-07-09,0
2019-07-10,0
2019-07-11,0
2019-07-12,0
2019-07-13,0
2019-07-14,0
2019-07-15,0
2019-07-16,0
2019-07-17,0
2019-07-18,0
2019-07-19,0
2019-07-20,0
2019-07-21,0
2019-07-22,0
2019-07-23,0
2019-07-24,0
2019-07-25,0
2019-07-26,0
2019-07-27,0
2019-07-28,0
2019-07-29,0
2019-07-30,0
2019-07-31,0
2019-08-01,0
2019-08-02,0
2019-08-03,0
2019-08-04,0
2019-08-05,0
2019-08-06,0
2019-08-07,0
2019-08-08,0
2019-08-09,0
2019-08-10,0
2019-08-11,0
2019-08-12,0
2019-08-13,0
2019-08-14,0
2019-08-15,0
2019-08-16,0
2019-08-17,0
2019-08-18,0
2019-08-19,0
2019-08-20,0
2019-08-21,0
2019-08-22,0
2019-08-23,0
2019-08-24,0
2019-08-25,0
2019-08-26,0
2019-08-27,0
2019-08-28,0
2019-08-29,0
2019-08-30,0
2019-08-31,0
2019-09-01,0
2019-09-02,0
2019-09-03,0
2019-09-04,0
2019-09-05,0
2019-09-06,0
2019-09-07,0
2019-09-08,0
2019-09-09,0
2019-09-10,0
2019-09-11,0
2019-09-12,0
2019-09-13,0
2019-09-14,0
2019-09-15,0
2019-09-16,0
2019-09-17,0
2019-09-18,0
2019-09-19,0
2019-09-20,0
2019-09-21,0
2019-09-22,0
2019-09-23,0
2019-09-24,0
2019-09-25,0
2019-09-26,0
2019-09-27,0
2019-09-28,0
2019-09-29,0
2019-09-30,0
2019-10-01,0
2019-10-02,0
2019-10-03,0
2019-10-04,0
2019-10-05,0
2019-10-06,0
2019-10-07,0
2019-10-08,0
2019-10-09,0
2019-10-10,0
2019-10-11,0
2019-10-12,0
2019-10-13,0
2019-10-14,0
2019-10-15,0
2019-10-16,0
2019-10-17,0
2019-10-18,0
2019-10-19,0
2019-10-20,0
2019-10-21,0
2019-10-22,0
2019-10-23,0
2019-10-24,0
2019-10-25,0
2019-10-26,0
2019-10-27,0
2019-10-28,0
2019-10-29,0
2019-10-30,0
2019-10-31,0
2019-11-01,0
2019-11-02,0
2019-11-03,0
2019-11-04,0
2019-11-05,0
2019-11-06,0
2019-11-07,0
2019-11-08,0
2019-11-09,0
2019-11-10,0
2019-11-11,0
2019-11-12,0
2019-11-13,0
2019-11-14,0
2019-11-15,0
2019-11-16,0
2019-11-17,0
2019-11-18,0
2019-11-19,0
2019-11-20,0
2019-11-21,0
2019-11-22,0
2019-11-23,0
2019-11-24,0
2019-11-25,0
2019-11-26,0
2019-11-27,0
2019-11-28,0
2019-11-29,0
2019-11-30,0
2019-12-01,0
2019-12-02,0
2019-12-03,0
2019-12-04,0
2019-12-05,0
2019-12-06,0
2019-12-07,0
2019-12-08,0
2019-12-09,0
2019-12-10,0
2019-12-11,0
2019-12-12,0
2019-12-13,0
2019-12-14,0
2019-12-15,0
2019-12-16,0
2019-12-17,0
2019-12-18,0
2019-12-19,0
2019-12-20,0
2019-12-21,0
2019-12-22,0
2019-12-23,0
2019-12-24,0
2019-12-25,0
2019-12-26,0
2019-12-27,0
2019-12-28,0
2019-12-29,0
2019-12-30,0
2019-12-31,0
2020-01-01,0
2020-01-02,0
2020-01-03,0
2020-01-04,0
2020-01-05,0
2020-01-06,0
2020-01-07,0
2020-01-08,0
2020-01-09,0
2020-01-10,0
2020-01-11,0
2020-01-12,0
2020-01-13,0
2020-01-14,0
2020-01-15,0
2020-01-16,0
2020-01-17,0
2020-01-18,0
2020-01-19,0
2020-01-20,0
2020-01-21,0
2020-01-22,0
2020-01-23,0
2020-01-24,0
2020-01-25,0
2020-01-26,0
2020-01-27,0
2020-01-28,0
2020-01-29,0
2020-01-30,0
2020-01-31,0
2020-02-01,0
2020-02-02,0
2020-02-03,0
2020-02-04,0
2020-02-05,0
2020-02-06,0
2020-02-07,0
2020-02-08,0
2020-02-09,0
2020-02-10,0
2020-02-11,0
2020-02-12,0
2020-02-13,0
2020-02-14,0
2020-02-15,0
2020-02-16,0
2020-02-17,0
2020-02-18,0
2020-02-19,0
2020-02-20,0
2020-02-21,0
2020-02-22,0
2020-02-23,0
2020-02-24,0
2020-02-25,0
2020-02-26,0
2020-02-27,0
2020-02-28,0
2020-02-29,0
2020-03-01,0
2020-03-02,0
2020-03-03,0
2020-03-04,0
2020-03-05,0
2020-03-06,0
2020-03-07,0
2020-03-08,0
2020-03-09,0
2020-03-10,0
2020-03-11,0
2020-03-12,0
2020-03-13,0
2020-03-14,0
2020-03-15,0
2020-03-16,0
2020-03-17,0
2020-03-18,0
2020-03-19,0
2020-03-20,0
2020-03-21,0
2020-03-22,0
2020-03-23,0
2020-03-24,0
2020-03-25,0
2020-03-26,0
2020-03-27,0
2020-03-28,0
2020-03-29,0
2020-03-30,0
2020-03-31,0
2020-04-01,0
2020-04-02,0
2020-04-03,0
2020-04-04,0
2020-04-05,0
2020-04-06,0
2020-04-07,0
2020-04-08,0
2020-04-09,0
2020-04-10,0
2020-04-11,0
2020-04-12,0
2020-04-13,0
2020-04-14,0
2020-04-15,0
2020-04-16,0
2020-04-17,0
2020-04-18,0
2020-04-19,0
2020-04-20,0
2020-04-21,0
2020-04-22,0
2020-04-23,0
2020-04-24,0
2020-04-25,0
2020-04-26,0
2020-04-27,0
2020-04-28,0
2020-04-29,0
2020-04-30,0
2020-05-01,0
2020-05-02,0
2020-05-03,0
2020-05-04,0
2020-05-05,0
2020-05-06,0
2020-05-07,0
2020-05-08,0
2020-05-09,0
2020-05-10,0
2020-05-11,0
2020-05-12,0
2020-05-13,0
2020-05-14,0
2020-05-15,0
2020-05-16,0
2020-05-17,0
2020-05-18,0
2020-05-19,0
2020-05-20,0
2020-05-21,0
2020-05-22,0
2020-05-23,0
2020-05-24,0
2020-05-25,0
2020-05-26,0
2020-05-27,0
2020-05-28,0
2020-05-29,0
2020-05-30,0
2020-05-31,0
2020-06-01,0
2020-06-02,0
2020-06-03,0
2020-06-04,0
2020-06-05,0
2020-06-06,0
2020-06-07,0
2020-06-08,0
2020-06-09,0
2020-06-10,0
2020-06-11,0
2020-06-12,0
2020-06-13,0
2020-06-14,0
2020-06-15,0
2020-06-16,0
2020-06-17,0
2020-06-18,0
2020-06-19,0
2020-06-20,0
2020-06-21,0
2020-06-22,0
2020-06-23,0
2020-06-24,0
2020-06-25,0
2020-06-26,0
2020-06-27,0
2020-06-28,0
2020-06-29,0
2020-06-30,0
2020-07-01,0
2020-07-02,0
2020-07-03,0
2020-07-04,0
2020-07-05,0
2020-07-06,0
2020-07-07,0
2020-07-08,0
2020-07-09,0
2020-07-10,0
2020-07-11,0
2020-07-12,0
2020-07-13,0
2020-07-14,0
2020-07-15,0
2020-07-16,0
2020-07-17,0
2020-07-18,0
2020-07-19,0
2020-07-20,0
2020-07-21,0
2020-07-22,0
2020-07-23,0
2020-07-24,0
2020-07-25,0
2020-07-26,0
2020-07-27,0
2020-07-28,0
2020-07-29,0
2020-07-30,0
2020-07-31,0
2020-08-01,0
2020-08-02,0
2020-08-03,0
2020-08-04,0
2020-08-05,0
2020-08-06,0
2020-08-07,0
2020-08-08,0
2020-08-09,0
2020-08-10,0
2020-08-11,0
2020-08-12,0
2020-08-13,0
2020-08-14,0
2020-08-15,0
2020-08-16,0
2020-08-17,0
2020-08-18,0
2020-08-19,0
2020-08-20,0
2020-08-21,0
2020-08-22,0
2020-08-23,0
2020-08-24,0
2020-08-25,0
2020-08-26,0
2020-08-27,0
2020-08-28,0
2020-08-29,0
2020-08-30,0
2020-08-31,0
2020-09-01,0
2020-09-02,0
2020-09-03,0
2020-09-04,0
2020-09-05,0
2020-09-06,0
2020-09-07,0
2020-09-08,0
2020-09-09,0
2020-09-10,0
2020-09-11,0
2020-09-12,0
2020-09-13,0
2020-09-14,0
2020-09-15,0
2020-09-16,0
2020-09-17,0
2020-09-18,0
2020-09-19,0
2020-09-20,0
2020-09-21,0
2020-09-22,0
2020-09-23,0
2020-09-24,0
2020-09-25,0
2020-09-26,0
2020-09-27,0
2020-09-28,0
2020-09-29,0
2020-09-30,0
2020-10-01,0
2020-10-02,0
2020-10-03,0
2020-10-04,0
2020-10-05,0
2020-10-06,0
2020-10-07,0
2020-10-08,0
2020-10-09,0
2020-10-10,0
2020-10-11,0
2020-10-12,0
2020-10-13,0
2020-10-14,0
2020-10-15,0
2020-10-16,0
2020-10-17,0
2020-10-18,0
2020-10-19,0
2020-10-20,0
2020-10-21,0
2020-10-22,0
2020-10-23,0
2020-10-24,0
2020-10-25,0
2020-10-26,0
2020-10-27,0
2020-10-28,0
2020-10-29,0
2020-10-30,0
2020-10-31,0
2020-11-01,0
2020-11-02,0
2020-11-03,0
2020-11-04,0
2020-11-05,0
2020-11-06,0
2020-11-07,0
2020-11-08,0
2020-11-09,0
2020-11-10,0
2020-11-11,0
2020-11-12,0
2020-11-13,0
2020-11-14,0
2020-11-15,0
2020-11-16,0
2020-11-17,0
2020-11-18,0
2020-11-19,0
2020-11-20,0
2020-11-21,0
2020-11-22,0
2020-11-23,0
2020-11-24,0
2020-11-25,0
2020-11-26,0
2020-11-27,0
2020-11-28,0
2020-11-29,0
2020-11-30,0
2020-12-01,0
2020-12-02,0
2020-12-03,0
2020-12-04,0
2020-12-05,0
2020-12-06,0
2020-12-07,0
2020-12-08,0
2020-12-09,0
2020-12-10,0
2020-12-11,0
2020-12-12,0
2020-12-13,0
2020-12-14,0
2020-12-15,0
2020-12-16,0
2020-12-17,0
2020-12-18,0
2020-12-19,0
2020-12-20,0
2020-12-21,0
2020-12-22,0
2020-12-23,0
2020-12-24,0
2020-12-25,0
2020-12-26,0
2020-12-27,0
2020-12-28,0
2020-12-29,0
2020-12-30,0
2020-12-31,0
2021-01-01,0
2021-01-02,0
2021-01-03,0
2021-01-04,0
2021-01-05,0
2021-01-06,0
2021-01-07,0
2021-01-08,0
2021-01-09,0
2021-01-10,0
2021-01-11,0
2021-01-12,0
2021-01-13,0
2021-01-14,0
2021-01-15,0
2021-01-16,0
2021-01-17,0
2021-01-18,0
2021-01-19,0
2021-01-20,0
2021-01-21,0
2021-01-22,0
2021-01-23,0
2021-01-24,0
2021-01-25,0
2021-01-26,0
2021-01-27,0
2021-01-28,0
2021-01-29,0
2021-01-30,0
2021-01-31,0
2021-02-01,0
2021-02-02,0
2021-02-03,0
2021-02-04,0
2021-02-05,0
2021-02-06,0
2021-02-07,0
2021-02-08,0
2021-02-09,0
2021-02-10,0
2021-02-11,0
2021-02-12,0
2021-02-13,0
2021-02-14,0
2021-02-15,0
2021-02-16,0
2021-02-17,0
2021-02-18,0
2021-02-19,0
2021-02-20,0
2021-02-21,0
2021-02-22,0
2021-02-23,0
2021-02-24,0
2021-02-25,0
2021-02-26,0
2021-02-27,0
2021-02-28,0
2021-03-01,0
2021-03-02,0
2021-03-03,0
2021-03-04,0
2021-03-05,0
2021-03-06,0
2021-03-07,0
2021-03-08,0
2021-03-09,0
2021-03-10,0
2021-03-11,0
2021-03-12,0
2021-03-13,0
2021-03-14,0
2021-03-15,0
2021-03-16,0
2021-03-17,0
2021-03-18,0
2021-03-19,0
2021-03-20,0
2021-03-21,0
2021-03-22,0
2021-03-23,0
2021-03-24,0
2021-03-25,0
2021-03-26,0
2021-03-27,0
2021-03-28,0
2021-03-29,0
2021-03-30,0
2021-03-31,0
2021-04-01,0
2021-04-02,0
2021-04-03,0
2021-04-04,0
2021-04-05,0
2021-04-06,0
2021-04-07,0
2021-04-08,0
2021-04-09,0
2021-04-10,0
2021-04-11,0
2021-04-12,0
2021-04-13,0
2021-04-14,0
2021-04-15,0
2021-04-16,0
2021-04-17,0
2021-04-18,0
2021-04-19,0
2021-04-20,0
2021-04-21,0
2021-04-22,0
2021-04-23,0
2021-04-24,0
2021-04-25,0
2021-04-26,0
2021-04-27,0
2021-04-28,0
2021-04-29,0
2021-04-30,0
2021-05-01,0
2021-05-02,0
2021-05-03,0
2021-05-04,0
2021-05-05,0
2021-05-06,0
2021-05-07,0
2021-05-08,0
2021-05-09,0
2021-05-10,0
2021-05-11,0
2021-05-12,0
2021-05-13,0
2021-05-14,0
2021-05-15,0
2021-05-16,0
2021-05-17,0
2021-05-18,0
2021-05-19,0
2021-05-20,0
2021-05-21,0
2021-05-22,0
2021-05-23,0
2021-05-24,0
2021-05-25,0
2021-05-26,0
2021-05-27,0
2021-05-28,0
2021-05-29,0
2021-05-30,0
2021-05-31,0
2021-06-01,0
2021-06-02,0
2021-06-03,0
2021-06-04,0
2021-06-05,0
2021-06-06,0
2021-06-07,0
2021-06-08,0
2021-06-09,0
2021-06-10,0
2021-06-11,0
2021-06-12,0
2021-06-13,0
2021-06-14,0
2021-06-15,0
2021-06-16,0
2021-06-17,0
2021-06-18,0
2021-06-19,0
2021-06-20,0
2021-06-21,0
2021-06-22,0
2021-06-23,0
2021-06-24,0
2021-06-25,0
2021-06-26,0
2021-06-27,0
2021-06-28,0
2021-06-29,0
2021-06-30,0
2021-07-01,0
2021-07-02,0
2021-07-03,0
2021-07-04,0
2021-07-05,0
2021-07-06,0
2021-07-07,0
2021-07-08,0
2021-07-09,0
2021-07-10,0
2021-07-11,0
2021-07-12,0
2021-07-13,0
2021-07-14,0
2021-07-15,0
2021-07-16,0
2021-07-17,0
2021-07-18,0
2021-07-19,0
2021-07-20,0
2021-07-21,0
2021-07-22,0
2021-07-23,0
2021-07-24,0
2021-07-25,0
2021-07-26,0
2021-07-27,0
2021-07-28,0
2021-07-29,0
2021-07-30,0
2021-07-31,0
2021-08-01,2
2021-08-02,1
2021-08-03,1
2021-08-04,3
2021-08-05,2
2021-08-06,2
2021-08-07,0
2021-08-08,3
2021-08-09,0
2021-08-10,1
2021-08-11,2
2021-08-12,0
2021-08-13,2
2021-08-14,3
2021-08-15,0
2021-08-16,2
2021-08-17,3
2021-08-18,0
2021-08-19,7
2021-08-20,0
2021-08-21,1
2021-08-22,3
2021-08-23,2
2021-08-24,0
2021-08-25,0
2021-08-26,1
2021-08-27,0
2021-08-28,1
2021-08-29,3
2021-08-30,0
2021-08-31,1
2021-09-01,1
2021-09-02,4
2021-09-03,1
2021-09-04,0
2021-09-05,1
2021-09-06,1
2021-09-07,1
2021-09-08,0
2021-09-09,0
2021-09-10,2
2021-09-11,1
2021-09-12,0
2021-09-13,1
2021-09-14,0
2021-09-15,0
2021-09-16,2
2021-09-17,1
2021-09-18,3
2021-09-19,4
2021-09-20,1
2021-09-21,3
2021-09-22,2
2021-09-23,2
2021-09-24,0
2021-09-25,0
2021-09-26,1
2021-09-27,2
2021-09-28,1
2021-09-29,0
2021-09-30,1
2021-10-01,1
2021-10-02,3
2021-10-03,1
2021-10-04,1
2021-10-05,2
2021-10-06,2
2021-10-07,1
2021-10-08,3
2021-10-09,3
2021-10-10,1
2021-10-11,2
2021-10-12,2
2021-10-13,3
2021-10-14,0
2021-10-15,0
2021-10-16,2
2021-10-17,0
2021-10-18,1
2021-10-19,1
2021-10-20,1
2021-10-21,0
2021-10-22,3
2021-10-23,0
2021-10-24,1
2021-10-25,2
2021-10-26,2
2021-10-27,2
2021-10-28,0
2021-10-29,1
2021-10-30,0
2021-10-31,3
2021-11-01,2
2021-11-02,1
2021-11-03,3
2021-11-04,2
2021-11-05,3
2021-11-06,3
2021-11-07,1
2021-11-08,0
2021-11-09,1
2021-11-10,0
2021-11-11,2
2021-11-12,1
2021-11-13,1
2021-11-14,1
2021-11-15,2
2021-11-16,2
2021-11-17,3
2021-11-18,1
2021-11-19,1
2021-11-20,1
2021-11-21,3
2021-11-22,2
2021-11-23,1
2021-11-24,1
2021-11-25,4
2021-11-26,0
2021-11-27,4
2021-11-28,2
2021-11-29,0
2021-11-30,3
2021-12-01,1
2021-12-02,0
2021-12-03,0
2021-12-04,1
2021-12-05,2
2021-12-06,4
2021-12-07,2
2021-12-08,4
2021-12-09,1
2021-12-10,2
2021-12-11,2
2021-12-12,1
2021-12-13,1
2021-12-14,1
2021-12-15,0
2021-12-16,0
2021-12-17,2
2021-12-18,1
2021-12-19,0
2021-12-20,4
2021-12-21,3
2021-12-22,0
2021-12-23,0
2021-12-24,3
2021-12-25,0
2021-12-26,0
2021-12-27,0
2021-12-28,0
2021-12-29,4
2021-12-30,4
2021-12-31,1
2022-01-01,1
2022-01-02,1
2022-01-03,0
2022-01-04,1
2022-01-05,0
2022-01-06,4
2022-01-07,1
2022-01-08,0
2022-01-09,1
2022-01-10,4
2022-01-11,1
2022-01-12,1
2022-01-13,2
2022-01-14,2
2022-01-15,0
2022-01-16,1
2022-01-17,1
2022-01-18,1
2022-01-19,0
2022-01-20,2
2022-01-21,3
2022-01-22,1
2022-01-23,0
2022-01-24,0
2022-01-25,1
2022-01-26,1
2022-01-27,0
2022-01-28,1
2022-01-29,4
2022-01-30,2
2022-01-31,1
2022-02-01,0
2022-02-02,1
2022-02-03,0
2022-02-04,3
2022-02-05,1
2022-02-06,0
2022-02-07,0
2022-02-08,0
2022-02-09,0
2022-02-10,2
2022-02-11,1
2022-02-12,0
2022-02-13,0
2022-02-14,1
2022-02-15,0
2022-02-16,2
2022-02-17,0
2022-02-18,0
2022-02-19,2
2022-02-20,0
2022-02-21,1
2022-02-22,0
2022-02-23,1
2022-02-24,1
2022-02-25,2
2022-02-26,0
2022-02-27,4
2022-02-28,0
2022-03-01,1
2022-03-02,1
2022-03-03,1
2022-03-04,2
2022-03-05,2
2022-03-06,0
2022-03-07,0
2022-03-08,2
2022-03-09,2
2022-03-10,3
2022-03-11,1
2022-03-12,1
2022-03-13,0
2022-03-14,2
2022-03-15,0
2022-03-16,2
2022-03-17,3
2022-03-18,3
2022-03-19,0
2022-03-20,2
2022-03-21,2
2022-03-22,1
2022-03-23,0
2022-03-24,0
2022-03-25,0
2022-03-26,1
2022-03-27,1
2022-03-28,1
2022-03-29,2
2022-03-30,0
2022-03-31,0
2022-04-01,1
2022-04-02,0
2022-04-03,1
2022-04-04,0
2022-04-05,2
2022-04-06,1
2022-04-07,0
2022-04-08,1
2022-04-09,1
2022-04-10,0
2022-04-11,3
2022-04-12,0
2022-04-13,2
2022-04-14,1
2022-04-15,1
2022-04-16,0
2022-04-17,1
2022-04-18,0
2022-04-19,1
2022-04-20,1
2022-04-21,1
2022-04-22,1
2022-04-23,0
2022-04-24,1
2022-04-25,0
2022-04-26,1
2022-04-27,2
2022-04-28,0
2022-04-29,1
2022-04-30,1
2022-05-01,1
2022-05-02,0
2022-05-03,1
2022-05-04,0
2022-05-05,2
2022-05-06,1
2022-05-07,0
2022-05-08,1
2022-05-09,1
2022-05-10,1
2022-05-11,2
2022-05-12,0
2022-05-13,1
2022-05-14,1
2022-05-15,2
2022-05-16,2
2022-05-17,1
2022-05-18,0
2022-05-19,2
2022-05-20,1
2022-05-21,0
2022-05-22,2
2022-05-23,0
2022-05-24,1
2022-05-25,1
2022-05-26,1
2022-05-27,1
2022-05-28,2
2022-05-29,1
2022-05-30,1
2022-05-31,3
2022-06-01,1
2022-06-02,2
2022-06-03,0
2022-06-04,3
2022-06-05,1
2022-06-06,1
2022-06-07,0
2022-06-08,0
2022-06-09,0
2022-06-10,1
2022-06-11,0
2022-06-12,1
2022-06-13,2
2022-06-14,0
2022-06-15,1
2022-06-16,0
2022-06-17,0
2022-06-18,0
2022-06-19,1
2022-06-20,4
2022-06-21,0
2022-06-22,1
2022-06-23,0
2022-06-24,0
2022-06-25,1
2022-06-26,1
2022-06-27,1
2022-06-28,3
2022-06-29,1
2022-06-30,22
2022-07-01,15
2022-07-02,10
2022-07-03,9
2022-07-04,14
2022-07-05,25
2022-07-06,85
2022-07-07,238
2022-07-08,225
2022-07-09,228
2022-07-10,256
2022-07-11,303
2022-07-12,292
2022-07-13,311
2022-07-14,279
2022-07-15,272
2022-07-16,269
2022-07-17,299
2022-07-18,343
2022-07-19,385
2022-07-20,304
2022-07-21,331
2022-07-22,315
2022-07-23,269
2022-07-24,334
2022-07-25,322
2022-07-26,350
2022-07-27,441
2022-07-28,406
2022-07-29,309
2022-07-30,321
2022-07-31,339
2022-08-01,353
2022-08-02,386
2022-08-03,367
2022-08-04,491
2022-08-05,649
2022-08-06,565
2022-08-07,653
2022-08-08,573
2022-08-09,512
2022-08-10,634
2022-08-11,453
2022-08-12,357
2022-08-13,443
2022-08-14,419
2022-08-15,385
2022-08-16,384
2022-08-17,337
2022-08-18,364
2022-08-19,295
2022-08-20,371
2022-08-21,360
2022-08-22,386
2022-08-23,340
2022-08-24,273
2022-08-25,332
2022-08-26,312
2022-08-27,371
2022-08-28,361
2022-08-29,361
2022-08-30,388
2022-08-31,346
2022-09-01,370
2022-09-02,474
2022-09-03,439
2022-09-04,433
2022-09-05,602
2022-09-06,472
2022-09-07,363
2022-09-08,330
2022-09-09,320
2022-09-10,658
2022-09-11,429
2022-09-12,416
2022-09-13,374
2022-09-14,707
2022-09-15,3061
2022-09-16,663
2022-09-17,427
2022-09-18,431
2022-09-19,445
2022-09-20,365
2022-09-21,375
2022-09-22,342
2022-09-23,376
2022-09-24,379
2022-09-25,394
2022-09-26,384
2022-09-27,371
2022-09-28,371
2022-09-29,417
2022-09-30,366
2022-10-01,395
2022-10-02,450
2022-10-03,356
2022-10-04,365
2022-10-05,394
2022-10-06,444
2022-10-07,370
2022-10-08,419
2022-10-09,420
2022-10-10,464
2022-10-11,447
2022-10-12,427
2022-10-13,436
2022-10-14,387
2022-10-15,406
2022-10-16,485
2022-10-17,510
2022-10-18,435
2022-10-19,415
2022-10-20,457
2022-10-21,530
2022-10-22,511
2022-10-23,530
2022-10-24,529
2022-10-25,426
2022-10-26,448
2022-10-27,432
2022-10-28,460
2022-10-29,492
2022-10-30,501
2022-10-31,449
2022-11-01,364
2022-11-02,423
2022-11-03,495
2022-11-04,447
2022-11-05,500
2022-11-06,510
2022-11-07,489
2022-11-08,464
2022-11-09,483
2022-11-10,488
2022-11-11,648
2022-11-12,565
2022-11-13,634
2022-11-14,603
2022-11-15,545
2022-11-16,559
2022-11-17,538
2022-11-18,643
2022-11-19,666
2022-11-20,706
2022-11-21,750
2022-11-22,789
2022-11-23,732
2022-11-24,864
2022-11-25,1364
2022-11-26,1348
2022-11-27,1178
2022-11-28,1125
2022-11-29,1020
2022-11-30,927
2022-12-01,858
2022-12-02,779
2022-12-03,845
2022-12-04,874
2022-12-05,817
2022-12-06,716
2022-12-07,734
2022-12-08,727
2022-12-09,766
2022-12-10,830
2022-12-11,896
2022-12-12,826
2022-12-13,707
2022-12-14,607
2022-12-15,658
2022-12-16,690
2022-12-17,705
2022-12-18,726
2022-12-19,786
2022-12-20,625
2022-12-21,681
2022-12-22,673
2022-12-23,598
2022-12-24,655
2022-12-25,877
2022-12-26,1054
2022-12-27,1009
2022-12-28,836
2022-12-29,790
2022-12-30,728
2022-12-31,618
2023-01-01,532
2023-01-02,696
2023-01-03,588
2023-01-04,566
2023-01-05,619
2023-01-06,569
2023-01-07,579
2023-01-08,639
2023-01-09,567
2023-01-10,555
2023-01-11,483
2023-01-12,541
2023-01-13,642
2023-01-14,773
2023-01-15,724
2023-01-16,789
2023-01-17,642
2023-01-18,699
2023-01-19,617
2023-01-20,665
2023-01-21,781
2023-01-22,837
2023-01-23,935
2023-01-24,758
2023-01-25,745
2023-01-26,634
2023-01-27,507
2023-01-28,621
2023-01-29,719
2023-01-30,612
2023-01-31,517
2023-02-01,526
2023-02-02,516
2023-02-03,592
2023-02-04,557
2023-02-05,581
2023-02-06,583
2023-02-07,545
2023-02-08,546
2023-02-09,639
2023-02-10,674
2023-02-11,656
2023-02-12,744
2023-02-13,583
2023-02-14,566
2023-02-15,563
2023-02-16,709
2023-02-17,649
2023-02-18,873
2023-02-19,824
2023-02-20,911
2023-02-21,738
2023-02-22,758
2023-02-23,811
2023-02-24,765
2023-02-25,784
2023-02-26,804
2023-02-27,709
2023-02-28,594
2023-03-01,615
2023-03-02,639
2023-03-03,678
2023-03-04,731
2023-03-05,749
2023-03-06,720
2023-03-07,664
2023-03-08,773
2023-03-09,696
2023-03-10,691
2023-03-11,749
2023-03-12,868
2023-03-13,800
2023-03-14,738
2023-03-15,704
2023-03-16,721
2023-03-17,573
2023-03-18,625
2023-03-19,758
2023-03-20,729
2023-03-21,662
2023-03-22,696
2023-03-23,643
2023-03-24,682
2023-03-25,777
2023-03-26,875
2023-03-27,839
2023-03-28,779
2023-03-29,707
2023-03-30,703
2023-03-31,735
2023-04-01,860
2023-04-02,910
2023-04-03,781
2023-04-04,657
2023-04-05,701
2023-04-06,662
2023-04-07,628
2023-04-08,654
2023-04-09,601
2023-04-10,668
2023-04-11,664
2023-04-12,590
2023-04-13,676
2023-04-14,574
2023-04-15,706
2023-04-16,803
2023-04-17,892
2023-04-18,840
2023-04-19,732
2023-04-20,800
2023-04-21,769
2023-04-22,770
2023-04-23,869
2023-04-24,807
2023-04-25,735
2023-04-26,627
2023-04-27,715
2023-04-28,803
2023-04-29,878
2023-04-30,859
2023-05-01,740
2023-05-02,599
2023-05-03,630
2023-05-04,692
2023-05-05,691
2023-05-06,673
2023-05-07,706
2023-05-08,700
2023-05-09,583
2023-05-10,585
2023-05-11,573
2023-05-12,641
2023-05-13,667
2023-05-14,684
2023-05-15,737
2023-05-16,692
2023-05-17,602
2023-05-18,581
2023-05-19,583
2023-05-20,658
2023-05-21,714
2023-05-22,679
2023-05-23,633
2023-05-24,646
2023-05-25,714
2023-05-26,742
2023-05-27,773
2023-05-28,762
2023-05-29,806
2023-05-30,721
2023-05-31,687
2023-06-01,672
2023-06-02,629
2023-06-03,624
2023-06-04,715
2023-06-05,719
2023-06-06,645
2023-06-07,870
2023-06-08,667
2023-06-09,628
2023-06-10,615
2023-06-11,702
2023-06-12,790
2023-06-13,820
2023-06-14,821
2023-06-15,738
2023-06-16,708
2023-06-17,718
2023-06-18,759
2023-06-19,719
2023-06-20,689
2023-06-21,653
2023-06-22,610
2023-06-23,602
2023-06-24,541
2023-06-25,629
2023-06-26,671
2023-06-27,706
2023-06-28,668
2023-06-29,720
2023-06-30,739
2023-07-01,733
2023-07-02,796
2023-07-03,779
2023-07-04,711
2023-07-05,764
2023-07-06,821
2023-07-07,796
2023-07-08,789
2023-07-09,904
2023-07-10,924
2023-07-11,949
2023-07-12,973
2023-07-13,1059
2023-07-14,1084
2023-07-15,1061
2023-07-16,1079
2023-07-17,1186
2023-07-18,1172
2023-07-19,1125
2023-07-20,1136
2023-07-21,1082
2023-07-22,924
2023-07-23,978
2023-07-24,1160
2023-07-25,1016
2023-07-26,1164
2023-07-27,1102
2023-07-28,1085
2023-07-29,1065
2023-07-30,1126
2023-07-31,1163
2023-08-01,1120
2023-08-02,1156
2023-08-03,1115
2023-08-04,1146
2023-08-05,1069
2023-08-06,1063
2023-08-07,1049
2023-08-08,1074
2023-08-09,999
2023-08-10,1042
2023-08-11,995
2023-08-12,1041
2023-08-13,1012
2023-08-14,1060
2023-08-15,1050
2023-08-16,1015
2023-08-17,912
2023-08-18,849
2023-08-19,947
2023-08-20,997
2023-08-21,958
2023-08-22,905
2023-08-23,933
2023-08-24,924
2023-08-25,855
2023-08-26,1086
2023-08-27,957
2023-08-28,800
2023-08-29,876
2023-08-30,819
2023-08-31,818
2023-09-01,838
2023-09-02,937
2023-09-03,973
2023-09-04,1034
2023-09-05,866
2023-09-06,828
2023-09-07,773
2023-09-08,777
2023-09-09,989
2023-09-10,950
2023-09-11,818
2023-09-12,790
2023-09-13,830
2023-09-14,785
2023-09-15,810
2023-09-16,963
2023-09-17,984
2023-09-18,981
2023-09-19,836
2023-09-20,907
2023-09-21,914
2023-09-22,807
2023-09-23,956
2023-09-24,937
2023-09-25,908
2023-09-26,899
2023-09-27,1007
2023-09-28,981
2023-09-29,958
2023-09-30,1007
2023-10-01,1003
2023-10-02,994
2023-10-03,877
2023-10-04,909
2023-10-05,965
2023-10-06,907
2023-10-07,985
2023-10-08,1143
2023-10-09,1267
2023-10-10,1104
2023-10-11,1059
2023-10-12,989
2023-10-13,1051
2023-10-14,1165
2023-10-15,1273
2023-10-16,1260
2023-10-17,1131
2023-10-18,1230
2023-10-19,1160
2023-10-20,1141
2023-10-21,1183
2023-10-22,1359
2023-10-23,1375
2023-10-24,1094
2023-10-25,1330
2023-10-26,1317
2023-10-27,1128
2023-10-28,1173
2023-10-29,1114
2023-10-30,1524
2023-10-31,1109
2023-11-01,1260
2023-11-02,1455
2023-11-03,1422
2023-11-04,1790
2023-11-05,1885
2023-11-06,1519
2023-11-07,1410
2023-11-08,1554
2023-11-09,1550
2023-11-10,1681
2023-11-11,1698
2023-11-12,1755
2023-11-13,1842
2023-11-14,1600
2023-11-15,1459
2023-11-16,1487
2023-11-17,1389
2023-11-18,1614
2023-11-19,1916
2023-11-20,1958
2023-11-21,1941
2023-11-22,2005
2023-11-23,1973
2023-11-24,3087
2023-11-25,2845
2023-11-26,2408
2023-11-27,2545
2023-11-28,2253
2023-11-29,1929
2023-11-30,1870
2023-12-01,1848
2023-12-02,2125
2023-12-03,2202
2023-12-04,1850
2023-12-05,1571
2023-12-06,1608
2023-12-07,1651
2023-12-08,1499
2023-12-09,1673
2023-12-10,1783
2023-12-11,1655
2023-12-12,1371
2023-12-13,1571
2023-12-14,1647
2023-12-15,1382
2023-12-16,1594
2023-12-17,1588
2023-12-18,1509
2023-12-19,1373
2023-12-20,1289
2023-12-21,1214
2023-12-22,1076
2023-12-23,1134
2023-12-24,978
2023-12-25,1464
2023-12-26,1857
2023-12-27,1565
2023-12-28,1406
2023-12-29,1345
2023-12-30,1247
2023-12-31,1148
2024-01-01,1047
2024-01-02,1244
2024-01-03,1160
2024-01-04,1087
2024-01-05,1075
2024-01-06,1225
2024-01-07,1258
2024-01-08,1160
2024-01-09,1092
2024-01-10,1137
2024-01-11,1146
2024-01-12,1169
2024-01-13,1337
2024-01-14,1321
2024-01-15,1291
2024-01-16,1161
2024-01-17,1026
2024-01-18,1075
2024-01-19,1112
2024-01-20,1296
2024-01-21,1379
2024-01-22,1156
2024-01-23,972
2024-01-24,926
2024-01-25,978
2024-01-26,927
2024-01-27,1028
2024-01-28,1054
2024-01-29,965
2024-01-30,862
2024-01-31,946
2024-02-01,1011
2024-02-02,941
2024-02-03,1076
2024-02-04,1307
2024-02-05,1041
2024-02-06,984
2024-02-07,1034
2024-02-08,1089
2024-02-09,977
2024-02-10,1102
2024-02-11,1102
2024-02-12,950
2024-02-13,871
2024-02-14,747
2024-02-15,990
2024-02-16,1080
2024-02-17,1239
2024-02-18,1378
2024-02-19,1403
2024-02-20,1244
2024-02-21,1202
2024-02-22,1162
2024-02-23,1273
2024-02-24,1313
2024-02-25,1369
2024-02-26,1361
2024-02-27,1242
2024-02-28,1372
2024-02-29,1324
2024-03-01,1230
2024-03-02,1452
2024-03-03,1599
2024-03-04,1289
2024-03-05,1108
2024-03-06,1237
2024-03-07,1229
2024-03-08,1234
2024-03-09,1327
2024-03-10,1340
2024-03-11,1394
2024-03-12,1210
2024-03-13,1255
2024-03-14,1188
2024-03-15,1131
2024-03-16,1205
2024-03-17,1339
2024-03-18,1254
2024-03-19,1141
2024-03-20,1093
2024-03-21,1183
2024-03-22,1089
2024-03-23,1298
2024-03-24,1449
2024-03-25,1287
2024-03-26,1165
2024-03-27,1153
2024-03-28,1213
2024-03-29,1356
2024-03-30,1285
2024-03-31,1282
2024-04-01,1304
2024-04-02,1190
2024-04-03,1095
2024-04-04,1072
2024-04-05,1041
2024-04-06,1191
2024-04-07,1351
2024-04-08,1093
2024-04-09,1057
2024-04-10,1032
2024-04-11,1030
2024-04-12,1037
2024-04-13,1234
2024-04-14,1333
2024-04-15,1207
2024-04-16,921
2024-04-17,1017
2024-04-18,1040
2024-04-19,1008
2024-04-20,1066
2024-04-21,1258
2024-04-22,1109
2024-04-23,1071
2024-04-24,1120
2024-04-25,1094
2024-04-26,1168
2024-04-27,1188
2024-04-28,1248
2024-04-29,1223
2024-04-30,1067
2024-05-01,1156
2024-05-02,1097
2024-05-03,1038
2024-05-04,1175
2024-05-05,1314
2024-05-06,1183
2024-05-07,1065
2024-05-08,998
2024-05-09,1012
2024-05-10,1030
2024-05-11,1155
2024-05-12,1151
2024-05-13,1126
2024-05-14,1188
2024-05-15,1080
2024-05-16,990
2024-05-17,981
2024-05-18,1121
2024-05-19,1266
2024-05-20,1180
2024-05-21,997
2024-05-22,1012
2024-05-23,1100
2024-05-24,1048
2024-05-25,1200
2024-05-26,1364
2024-05-27,1416
2024-05-28,1313
2024-05-29,1168
2024-05-30,1140
2024-05-31,1078
2024-06-01,1143
2024-06-02,1298
2024-06-03,1276
2024-06-04,1125
2024-06-05,1109
2024-06-06,1178
2024-06-07,1082
2024-06-08,1053
2024-06-09,1204
2024-06-10,1195
2024-06-11,1118
2024-06-12,1353
2024-06-13,1197
2024-06-14,1260
2024-06-15,1151
2024-06-16,1227
2024-06-17,1175
2024-06-18,1277
2024-06-19,1160
2024-06-20,1171
2024-06-21,1167
2024-06-22,1131
2024-06-23,1188
2024-06-24,1104
2024-06-25,1271
2024-06-26,1251
2024-06-27,1259
2024-06-28,1320
2024-06-29,1122
2024-06-30,1215
2024-07-01,1361
2024-07-02,1430
2024-07-03,1353
2024-07-04,1155
2024-07-05,1118
2024-07-06,1390
2024-07-07,1388
2024-07-08,1448
2024-07-09,1437
2024-07-10,1342
2024-07-11,1314
2024-07-12,1442
2024-07-13,1437
2024-07-14,1469
2024-07-15,1510
2024-07-16,1559
2024-07-17,1635
2024-07-18,1602
2024-07-19,1573
2024-07-20,1575
2024-07-21,1938
2024-07-22,2007
2024-07-23,1844
2024-07-24,1690
2024-07-25,1687
2024-07-26,1770
2024-07-27,1712
2024-07-28,1922
2024-07-29,1991
2024-07-30,1973
2024-07-31,1838
2024-08-01,1748
2024-08-02,1804
2024-08-03,1963
2024-08-04,1869
2024-08-05,2032
2024-08-06,1943
2024-08-07,1909
2024-08-08,1782
2024-08-09,1633
2024-08-10,1559
2024-08-11,1798
2024-08-12,1677
2024-08-13,1708
2024-08-14,1682
2024-08-15,1675
2024-08-16,1554
2024-08-17,1869
2024-08-18,1884
2024-08-19,1846
2024-08-20,1773
2024-08-21,1930
2024-08-22,1700
2024-08-23,1261
2024-08-24,1378
2024-08-25,1619
2024-08-26,1627
2024-08-27,1522
2024-08-28,1568
2024-08-29,1515
2024-08-30,1459
2024-08-31,1820
2024-09-01,1809
2024-09-02,1847
2024-09-03,1495
2024-09-04,1450
2024-09-05,1266
2024-09-06,1384
2024-09-07,1532
2024-09-08,1714
2024-09-09,1548
2024-09-10,1396
2024-09-11,1594
2024-09-12,1402
2024-09-13,1234
2024-09-14,1509
2024-09-15,1636
2024-09-16,1420
2024-09-17,1416
2024-09-18,1500
2024-09-19,1597
2024-09-20,1572
2024-09-21,1700
2024-09-22,1828
2024-09-23,1548
2024-09-24,1441
2024-09-25,1203
2024-09-26,1409
2024-09-27,1283
2024-09-28,1425
2024-09-29,1580
2024-09-30,1345
2024-10-01,1433
2024-10-02,1219
2024-10-03,1306
2024-10-04,1186
2024-10-05,1419
2024-10-06,1591
2024-10-07,1377
2024-10-08,1460
2024-10-09,1448
2024-10-10,1472
2024-10-11,1496
2024-10-12,1626
2024-10-13,1709
2024-10-14,1696
2024-10-15,1475
2024-10-16,1546
2024-10-17,1674
2024-10-18,1506
2024-10-19,1567
2024-10-20,1816
2024-10-21,1698
2024-10-22,1647
2024-10-23,1660
2024-10-24,1589
2024-10-25,1567
2024-10-26,1765
2024-10-27,1823
2024-10-28,1572
2024-10-29,1379
2024-10-30,1462
2024-10-31,1315
2024-11-01,1320
2024-11-02,1776
2024-11-03,1999
2024-11-04,2002
2024-11-05,1847
2024-11-06,1899
2024-11-07,2148
2024-11-08,2120
2024-11-09,2292
2024-11-10,2400
2024-11-11,2345
2024-11-12,1967
2024-11-13,1818
2024-11-14,1930
2024-11-15,1989
2024-11-16,2260
2024-11-17,2538
2024-11-18,2240
2024-11-19,2082
2024-11-20,2150
2024-11-21,2134
2024-11-22,2217
2024-11-23,2473
2024-11-24,2691
2024-11-25,2789
2024-11-26,2822
2024-11-27,2839
2024-11-28,2948
2024-11-29,4799
2024-11-30,4517
2024-12-01,3739
2024-12-02,4233
2024-12-03,3763
2024-12-04,3430
2024-12-05,3454
2024-12-06,3214
2024-12-07,3336
2024-12-08,3590
2024-12-09,3320
2024-12-10,3092
2024-12-11,2876
2024-12-12,2970
2024-12-13,2846
2024-12-14,3086
2024-12-15,3254
2024-12-16,2913
2024-12-17,2510
2024-12-18,2489
2024-12-19,2465
2024-12-20,2280
2024-12-21,2457
2024-12-22,2293
2024-12-23,2096
2024-12-24,1883
2024-12-25,3093
2024-12-26,4608
2024-12-27,4444
2024-12-28,3291
2024-12-29,2614
2024-12-30,2524
2024-12-31,2097
2025-01-01,1942
2025-01-02,2565
2025-01-03,2396
2025-01-04,2442
2025-01-05,2234
2025-01-06,2122
2025-01-07,1792
2025-01-08,1950
2025-01-09,1917
2025-01-10,2123
2025-01-11,2321
2025-01-12,2326
2025-01-13,1927
2025-01-14,1787
2025-01-15,1963
2025-01-16,1851
2025-01-17,1825
2025-01-18,2167
2025-01-19,2356
2025-01-20,2294
2025-01-21,2072
2025-01-22,1880
2025-01-23,1855
2025-01-24,1908
2025-01-25,2159
2025-01-26,2297
2025-01-27,1854
2025-01-28,1550
2025-01-29,1556
2025-01-30,1637
2025-01-31,1569
2025-02-01,1796
2025-02-02,2011
2025-02-03,1692
2025-02-04,1522
2025-02-05,1532
2025-02-06,1593
2025-02-07,1492
2025-02-08,1904
2025-02-09,1975
2025-02-10,1674
2025-02-11,1646
2025-02-12,1579
2025-02-13,1498
2025-02-14,1472
2025-02-15,1917
2025-02-16,2217
2025-02-17,2204
2025-02-18,1794
2025-02-19,1924
2025-02-20,1909
2025-02-21,1931
2025-02-22,2145
2025-02-23,2441
2025-02-24,2295
2025-02-25,2197
2025-02-26,2186
2025-02-27,2138
2025-02-28,1884
2025-03-01,2084
2025-03-02,2319
2025-03-03,2097
2025-03-04,1861
2025-03-05,1810
2025-03-06,1872
2025-03-07,1808
2025-03-08,1996
2025-03-09,2328
2025-03-10,2012
2025-03-11,1844
2025-03-12,1804
2025-03-13,1774
2025-03-14,1686
2025-03-15,1917
2025-03-16,2164
2025-03-17,1934
2025-03-18,1714
2025-03-19,1621
2025-03-20,1661
2025-03-21,1727
2025-03-22,1824
2025-03-23,1922
2025-03-24,1757
2025-03-25,1631
2025-03-26,1624
2025-03-27,1655
2025-03-28,1544
2025-03-29,1663
2025-03-30,1882
2025-03-31,1718
2025-04-01,1642
2025-04-02,1582
2025-04-03,1643
2025-04-04,1479
2025-04-05,1703
2025-04-06,1760
2025-04-07,1663
2025-04-08,1471
2025-04-09,1432
2025-04-10,1586
2025-04-11,1641
2025-04-12,1777
2025-04-13,1939
2025-04-14,1782
2025-04-15,1568
2025-04-16,1488
2025-04-17,1507
2025-04-18,1549
2025-04-19,1463
2025-04-20,1539
2025-04-21,1616
2025-04-22,1604
2025-04-23,1469
2025-04-24,1464
2025-04-25,1380
2025-04-26,1544
2025-04-27,1782
2025-04-28,1588
2025-04-29,1374
2025-04-30,1409
2025-05-01,1575
2025-05-02,1456
2025-05-03,1649
2025-05-04,1810
2025-05-05,1542
2025-05-06,1358
2025-05-07,1485
2025-05-08,1574
2025-05-09,1482
2025-05-10,1637
2025-05-11,1621
2025-05-12,1524
2025-05-13,1699
2025-05-14,1549
2025-05-15,1627
2025-05-16,1498
2025-05-17,1726
2025-05-18,1885
2025-05-19,1642
2025-05-20,1698
2025-05-21,1693
2025-05-22,1694
2025-05-23,1749
2025-05-24,1920
2025-05-25,2075
2025-05-26,2272
2025-05-27,1930
2025-05-28,1866
2025-05-29,1831
2025-05-30,1762
2025-05-31,1921
2025-06-01,1990
2025-06-02,1827
2025-06-03,6664
2025-06-04,1739
2025-06-05,1839
2025-06-06,1817
2025-06-07,1699
2025-06-08,1988
2025-06-09,1956
2025-06-10,1941
2025-06-11,2008
2025-06-12,1943
2025-06-13,2021
2025-06-14,1935
2025-06-15,1998
2025-06-16,2528
2025-06-17,2214
2025-06-18,2149
2025-06-19,2009
2025-06-20,1877
2025-06-21,1783
2025-06-22,1941
2025-06-23,1957
2025-06-24,1925
2025-06-25,1803
2025-06-26,1965
2025-06-27,1825
2025-06-28,1843
2025-06-29,1974
2025-06-30,2085
2025-07-01,2259
2025-07-02,2287
2025-07-03,2128
2025-07-04,1733
2025-07-05,1850
2025-07-06,2340
2025-07-07,2288
2025-07-08,2519
2025-07-09,2427
2025-07-10,2567
2025-07-11,2474
2025-07-12,2370
2025-07-13,2624
2025-07-14,2696
2025-07-15,2899
2025-07-16,2936
2025-07-17,2770
2025-07-18,2754
2025-07-19,2542
2025-07-20,2713
2025-07-21,2848
2025-07-22,2691
2025-07-23,2733
2025-07-24,2647
2025-07-25,2733
2025-07-26,2803
2025-07-27,2670
2025-07-28,2663
2025-07-29,2607
2025-07-30,2873
2025-07-31,3738
2025-08-01,3846
2025-08-02,3946
2025-08-03,3710
2025-08-04,3462
2025-08-05,3654
2025-08-06,3709
2025-08-07,3330
2025-08-08,2867
2025-08-09,2764
2025-08-10,2859
2025-08-11,2667
2025-08-12,2590
2025-08-13,2681
2025-08-14,2575
2025-08-15,2288
2025-08-16,2513
