store_number,date,net_sales_retail,gross_margin,net_sales_units,customer_returns_retail,customer_returns_cost,customer_returns_gm,customer_returns_units,gross_sales_retail,sales_gross_margin,gross_sales_units
10777,2023-01-29,678882.12,510223.37,13495,-4725.93,-1207.27,-3518.66,-89,683608.05,513742.03,13584
10777,2023-01-30,161266.26,125321.35,2851,-61488.2,-16799.96,-44688.24,-1288,222754.46,170009.59,4139
10777,2023-01-31,93885.11,70723.73,1999,-70994.06,-20597.06,-50397,-1570,164879.17,121120.73,3569
10777,2023-02-01,151381.18,113545.91,3157,-59837.99,-17142.87,-42695.12,-1312,211219.17,156241.03,4469
10777,2023-02-02,203200.44,154697.1,3916,-54835.84,-15029.39,-39806.45,-1128,258036.28,194503.55,5044
10777,2023-02-03,194685.82,149075.35,3708,-59552.49,-16214.42,-43338.07,-1210,254238.31,192413.42,4918
10777,2023-02-04,194319.32,148355.91,3985,-6049.31,-1552.74,-4496.57,-120,200368.63,152852.48,4105
10777,2023-02-05,218603.1,165277.13,4494,-3013.41,-664.77,-2348.64,-52,221616.51,167625.77,4546
10777,2023-02-06,202661.73,155428.52,4026,-45918.51,-12396.8,-33521.71,-879,248580.24,188950.23,4905
10777,2023-02-07,141819.07,107633.33,2823,-46323.19,-12414.81,-33908.38,-904,188142.26,141541.71,3727
10777,2023-02-08,129160.81,98498.81,2647,-47454.2,-12886.29,-34567.91,-920,176615.01,133066.72,3567
10777,2023-02-09,173823.99,130776.39,3702,-37981.25,-10662.5,-27318.75,-802,211805.24,158095.14,4504
10777,2023-02-10,196768.02,151167.94,3680,-23114.68,-6440.95,-16673.73,-508,219882.7,167841.67,4188
10777,2023-02-11,168191.33,128502.14,3289,-9602.87,-2490.17,-7112.7,-196,177794.2,135614.84,3485
10777,2023-02-12,217693.06,163617.77,4446,-1436.95,-278.59,-1158.36,-20,219130.01,164776.13,4466
10777,2023-02-13,190957.75,139882.04,4265,-17660.78,-4636.06,-13024.72,-355,208618.53,152906.76,4620
10777,2023-02-14,144951.41,111631.74,2702,-20824.62,-5348.21,-15476.41,-425,165776.03,127108.15,3127
10777,2023-02-15,169846,127612.31,3667,-24354.15,-6107.55,-18246.6,-457,194200.15,145858.91,4124
10777,2023-02-16,205400.9,152679.05,4337,-16971.02,-4246.45,-12724.57,-333,222371.92,165403.62,4670
10777,2023-02-17,291182.53,212686.16,6620,-24275.11,-5775.45,-18499.66,-418,315457.64,231185.82,7038
10777,2023-02-18,245914.32,181229.91,5598,-4873.51,-1262.21,-3611.3,-93,250787.83,184841.21,5691
10777,2023-02-19,282301,206571.94,6443,-2595.76,-617.58,-1978.18,-50,284896.76,208550.12,6493
10777,2023-02-20,350193.51,259060.66,7749,-18581.48,-4393.1,-14188.38,-337,368774.99,273249.04,8086
10777,2023-02-21,251666.26,184281.48,5884,-22142.09,-5579.21,-16562.88,-427,273808.35,200844.36,6311
10777,2023-02-22,247051.78,182237.69,5582,-24109.89,-6133.9,-17975.99,-452,271161.67,200213.68,6034
10777,2023-02-23,314484.46,233571.78,7564,-15219.36,-4215.11,-11004.25,-303,329703.82,244576.03,7867
10777,2023-02-24,261527.06,195973.4,6432,-35114.91,-9102.89,-26012.02,-669,296641.97,221985.42,7101
10777,2023-02-25,240484.17,180694.75,5814,-2144.91,-379.31,-1765.6,-27,242629.08,182460.35,5841
10777,2023-02-26,243938.09,183005.11,5823,,,0,,243938.09,183005.11,5823
10777,2023-02-27,211875.51,159721.33,4997,-23939.91,-6066.95,-17872.96,-459,235815.42,177594.29,5456
10777,2023-02-28,164632.79,122937.42,4197,-19980.18,-5062.48,-14917.7,-367,184612.97,137855.12,4564
10777,2023-03-01,231296.17,171259.49,5987,-26268.34,-6299.33,-19969.01,-466,257564.51,191228.5,6453
10777,2023-03-02,183621.9,139520.96,4087,-19372.98,-5121.02,-14251.96,-390,202994.88,153772.92,4477
10777,2023-03-03,256983.63,186890.8,5932,-26774.47,-6721.39,-20053.08,-511,283758.1,206943.88,6443
10777,2023-03-04,280978.16,201653.1,6417,-13152.38,-3007.75,-10144.63,-228,294130.54,211797.73,6645
10777,2023-03-06,459927.28,342633.29,9967,-23380.9,-5508.77,-17872.13,-414,483308.18,360505.42,10381
10777,2023-03-07,142430.86,109098.13,3010,-37761.7,-9015.69,-28746.01,-664,180192.56,137844.14,3674
10777,2023-03-08,244027.94,180690.66,5483,-30478.07,-7266.04,-23212.03,-524,274506.01,203902.69,6007
10777,2023-03-09,195841,144801.25,4556,-31518.16,-7555.15,-23963.01,-572,227359.16,168764.26,5128
10777,2023-03-10,271609.33,201240.11,6092,-24846.45,-6085.31,-18761.14,-472,296455.78,220001.25,6564
10777,2023-03-11,225343.2,167044.4,5062,-11030.59,-2469.94,-8560.65,-199,236373.79,175605.05,5261
10777,2023-03-12,209428.42,157164.02,4448,-1152.44,-241.11,-911.33,-19,210580.86,158075.35,4467
10777,2023-03-13,216846.75,161499.52,4853,-20963.36,-5180.92,-15782.44,-381,237810.11,177281.96,5234
10777,2023-03-14,181260.34,134893.5,4258,-25093.54,-6369.39,-18724.15,-472,206353.88,153617.65,4730
10777,2023-03-15,206321.47,153947.05,4634,-24914.93,-5863.33,-19051.6,-452,231236.4,172998.65,5086
10777,2023-03-16,238319.21,179193.21,5287,-10932.67,-2601.27,-8331.4,-213,249251.88,187524.61,5500
10777,2023-03-17,139062.18,107980.26,2811,-14827.73,-3760.68,-11067.05,-296,153889.91,119047.31,3107
10777,2023-03-18,218173.1,162616.65,4890,-1999.06,-505.19,-1493.87,-36,220172.16,164110.52,4926
10777,2023-03-19,225796.66,164278.17,5322,-2032,-535.76,-1496.24,-37,227828.66,165774.41,5359
10777,2023-03-20,181804.92,132023.81,4300,-23761.48,-5878.67,-17882.81,-438,205566.4,149906.62,4738
10777,2023-03-21,152767.15,116382.46,3223,-32946.37,-8272.81,-24673.56,-664,185713.52,141056.02,3887
10777,2023-03-22,149016.22,107695.7,3277,-32068.77,-8405.65,-23663.12,-634,181084.99,131358.82,3911
10777,2023-03-23,254800.05,183048.08,5786,-27947.74,-6705.56,-21242.18,-510,282747.79,204290.26,6296
10777,2023-03-24,233689.65,170183.92,5408,-19237.95,-5116.82,-14121.13,-377,252927.6,184305.05,5785
10777,2023-03-25,194378.73,139578.9,4395,-8270.68,-2016.03,-6254.65,-143,202649.41,145833.55,4538
10777,2023-03-26,199953.54,143892.46,4602,-1926.08,-451.25,-1474.83,-36,201879.62,145367.29,4638
10777,2023-03-27,229798.8,167275.43,5171,-18659.67,-4492.26,-14167.41,-349,248458.47,181442.84,5520
10777,2023-03-28,278514.92,198283.25,6703,-13485.01,-3285.72,-10199.29,-261,291999.93,208482.54,6964
10777,2023-03-29,181020.48,134673.55,4028,-29134.34,-7299.66,-21834.68,-559,210154.82,156508.23,4587
10777,2023-03-30,152573.99,114782.63,3357,-26328.69,-6432.22,-19896.47,-511,178902.68,134679.1,3868
10777,2023-03-31,217531.03,146045.85,7280,-22638.1,-5899.22,-16738.88,-456,240169.13,162784.73,7736
10777,2023-04-01,226687.83,147047.63,8475,-1270.66,-458.62,-812.04,-32,227958.49,147859.67,8507
10777,2023-04-02,217098.33,156553.99,5758,-134.96,-27.68,-107.28,-2,217233.29,156661.27,5760
10777,2023-04-03,229640.39,176771.01,4705,-3937.76,-825.02,-3112.74,-72,233578.15,179883.75,4777
10777,2023-04-04,116834.61,90996.69,2319,-28177.49,-6387.43,-21790.06,-488,145012.1,112786.75,2807
10777,2023-04-05,172681.95,132567.39,3543,-23373.04,-5860.18,-17512.86,-460,196054.99,150080.25,4003
10777,2023-04-06,194268.56,146405.67,4221,-27305.1,-6609.54,-20695.56,-490,221573.66,167101.23,4711
10777,2023-04-07,217622.54,164153.71,4723,-29927.72,-7440.59,-22487.13,-578,247550.26,186640.84,5301
10777,2023-04-08,168889.52,126395.14,3678,-8992.57,-2201.44,-6791.13,-148,177882.09,133186.27,3826
10777,2023-04-09,179945.1,135032.81,3853,,,0,,179945.1,135032.81,3853
10777,2023-04-10,237536.52,178480.52,5218,-11939.95,-2923.32,-9016.63,-234,249476.47,187497.15,5452
10777,2023-04-11,195144.99,147247.63,4210,-18201.52,-4420.66,-13780.86,-327,213346.51,161028.49,4537
10777,2023-04-12,179253.12,132132.36,4181,-15478.1,-3916.42,-11561.68,-306,194731.22,143694.04,4487
10777,2023-04-13,195919.13,145421.77,4478,-20240.86,-5124.94,-15115.92,-385,216159.99,160537.69,4863
10777,2023-04-14,167800.34,127353.76,3677,-24113.12,-5853.6,-18259.52,-436,191913.46,145613.28,4113
10777,2023-04-15,143597.75,111386.78,2751,-7430.98,-1635.23,-5795.75,-117,151028.73,117182.53,2868
10777,2023-04-16,237598.76,183962.74,4739,-273.6,-59.21,-214.39,-5,237872.36,184177.13,4744
10777,2023-04-17,186464.23,145084.3,3534,-21534.7,-4910.54,-16624.16,-396,207998.93,161708.46,3930
10777,2023-04-18,167482.43,128392.33,3506,-24371.01,-5811.82,-18559.19,-447,191853.44,146951.52,3953
10777,2023-04-19,185275.87,144102.52,3563,-23614.96,-6127.78,-17487.18,-428,208890.83,161589.7,3991
10777,2023-04-20,192295.51,133156.81,4685,-29561.75,-7104.77,-22456.98,-533,221857.26,155613.79,5218
10777,2023-04-21,302107.42,212237.53,7025,-20549.98,-5228.78,-15321.2,-404,322657.4,227558.73,7429
10777,2023-04-22,192105.17,136319.68,4705,-15404,-3377.28,-12026.72,-240,207509.17,148346.4,4945
10777,2023-04-23,292953.83,211895.95,6818,-117.47,-30.77,-86.7,-2,293071.3,211982.65,6820
10777,2023-04-24,267169.83,199600.68,5869,-17025,-4103.43,-12921.57,-337,284194.83,212522.25,6206
10777,2023-04-25,183089.04,139064.8,4390,-28545.69,-6500.66,-22045.03,-454,211634.73,161109.83,4844
10777,2023-04-26,197593.39,152367.23,4467,-12573.77,-2902.54,-9671.23,-215,210167.16,162038.46,4682
10777,2023-04-27,165272.88,126981.78,3536,-27967.01,-6603.51,-21363.5,-493,193239.89,148345.28,4029
10777,2023-04-28,247335.17,191690.16,4862,-11460.43,-2924.29,-8536.14,-231,258795.6,200226.3,5093
10777,2023-04-29,174619.5,134228.83,3670,-7168.4,-1517.13,-5651.27,-106,181787.9,139880.1,3776
10777,2023-04-30,195201.88,151489.05,3989,-4449.47,-965.85,-3483.62,-65,199651.35,154972.67,4054
10777,2023-05-01,199474.32,154237.31,4355,-11104.33,-2717.95,-8386.38,-214,210578.65,162623.69,4569
10777,2023-05-02,178018.7,139781.93,3529,-23018.98,-5440.69,-17578.29,-396,201037.68,157360.22,3925
10777,2023-05-03,148611.78,116133.36,3033,-26992.54,-6049.34,-20943.2,-466,175604.32,137076.56,3499
10777,2023-05-04,271049.56,199534.55,8911,-24155.88,-6014.43,-18141.45,-444,295205.44,217676,9355
10777,2023-05-05,66422.01,46495.41,2792,-25443.6,-6491.5,-18952.1,-472,91865.61,65447.51,3264
10777,2023-05-06,-2221.48,-1627,-36,-3777.52,-921.61,-2855.91,-70,1556.04,1228.91,34
10777,2023-05-07,258186.21,191463.66,7835,,,0,,258186.21,191463.66,7835
10777,2023-05-08,330344.96,258307.21,6757,-3243.43,-788.84,-2454.59,-75,333588.39,260761.8,6832
10777,2023-05-09,213049.68,170397.64,3854,-2557.08,-650.4,-1906.68,-54,215606.76,172304.32,3908
10777,2023-05-10,157076.51,123112.55,3000,-7112.89,-1502.01,-5610.88,-104,164189.4,128723.43,3104
10777,2023-05-11,160797.79,125525.82,3074,-15415.91,-3353.92,-12061.99,-257,176213.7,137587.81,3331
10777,2023-05-12,221841.7,172365.15,4150,-12756.41,-3045.13,-9711.28,-232,234598.11,182076.43,4382
10777,2023-05-13,199558.89,154530.96,3832,-7333.45,-1657.05,-5676.4,-128,206892.34,160207.36,3960
10777,2023-05-14,203.97,141.73,5,,,0,,203.97,141.73,5
10777,2023-05-15,427636.28,331010.8,8215,-14333.7,-3488.13,-10845.57,-278,441969.98,341856.37,8493
10777,2023-05-16,158883.6,125754.82,2959,-34943.57,-8428.5,-26515.07,-643,193827.17,152269.89,3602
10777,2023-05-17,205893.01,161618.95,4048,-23035.16,-5565.64,-17469.52,-405,228928.17,179088.47,4453
10777,2023-05-18,180413.51,137554.56,3881,-46904.34,-10086.36,-36817.98,-761,227317.85,174372.54,4642
10777,2023-05-19,169268.6,126307.22,3899,-38244.2,-9046.1,-29198.1,-683,207512.8,155505.32,4582
10777,2023-05-20,214311.47,165075.49,4343,-5908.8,-1291.57,-4617.23,-95,220220.27,169692.72,4438
10777,2023-05-22,299953.96,230928,5981,-15517.83,-3628.66,-11889.17,-291,315471.79,242817.17,6272
10777,2023-05-23,252949.3,197361.6,5013,-21779.97,-4986.46,-16793.51,-378,274729.27,214155.11,5391
10777,2023-05-24,181434.88,135559.48,4188,-23775.5,-5294.75,-18480.75,-392,205210.38,154040.23,4580
10777,2023-05-25,212187.02,158078.01,4945,-34789.57,-7436.49,-27353.08,-559,246976.59,185431.09,5504
10777,2023-05-26,317768.13,236436.28,7517,-26454.75,-6378.67,-20076.08,-507,344222.88,256512.36,8024
10777,2023-05-27,240315.67,180998.85,5333,-19.99,-6.85,-13.14,-1,240335.66,181011.99,5334
10777,2023-05-29,-2989.39,-2952.88,-3,-3136.75,-733.98,-2402.77,-64,147.36,-550.11,61
10777,2023-05-30,655403.6,492926.57,14561,-3259.26,-677.86,-2581.4,-63,658662.86,495507.97,14624
10777,2023-05-31,544515.38,410044.26,12479,-3445.73,-707.86,-2737.87,-52,547961.11,412782.13,12531
10777,2023-06-01,156352.48,119668.01,3329,-6864.54,-1251.73,-5612.81,-117,163217.02,125280.82,3446
10777,2023-06-02,207446.15,161813.43,4415,-29630.81,-6594.3,-23036.51,-498,237076.96,184849.94,4913
10777,2023-06-03,139877.31,108422.64,2965,-1787.86,-375.89,-1411.97,-32,141665.17,109834.61,2997
10777,2023-06-04,-2333.17,-1853.74,-36,-2333.17,-479.43,-1853.74,-36,,0,
10777,2023-06-05,239656.19,183963.14,5319,-22868.67,-5510.63,-17358.04,-440,262524.86,201321.18,5759
10777,2023-06-06,368936.53,267706.31,8795,-10172.41,-2496.8,-7675.61,-186,379108.94,275381.92,8981
10777,2023-06-07,244945.23,178562.28,5806,-16450.5,-3685.87,-12764.63,-282,261395.73,191326.91,6088
10777,2023-06-08,161014.52,121304.86,3540,-29961.66,-7072.32,-22889.34,-555,190976.18,144194.2,4095
10777,2023-06-09,244315.41,193307.33,4799,-29873.28,-6617.01,-23256.27,-492,274188.69,216563.6,5291
10777,2023-06-10,122440.63,96435.83,2297,-3949.76,-772.5,-3177.26,-58,126390.39,99613.09,2355
10777,2023-06-11,-1890.12,-1532.42,-25,-1890.12,-371.15,-1518.97,-26,0,-13.45,1
10777,2023-06-12,284467.47,224890.24,5367,-22297.93,-5231.36,-17066.57,-412,306765.4,241956.81,5779
10777,2023-06-13,171363.17,136740.64,3373,-24395.38,-5789.7,-18605.68,-433,195758.55,155346.32,3806
10777,2023-06-14,173303.48,137320.94,3361,-15641,-3497.82,-12143.18,-270,188944.48,149464.12,3631
10777,2023-06-15,170650.48,132875.53,3572,-38502.95,-8927.57,-29575.38,-693,209153.43,162450.91,4265
10777,2023-06-16,281957.62,219491.57,5476,-38494.08,-9036.37,-29457.71,-758,320451.7,248949.28,6234
10777,2023-06-17,150856.77,117635.27,2905,-10536.69,-2236.14,-8300.55,-168,161393.46,125935.82,3073
10777,2023-06-19,431478.72,337583.17,8491,-27479.91,-6268.24,-21211.67,-497,458958.63,358794.84,8988
10777,2023-06-20,109940.49,89189.15,2123,-32109.39,-7376.81,-24732.58,-568,142049.88,113921.73,2691
10777,2023-06-21,79002.57,62423.13,1635,-15201.7,-3380.65,-11821.05,-268,94204.27,74244.18,1903
10777,2023-06-22,173984.99,138421.14,3480,-30535.16,-7240.37,-23294.79,-547,204520.15,161715.93,4027
10777,2023-06-23,156628.93,124451.98,3032,-25763.93,-5793.97,-19969.96,-442,182392.86,144421.94,3474
10777,2023-06-24,122431.45,97158.98,2435,,,0,,122431.45,97158.98,2435
10777,2023-06-25,156.98,134.52,4,,,0,,156.98,134.52,4
10777,2023-06-26,295797.88,234178.61,5848,-5314.03,-1296.37,-4017.66,-100,301111.91,238196.27,5948
10777,2023-06-27,197174.81,153933.41,4157,-11896.69,-2413.63,-9483.06,-218,209071.5,163416.47,4375
10777,2023-06-28,329635.78,251650.06,7091,-23433.07,-5325.74,-18107.33,-437,353068.85,269757.39,7528
10777,2023-06-29,232296,177792.37,5076,-17619.04,-3660.46,-13958.58,-303,249915.04,191750.95,5379
10777,2023-06-30,228284.96,174311.23,5098,-36602.68,-7886.87,-28715.81,-647,264887.64,203027.04,5745
10777,2023-07-01,178611.24,136492.94,3778,-2683.75,-489.93,-2193.82,-47,181294.99,138686.76,3825
10777,2023-07-02,-42.52,-29.52,-1,-42.52,-13,-29.52,-1,,0,
10777,2023-07-03,474743.61,360571.71,10436,-27782.64,-6054,-21728.64,-488,502526.25,382300.35,10924
10777,2023-07-04,-1714.36,-1707.5,-1,-1714.36,-360.1,-1354.26,-34,0,-353.24,33
10777,2023-07-05,621912.02,478335.13,13109,-2319.2,-562.35,-1756.85,-37,624231.22,480091.98,13146
10777,2023-07-06,157286.24,121514.08,3262,-5733.43,-1156.45,-4576.98,-100,163019.67,126091.06,3362
10777,2023-07-07,211450.3,163151.19,4654,-34023.08,-7277.84,-26745.24,-551,245473.38,189896.43,5205
10777,2023-07-08,108249.54,85601.89,2142,-1416.72,-281.44,-1135.28,-28,109666.26,86737.17,2170
10777,2023-07-09,-1875.53,-1541.58,-24,-1875.53,-333.95,-1541.58,-24,,0,
10777,2023-07-10,271282.39,212279.59,5443,-16652,-3835.33,-12816.67,-301,287934.39,225096.26,5744
10777,2023-07-11,183789.05,142643.9,4161,-15285.1,-3368.67,-11916.43,-273,199074.15,154560.33,4434
10777,2023-07-12,194777.64,148018.64,5603,-33138.97,-7607.96,-25531.01,-595,227916.61,173549.65,6198
10777,2023-07-13,299299.47,217793.05,9136,-30543.49,-6901.68,-23641.81,-554,329842.96,241434.86,9690
10777,2023-07-14,473424.06,331238.09,13522,-12178.39,-2638.06,-9540.33,-218,485602.45,340778.42,13740
10777,2023-07-15,287551.65,201383.65,8269,-2289.82,-417.11,-1872.71,-37,289841.47,203256.36,8306
10777,2023-07-16,-3907.3,-3067.43,-68,-3907.3,-839.87,-3067.43,-68,,0,
10777,2023-07-17,461433.93,321920.8,14120,-13965.21,-3084.03,-10881.18,-244,475399.14,332801.98,14364
10777,2023-07-18,276725.91,194520.81,8120,-24932.03,-5520.38,-19411.65,-437,301657.94,213932.46,8557
10777,2023-07-19,339047.11,241259.35,9470,-3748.74,-904.46,-2844.28,-72,342795.85,244103.63,9542
10777,2023-07-20,288413.5,204855.45,8276,-12807.94,-2846.52,-9961.42,-249,301221.44,214816.87,8525
10777,2023-07-21,282073.76,198637.65,8389,-26980.4,-5849.51,-21130.89,-466,309054.16,219768.54,8855
10777,2023-07-22,203335.96,146647.46,5429,,,0,,203335.96,146647.46,5429
10777,2023-07-23,-3288.99,-2593.01,-60,-3288.99,-695.98,-2593.01,-60,,0,
10777,2023-07-24,435762.67,314615.08,11530,-5337.14,-1377.91,-3959.23,-122,441099.81,318574.31,11652
10777,2023-07-25,326942.55,234345.8,8957,-19103.88,-4562.82,-14541.06,-379,346046.43,248886.86,9336
10777,2023-07-26,221561.81,159292.2,6080,-31102.17,-7043.24,-24058.93,-593,252663.98,183351.13,6673
10777,2023-07-27,280916.89,206972.58,6993,-12889.96,-3179.14,-9710.82,-253,293806.85,216683.4,7246
10777,2023-07-28,232350.31,170928.55,5851,-15077.83,-3486.38,-11591.45,-285,247428.14,182520,6136
10777,2023-07-29,209134.49,155080.24,5113,-5600.08,-1119.78,-4480.3,-98,214734.57,159560.54,5211
10777,2023-07-30,-285.85,-218.47,-4,-285.85,-67.38,-218.47,-4,,0,
10777,2023-07-31,501510.79,379018.51,11624,-5886.48,-1419.66,-4466.82,-126,507397.27,383485.33,11750
10777,2023-08-01,224547.42,168252.39,5511,-26391.98,-6083.34,-20308.64,-475,250939.4,188561.03,5986
10777,2023-08-02,298960.66,223321.9,6960,-16175.89,-3870.38,-12305.51,-326,315136.55,235627.41,7286
10777,2023-08-03,217275.47,163579.33,5187,-33219.89,-7853.78,-25366.11,-666,250495.36,188945.44,5853
10777,2023-08-04,300126.68,224815.56,6919,-12041.28,-2903.31,-9137.97,-238,312167.96,233953.53,7157
10777,2023-08-05,189711.85,143991.21,4183,-172.83,-32.45,-140.38,-3,189884.68,144131.59,4186
10777,2023-08-06,-746.91,-570.03,-13,-746.91,-176.88,-570.03,-13,,0,
10777,2023-08-07,476619.39,361329.01,10704,-16093.73,-3998.06,-12095.67,-343,492713.12,373424.68,11047
10777,2023-08-08,293624.76,223667.28,6302,-4648.64,-1143.06,-3505.58,-122,298273.4,227172.86,6424
10777,2023-08-09,311888.7,234001.39,7386,-12662.17,-2851.65,-9810.52,-217,324550.87,243811.91,7603
10777,2023-08-10,291953.65,223632.77,6146,-18874.2,-4882.74,-13991.46,-391,310827.85,237624.23,6537
10777,2023-08-11,161408.57,126073.97,3099,-24395.85,-5792.38,-18603.47,-498,185804.42,144677.44,3597
10777,2023-08-12,163938.65,128577.18,3156,-159.93,-36.68,-123.25,-4,164098.58,128700.43,3160
10777,2023-08-13,-245.32,-199.39,-6,-245.32,-45.93,-199.39,-6,,0,
10777,2023-08-14,469842.52,339359.87,11392,-6403.3,-1787.82,-4615.48,-168,476245.82,343975.35,11560
10777,2023-08-15,287335.68,171219.94,9801,-16080.35,-3759.63,-12320.72,-325,303416.03,183540.66,10126
10777,2023-08-16,525847.55,324318.8,17559,-24208.41,-6820.45,-17387.96,-585,550055.96,341706.76,18144
10777,2023-08-17,328124.25,234889.56,7852,-11793.56,-3121.5,-8672.06,-281,339917.81,243561.62,8133
10777,2023-08-18,197604.2,155991.89,3449,-38003.33,-9474.85,-28528.48,-753,235607.53,184520.37,4202
10777,2023-08-19,155775.59,123773.23,2646,-2996.59,-750.91,-2245.68,-57,158772.18,126018.91,2703
10777,2023-08-20,-1446.97,-1145.55,-28,-1446.97,-301.42,-1145.55,-28,,0,
10777,2023-08-21,331463.08,263633.63,5426,-17705.1,-4299.5,-13405.6,-375,349168.18,277039.23,5801
10777,2023-08-22,304838.98,240863.98,5184,-7825.7,-1961.77,-5863.93,-164,312664.68,246727.91,5348
10777,2023-08-23,239751.09,188040.96,4172,-11613.04,-2844.37,-8768.67,-232,251364.13,196809.63,4404
10777,2023-08-24,191116.79,144219.85,3940,-18455.86,-4081.28,-14374.58,-323,209572.65,158594.43,4263
10777,2023-08-25,311354,234527.05,6394,-8928.86,-2101.33,-6827.53,-184,320282.86,241354.58,6578
10777,2023-08-26,221478.14,165534.44,4917,-2164.51,-441.3,-1723.21,-28,223642.65,167257.65,4945
10777,2023-08-27,104359.47,79112.19,2115,-1685.94,-358.28,-1327.66,-33,106045.41,80439.85,2148
10777,2023-08-28,352270.85,277936.82,6037,-5632.82,-1419.23,-4213.59,-129,357903.67,282150.41,6166
10777,2023-08-29,227704.97,176950.06,4214,-15149.07,-3533.5,-11615.57,-279,242854.04,188565.63,4493
10777,2023-08-30,236780.43,181035.56,4670,-42910.18,-9942.27,-32967.91,-789,279690.61,214003.47,5459
10777,2023-08-31,280282.13,214386.49,5450,-30473.04,-7383.36,-23089.68,-621,310755.17,237476.17,6071
10777,2023-09-01,309688.23,235574.82,5995,-40774.06,-9310.53,-31463.53,-711,350462.29,267038.35,6706
10777,2023-09-02,148077.67,111951.01,3072,-5097.15,-1190.48,-3906.67,-92,153174.82,115857.68,3164
10777,2023-09-03,209241.5,161569.22,3801,-93.8,-32.45,-61.35,-5,209335.3,161630.57,3806
10777,2023-09-04,-20185.84,-15987.96,-331,-20484.74,-5355.53,-15129.21,-425,298.9,-858.75,94
10777,2023-09-05,809539.9,620005.51,15532,-7199.41,-1653.7,-5545.71,-142,816739.31,625551.22,15674
10777,2023-09-06,474499.56,367193.89,8858,-12792.07,-3171.15,-9620.92,-249,487291.63,376814.81,9107
10777,2023-09-07,194864.25,152178.57,3662,-32117.58,-7219.28,-24898.3,-520,226981.83,177076.87,4182
10777,2023-09-08,173692.94,138370.11,3025,-31896.77,-7506.07,-24390.7,-546,205589.71,162760.81,3571
10777,2023-09-09,163361.7,130718.18,2774,-1109.97,-223.67,-886.3,-18,164471.67,131604.48,2792
10777,2023-09-10,155590.51,124869.65,2540,-1213.27,-251.98,-961.29,-18,156803.78,125830.94,2558
10777,2023-09-11,233095.89,186077.48,4032,-7121.56,-1618.16,-5503.4,-123,240217.45,191580.88,4155
10777,2023-09-12,219741,174338.57,3740,-20085.03,-4740.17,-15344.86,-340,239826.03,189683.43,4080
10777,2023-09-13,254044.11,201339.57,4410,-27536.04,-6382.56,-21153.48,-445,281580.15,222493.05,4855
10777,2023-09-14,216753.31,171649.88,3816,-30609.36,-7210.18,-23399.18,-533,247362.67,195049.06,4349
10777,2023-09-15,209175.45,166431.55,3527,-38649,-8970.88,-29678.12,-685,247824.45,196109.67,4212
10777,2023-09-16,167598.54,131948.61,3048,-2288.07,-451.96,-1836.11,-34,169886.61,133784.72,3082
10777,2023-09-17,165743.66,131855.27,2854,,,0,,165743.66,131855.27,2854
10777,2023-09-18,368498.52,264906.42,11712,-18806.48,-4122.31,-14684.17,-289,387305,279590.59,12001
10777,2023-09-19,272119.33,191548.87,9404,-17066.18,-4136.59,-12929.59,-299,289185.51,204478.46,9703
10777,2023-09-20,406347.49,277421.66,15581,-30293.67,-7172.42,-23121.25,-522,436641.16,300542.91,16103
10777,2023-09-21,312379.95,225610.85,9122,-5618.6,-1307.68,-4310.92,-121,317998.55,229921.77,9243
10777,2023-09-22,409410.98,313667.69,7495,-11553.17,-2889.74,-8663.43,-206,420964.15,322331.12,7701
10777,2023-09-23,237145.91,181893.8,4337,,,0,,237145.91,181893.8,4337
10777,2023-09-24,241733.27,187062.89,4364,-1095.67,-199.73,-895.94,-13,242828.94,187958.83,4377
10777,2023-09-25,275770.61,213321.52,5020,-5942.08,-1339.73,-4602.35,-109,281712.69,217923.87,5129
10777,2023-09-26,241732.75,172220.83,7007,-7306.18,-1654.52,-5651.66,-134,249038.93,177872.49,7141
10777,2023-09-27,334203.67,233438.25,10975,-21468.34,-4909.64,-16558.7,-360,355672.01,249996.95,11335
10777,2023-09-28,325836.5,222615.27,10989,-22474.29,-4476.9,-17997.39,-336,348310.79,240612.66,11325
10777,2023-09-29,474367.84,343410.21,12377,-28695.34,-7137.65,-21557.69,-544,503063.18,364967.9,12921
10777,2023-09-30,299688.27,228373.26,5714,-4204.28,-958.42,-3245.86,-79,303892.55,231619.12,5793
10777,2023-10-01,216057.38,166961.4,3908,-1000.33,-213.42,-786.91,-16,217057.71,167748.31,3924
10777,2023-10-02,252001.83,193956.2,4656,-16157.6,-3463.46,-12694.14,-262,268159.43,206650.34,4918
10777,2023-10-03,250927.74,193817.65,5015,-8923.75,-1830.95,-7092.8,-130,259851.49,200910.45,5145
10777,2023-10-04,219449.79,169188.49,4958,-28303.5,-6335.61,-21967.89,-479,247753.29,191156.38,5437
10777,2023-10-05,296137.83,230346.36,5789,-39955.41,-9497.01,-30458.4,-691,336093.24,260804.76,6480
10777,2023-10-06,242814.28,191984.59,4087,-53302.19,-11472.12,-41830.07,-849,296116.47,233814.66,4936
10777,2023-10-07,145532.01,117448.52,2281,-6015.56,-1324.03,-4691.53,-95,151547.57,122140.05,2376
10777,2023-10-08,187885.71,151141.44,2871,-1510.47,-315.01,-1195.46,-25,189396.18,152336.9,2896
10777,2023-10-09,288936.68,230682.12,4623,-16488.04,-4302.72,-12185.32,-356,305424.72,242867.44,4979
10777,2023-10-10,148029.06,119345.03,2281,-24791.37,-5701.36,-19090.01,-446,172820.43,138435.04,2727
10777,2023-10-11,284491.69,225009.46,4586,-15055.63,-3895.66,-11159.97,-316,299547.32,236169.43,4902
10777,2023-10-12,313714.14,244757.55,5431,-12347.44,-2784.51,-9562.93,-240,326061.58,254320.48,5671
10777,2023-10-13,376329.42,294794.49,6374,-3597.41,-817.42,-2779.99,-72,379926.83,297574.48,6446
10777,2023-10-14,228373.96,180309.01,3823,-4571.37,-1107.21,-3464.16,-80,232945.33,183773.17,3903
10777,2023-10-15,209668.52,164434.7,3658,,,0,,209668.52,164434.7,3658
10777,2023-10-16,440713.1,343860.75,7776,-8841.46,-1970.11,-6871.35,-140,449554.56,350732.1,7916
10777,2023-10-17,337247.95,265657.71,5772,-3932.32,-930.82,-3001.5,-72,341180.27,268659.21,5844
10777,2023-10-18,280109.47,218049.11,4842,-23377.19,-5537.24,-17839.95,-450,303486.66,235889.06,5292
10777,2023-10-19,356267.22,280059.98,6266,-42286.26,-10033.51,-32252.75,-769,398553.48,312312.73,7035
10777,2023-10-20,364898.8,286918.04,6899,-26143.28,-6408.92,-19734.36,-469,391042.08,306652.4,7368
10777,2023-10-21,145449.07,112960.36,2900,-4194.98,-960.17,-3234.81,-74,149644.05,116195.17,2974
10777,2023-10-22,360862.47,285767.64,6364,-3854.56,-857.06,-2997.5,-61,364717.03,288765.14,6425
10777,2023-10-23,279829.93,224451.06,4614,-25851.95,-6553.74,-19298.21,-495,305681.88,243749.27,5109
10777,2023-10-24,257156.96,204784.24,4409,-17213.01,-4649.6,-12563.41,-384,274369.97,217347.65,4793
10777,2023-10-25,288925.37,228315.02,5116,-44987.58,-9807.44,-35180.14,-739,333912.95,263495.16,5855
10777,2023-10-26,339189.34,267688.95,6223,-36696.81,-8079.17,-28617.64,-602,375886.15,296306.59,6825
10777,2023-10-27,229051.23,180165.5,4227,-49447.98,-10372.31,-39075.67,-761,278499.21,219241.17,4988
10777,2023-10-28,325583.45,258316.04,5751,-12400.06,-2548.88,-9851.18,-178,337983.51,268167.22,5929
10777,2023-10-29,123628.98,99177.92,2141,,,0,,123628.98,99177.92,2141
10777,2023-10-30,309394.6,250431.85,4987,-11077.46,-2628.02,-8449.44,-219,320472.06,258881.29,5206
10777,2023-10-31,306956.47,246845.44,5025,-20850.38,-4536.87,-16313.51,-351,327806.85,263158.95,5376
10777,2023-11-01,235184.47,189280.97,3898,-41005.14,-8745.02,-32260.12,-623,276189.61,221541.09,4521
10777,2023-11-02,345760.81,278179.76,5534,-4939.43,-1037.03,-3902.4,-82,350700.24,282082.16,5616
10777,2023-11-03,275354.29,222639.44,4285,-26046.34,-5483.63,-20562.71,-397,301400.63,243202.15,4682
10777,2023-11-04,258706.68,207832.01,4454,-1257.09,-403.48,-853.61,-37,259963.77,208685.62,4491
10777,2023-11-05,299156.51,239764.33,5152,,,0,,299156.51,239764.33,5152
10777,2023-11-06,355934.6,285845.42,5870,-16909.24,-3466.75,-13442.49,-263,372843.84,299287.91,6133
10777,2023-11-07,325224.83,261627.69,5328,-23653.7,-4746.81,-18906.89,-348,348878.53,280534.58,5676
10777,2023-11-08,225233.61,182380.1,3560,-28840.72,-6569.84,-22270.88,-477,254074.33,204650.98,4037
10777,2023-11-09,380617.34,304402.97,6243,-19607.14,-4119.17,-15487.97,-310,400224.48,319890.94,6553
10777,2023-11-10,461102.22,365966.62,7900,-5765.06,-1195.04,-4570.02,-86,466867.28,370536.64,7986
10777,2023-11-11,345510.64,273106.92,6047,-7179.88,-1503.56,-5676.32,-118,352690.52,278783.24,6165
10777,2023-11-12,354912.44,279902.86,6376,,,0,,354912.44,279902.86,6376
10777,2023-11-13,430856.09,342621.33,7526,-10039.11,-1908.94,-8130.17,-131,440895.2,350751.5,7657
10777,2023-11-14,424134.76,339969.7,7368,-32456.92,-6836.93,-25619.99,-488,456591.68,365589.69,7856
10777,2023-11-15,374361.03,298110.11,6385,-27125.42,-5979.46,-21145.96,-441,401486.45,319256.07,6826
10777,2023-11-16,472398,373805.74,8195,-34775.38,-7249.59,-27525.79,-538,507173.38,401331.53,8733
10777,2023-11-17,378500.15,299757.71,6673,-60397.73,-12781.95,-47615.78,-947,438897.88,347373.49,7620
10777,2023-11-18,276226.4,218317.04,4924,-8837.78,-1873.88,-6963.9,-122,285064.18,225280.94,5046
10777,2023-11-19,209286.76,166072.91,3552,,,0,,209286.76,166072.91,3552
10777,2023-11-20,1024209.76,812663,17620,-16694.28,-3377.43,-13316.85,-261,1040904.04,825979.85,17881
10777,2023-11-21,376520.22,295956.34,6737,-13801.53,-2789.64,-11011.89,-221,390321.75,306968.23,6958
10777,2023-11-22,962226.77,753335.9,17822,-27781.58,-5736.76,-22044.82,-398,990008.35,775380.72,18220
10777,2023-11-23,737435.73,577099.28,14050,-11754.09,-2309.28,-9444.81,-168,749189.82,586544.09,14218
10777,2023-11-24,1771205.61,1383332.83,34302,-14707.85,-2752.21,-11955.64,-208,1785913.46,1395288.47,34510
10777,2023-11-25,2161207.29,1665145.97,44280,-5673,-1131.75,-4541.25,-91,2166880.29,1669687.22,44371
10777,2023-11-26,1505035.56,1155256.26,31692,-3011.81,-624.48,-2387.33,-45,1508047.37,1157643.59,31737
10777,2023-11-27,1520504.07,1158516.4,33529,-36045.52,-7314.62,-28730.9,-589,1556549.59,1187247.3,34118
10777,2023-11-28,1884250.12,1428393.33,43680,-10837.72,-2197.16,-8640.56,-196,1895087.84,1437033.89,43876
10777,2023-11-29,1719048.06,1290586.86,41651,-11874.21,-2434.8,-9439.41,-193,1730922.27,1300026.27,41844
10777,2023-11-30,1188573.02,895665.73,28205,-8681.43,-1668.78,-7012.65,-129,1197254.45,902678.38,28334
10777,2023-12-01,1331162.48,1011852.03,32616,-46211.61,-9452.68,-36758.93,-714,1377374.09,1048610.96,33330
10777,2023-12-02,820125.84,627808.16,20838,-3170.71,-592.92,-2577.79,-44,823296.55,630385.95,20882
10777,2023-12-03,687675.86,530710.61,15959,-779.13,-209.77,-569.36,-15,688454.99,531279.97,15974
10777,2023-12-04,1285422.57,989742.3,30731,-11983.98,-2646.46,-9337.52,-238,1297406.55,999079.82,30969
10777,2023-12-05,747863.06,573209.31,17911,-39503.4,-8153.34,-31350.06,-629,787366.46,604559.37,18540
10777,2023-12-06,689094.29,528791.15,16677,-53453.44,-11328.7,-42124.74,-894,742547.73,570915.89,17571
10777,2023-12-07,767920.63,592624.98,19407,-22678.27,-4924.14,-17754.13,-373,790598.9,610379.11,19780
10777,2023-12-08,1124542.03,872573.07,27220,-14899.3,-3124.49,-11774.81,-274,1139441.33,884347.88,27494
10777,2023-12-09,628104.73,485194.21,15460,-41358.22,-9314.62,-32043.6,-723,669462.95,517237.81,16183
10777,2023-12-10,484281.39,373792.16,11868,-2776.75,-652.52,-2124.23,-59,487058.14,375916.39,11927
10777,2023-12-11,1166223.9,896243.63,27789,-14787.69,-3224.17,-11563.52,-281,1181011.59,907807.15,28070
10777,2023-12-12,1181534.67,903465.73,28098,-37417.02,-8088.57,-29328.45,-669,1218951.69,932794.18,28767
10777,2023-12-13,682815.58,529978.5,15605,-40839.08,-8842.97,-31996.11,-739,723654.66,561974.61,16344
10777,2023-12-14,872238.01,685745.8,19099,-34096.52,-7444.4,-26652.12,-605,906334.53,712397.92,19704
10777,2023-12-15,775377.24,614230.63,16405,-21342.43,-4547.59,-16794.84,-397,796719.67,631025.47,16802
10777,2023-12-16,524638.15,417922.72,10628,-58804.7,-13306.61,-45498.09,-990,583442.85,463420.81,11618
10777,2023-12-17,475218.03,378692.93,9893,-13816.28,-3290.46,-10525.82,-222,489034.31,389218.75,10115
10777,2023-12-18,904079.46,717798.01,19100,-83019.97,-19557.62,-63462.35,-1584,987099.43,781260.36,20684
10777,2023-12-19,881827.58,698924.05,18703,-57972.47,-12797.27,-45175.2,-1039,939800.05,744099.25,19742
10777,2023-12-20,511859.58,408539.02,10173,-36952.79,-8587.5,-28365.29,-725,548812.37,436904.31,10898
10777,2023-12-21,516565.19,415202.49,9552,-65783.73,-14998.14,-50785.59,-1179,582348.92,465988.08,10731
10777,2023-12-22,250709.66,201999.41,4206,-55255.98,-13284.4,-41971.58,-1202,305965.64,243970.99,5408
10777,2023-12-23,229772.61,186943.75,3727,-58471.12,-13631.96,-44839.16,-1163,288243.73,231782.91,4890
10777,2023-12-24,100327.24,82140.25,1616,-35731.88,-8457.46,-27274.42,-696,136059.12,109414.67,2312
10777,2023-12-26,916833.97,716723.28,17334,-58511.85,-13668.86,-44842.99,-1145,975345.82,761566.27,18479
10777,2023-12-27,544238.78,401928.44,12410,-53764.76,-12375.14,-41389.62,-1047,598003.54,443318.06,13457
10777,2023-12-28,348927.59,258508.46,7895,-51985.38,-11825.89,-40159.49,-1015,400912.97,298667.95,8910
10777,2023-12-29,542933.62,403849.89,12215,-57751.03,-13076.78,-44674.25,-1064,600684.65,448524.14,13279
10777,2023-12-30,307674.11,230163.7,6806,-70050.12,-16396.82,-53653.3,-1275,377724.23,283817,8081
10777,2023-12-31,240478.38,179926.44,5315,-47319.23,-11859.08,-35460.15,-959,287797.61,215386.59,6274
10777,2024-01-02,716136.45,540795.57,15215,-64024.69,-16085.47,-47939.22,-1398,780161.14,588734.79,16613
10777,2024-01-03,254434.81,190492.57,5553,-46258.21,-11051.24,-35206.97,-980,300693.02,225699.54,6533
10777,2024-01-04,130640.8,97929.31,3002,-82718.6,-20892.24,-61826.36,-1736,213359.4,159755.67,4738
10777,2024-01-05,423302.64,311692.62,9871,-68571.6,-16286.97,-52284.63,-1384,491874.24,363977.25,11255
10777,2024-01-06,209857.5,153650.06,4979,-73590.09,-17974.74,-55615.35,-1486,283447.59,209265.41,6465
10777,2024-01-07,239385.37,178829.39,5216,,,0,,239385.37,178829.39,5216
10777,2024-01-08,629401.22,465909.27,13722,-66324.85,-15688.64,-50636.21,-1325,695726.07,516545.48,15047
10777,2024-01-09,292316.18,217072.11,6218,-46505.2,-11031.95,-35473.25,-942,338821.38,252545.36,7160
10777,2024-01-10,317392.37,236391.16,6473,-46288.73,-10457.12,-35831.61,-897,363681.1,272222.77,7370
10777,2024-01-11,258052.85,191137.72,5617,-64287.97,-14250.66,-50037.31,-1193,322340.82,241175.03,6810
10777,2024-01-12,487881.93,362144.3,13298,-39154.14,-8982.03,-30172.11,-751,527036.07,392316.41,14049
10777,2024-01-13,194950.68,139903.74,7363,-69463.6,-16646.47,-52817.13,-1415,264414.28,192720.87,8778
10777,2024-01-14,236713.93,173590.32,8064,-1268.63,-327.83,-940.8,-32,237982.56,174531.12,8096
10777,2024-01-15,-52715.94,-43034.87,-837,-53617.18,-11731.09,-41886.09,-1041,901.24,-1148.78,204
10777,2024-01-16,806361.73,601813.61,20376,-46545.75,-10791.07,-35754.68,-903,852907.48,637568.29,21279
10777,2024-01-17,353604.74,267596.77,7249,-27019.34,-6135.23,-20884.11,-529,380624.08,288480.88,7778
10777,2024-01-18,360415.72,270663.55,7607,-53326.58,-12309.69,-41016.89,-1043,413742.3,311680.44,8650
10777,2024-01-19,406174.87,281457.47,11049,-29929.06,-6575.99,-23353.07,-550,436103.93,304810.54,11599
10777,2024-01-20,290400.73,191359.57,9163,-46696.05,-10980.75,-35715.3,-916,337096.78,227074.87,10079
10777,2024-01-21,260799.67,175782.51,7906,-3925.39,-945.68,-2979.71,-89,264725.06,178762.22,7995
10777,2024-01-22,749062.07,536730.49,18712,-27689.21,-6207.07,-21482.14,-527,776751.28,558212.63,19239
10777,2024-01-23,192204.9,146941.47,3900,-41795.84,-9568.99,-32226.85,-793,234000.74,179168.32,4693
10777,2024-01-24,225388.18,172601.58,4490,-21780.53,-5352.46,-16428.07,-422,247168.71,189029.65,4912
10777,2024-01-25,250122.77,194544.11,4787,-29225.31,-7081.74,-22143.57,-583,279348.08,216687.68,5370
10777,2024-01-26,184418.42,145809.1,3461,-28207.59,-6674.55,-21533.04,-552,212626.01,167342.14,4013
10777,2024-01-27,157367.98,125721.62,2908,-28566.53,-6820.13,-21746.4,-612,185934.51,147468.02,3520
10777,2024-01-28,210887.98,167947.43,3859,-9419.98,-2024.97,-7395.01,-179,220307.96,175342.44,4038
10777,2024-01-29,184704.25,147187.39,3404,-46212.39,-10320.89,-35891.5,-811,230916.64,183078.89,4215
10777,2024-01-30,181054.25,144559.08,3406,-44720.02,-11081.23,-33638.79,-866,225774.27,178197.87,4272
10777,2024-01-31,198750.58,158859.75,3491,-24172.97,-5509.02,-18663.95,-452,222923.55,177523.7,3943
10777,2024-02-01,243914.09,195239.71,4722,-60221.6,-15111.08,-45110.52,-1183,304135.69,240350.23,5905
10777,2024-02-02,193946.44,154883.28,3746,-54434.38,-13164.44,-41269.94,-1083,248380.82,196153.22,4829
10777,2024-02-03,198384.65,159153.82,3777,-27803.2,-6688.98,-21114.22,-524,226187.85,180268.04,4301
10777,2024-02-04,240315.24,192040.25,4677,-23870.6,-5507.45,-18363.15,-428,264185.84,210403.4,5105
10777,2024-02-05,322368.64,257066.91,6222,-34262.8,-8816.65,-25446.15,-714,356631.44,282513.06,6936
10777,2024-02-06,231283.38,184535.42,4553,-60477.16,-16293.4,-44183.76,-1291,291760.54,228719.18,5844
10777,2024-02-07,192798.14,154069.24,3902,-64482.63,-17039.08,-47443.55,-1365,257280.77,201512.79,5267
10777,2024-02-08,286602.94,229989.66,5550,-47429,-12367.56,-35061.44,-1017,334031.94,265051.1,6567
10777,2024-02-09,174638.01,140526.17,3288,-53744.2,-12882.9,-40861.3,-986,228382.21,181387.47,4274
10777,2024-02-10,225908.81,181830.8,4111,-15936.39,-3907.04,-12029.35,-297,241845.2,193860.15,4408
10777,2024-02-11,148326.64,118883.48,2710,-1329.51,-242.21,-1087.3,-20,149656.15,119970.78,2730
10777,2024-02-12,282945.93,225608.66,5160,-34268.6,-8012.27,-26256.33,-645,317214.53,251864.99,5805
10777,2024-02-13,216575.92,173932.77,3925,-21778.97,-5490.39,-16288.58,-437,238354.89,190221.35,4362
10777,2024-02-14,179441.53,137435.95,3636,-41767.17,-9690.97,-32076.2,-787,221208.7,169512.15,4423
10777,2024-02-15,260306.37,199645.52,5382,-53916.4,-14147.32,-39769.08,-1097,314222.77,239414.6,6479
10777,2024-02-16,439593.3,338649.89,8714,-38010.59,-9738.6,-28271.99,-751,477603.89,366921.88,9465
10777,2024-02-17,333271.72,257255.93,6564,-2679.38,-695.47,-1983.91,-49,335951.1,259239.84,6613
10777,2024-02-18,272717.02,209817.08,5448,,,0,,272717.02,209817.08,5448
10777,2024-02-19,578049.54,444369.59,11573,-10102.39,-2323.57,-7778.82,-187,588151.93,452148.41,11760
10777,2024-02-20,359317.65,274905.94,7441,-11535.89,-2615.34,-8920.55,-195,370853.54,283826.49,7636
10777,2024-02-21,299353.21,233086.95,5927,-13901.62,-3059.99,-10841.63,-243,313254.83,243928.58,6170
10777,2024-02-22,454356.5,358415.21,8509,-29796.87,-7155.45,-22641.42,-569,484153.37,381056.63,9078
10777,2024-02-23,295726.97,234378.09,5499,-16148.87,-3265.91,-12882.96,-260,311875.84,247261.05,5759
10777,2024-02-24,171946.26,137722.03,3189,-28606.01,-6764.2,-21841.81,-544,200552.27,159563.84,3733
10777,2024-02-25,314492.37,250868.06,5720,,,0,,314492.37,250868.06,5720
10777,2024-02-26,454460.19,334927.09,11666,-7520.64,-1695.15,-5825.49,-146,461980.83,340752.58,11812
10777,2024-02-27,518582.87,353818.62,16603,-16875.24,-3590.54,-13284.7,-283,535458.11,367103.32,16886
10777,2024-02-28,440188.72,299667.52,13840,-61386.42,-14204.07,-47182.35,-1118,501575.14,346849.87,14958
10777,2024-02-29,436819.7,321507.98,11113,-34442.74,-7943.51,-26499.23,-640,471262.44,348007.21,11753
10777,2024-03-01,292958.7,233813,5328,-39141.54,-8876.5,-30265.04,-701,332100.24,264078.04,6029
10777,2024-03-02,284066.05,226581.13,5119,-16516.44,-3538.57,-12977.87,-287,300582.49,239559,5406
10777,2024-03-03,304577.43,241513.5,5615,-2559.28,-542.74,-2016.54,-44,307136.71,243530.04,5659
10777,2024-03-04,273878.05,216395.91,5215,-14815.72,-3521.29,-11294.43,-297,288693.77,227690.34,5512
10777,2024-03-05,252483.47,199533.28,4967,-50541.6,-10859.47,-39682.13,-857,303025.07,239215.41,5824
10777,2024-03-06,274055.18,213954.82,5455,-34021.16,-7882.14,-26139.02,-605,308076.34,240093.84,6060
10777,2024-03-07,404190.39,312934.51,8141,-16441.42,-3588.86,-12852.56,-285,420631.81,325787.07,8426
10777,2024-03-08,386390.27,297313,7832,-27909.51,-6163.22,-21746.29,-507,414299.78,319059.29,8339
10777,2024-03-09,264934.97,204515.56,5467,-8212.26,-1889.02,-6323.24,-135,273147.23,210838.8,5602
10777,2024-03-10,317071.56,245942.04,6398,-165.17,-43.29,-121.88,-3,317236.73,246063.92,6401
10777,2024-03-11,497836.58,385112.63,9795,-9350.42,-1943.87,-7406.55,-163,507187,392519.18,9958
10777,2024-03-12,346874.63,265217.54,7181,-22395.55,-5008.8,-17386.75,-406,369270.18,282604.29,7587
10777,2024-03-13,363513.6,277863.15,7719,-14371.18,-3107.75,-11263.43,-263,377884.78,289126.58,7982
10777,2024-03-14,352868.28,274743.44,6980,-37806.37,-9333.4,-28472.97,-699,390674.65,303216.41,7679
10777,2024-03-15,270573.81,212383.48,5189,-25962.01,-6362.89,-19599.12,-496,296535.82,231982.6,5685
10777,2024-03-16,268936.72,212162.24,5132,-9766.25,-2249.21,-7517.04,-181,278702.97,219679.28,5313
10777,2024-03-17,226254.21,177520.61,4423,-15259.54,-3812.98,-11446.56,-310,241513.75,188967.17,4733
10777,2024-03-18,404268.99,322371.49,7256,-8734.97,-1536.07,-7198.9,-121,413003.96,329570.39,7377
10777,2024-03-19,303641.75,239204.58,5795,-26713.05,-5865.46,-20847.59,-491,330354.8,260052.17,6286
10777,2024-03-20,236993.08,185473.37,4596,-39987.25,-9581.15,-30406.1,-712,276980.33,215879.47,5308
10777,2024-03-21,423119.28,330734.54,8147,-32539.8,-7827.75,-24712.05,-648,455659.08,355446.59,8795
10777,2024-03-22,316998.94,246630.79,6165,-36908.32,-9006.45,-27901.87,-724,353907.26,274532.66,6889
10777,2024-03-23,302154.67,237035.24,5881,-22467.21,-5059.38,-17407.83,-376,324621.88,254443.07,6257
10777,2024-03-24,286179.57,225550.37,5392,-202.8,-50,-152.8,-2,286382.37,225703.17,5394
10777,2024-03-25,402100.36,313630.7,7762,-12414.98,-2705.99,-9708.99,-199,414515.34,323339.69,7961
10777,2024-03-26,232492.49,183842.45,4437,-47382.64,-11530.66,-35851.98,-912,279875.13,219694.43,5349
10777,2024-03-27,277973.17,219566.86,5291,-45893.23,-10718.88,-35174.35,-825,323866.4,254741.21,6116
10777,2024-03-28,353654.09,275019.78,7134,-34041.92,-8444.78,-25597.14,-681,387696.01,300616.92,7815
10777,2024-03-29,328029.61,255256.4,6532,-39724.19,-8982.59,-30741.6,-676,367753.8,285998,7208
10777,2024-03-30,239790.41,186906.25,4629,-7517.65,-1886.96,-5630.69,-134,247308.06,192536.94,4763
10777,2024-03-31,298675.59,231696.68,5884,-1842.86,-389.9,-1452.96,-30,300518.45,233149.64,5914
10777,2024-04-01,259613.84,200837.94,5318,-25125.69,-5748.48,-19377.21,-465,284739.53,220215.15,5783
10777,2024-04-02,304510.25,238452.87,6142,-42748.54,-10142.89,-32605.65,-784,347258.79,271058.52,6926
10777,2024-04-03,261652.32,203409.99,5248,-47244.1,-10818.23,-36425.87,-837,308896.42,239835.86,6085
10777,2024-04-04,328547.33,258378.55,6434,-31911.03,-7619.82,-24291.21,-590,360458.36,282669.76,7024
10777,2024-04-05,270055.26,214913.93,4999,-33474.54,-7701.83,-25772.71,-577,303529.8,240686.64,5576
10777,2024-04-06,239395.77,189670.89,4418,-7616.61,-1590.37,-6026.24,-114,247012.38,195697.13,4532
10777,2024-04-07,210385.15,166730.41,3915,-1316.66,-246.32,-1070.34,-15,211701.81,167800.75,3930
10777,2024-04-08,290113.69,231127.41,5292,-33108.36,-7707.1,-25401.26,-586,323222.05,256528.67,5878
10777,2024-04-09,213058.96,169185.57,4101,-45487.95,-10857.51,-34630.44,-839,258546.91,203816.01,4940
10777,2024-04-10,225320.11,180125.31,4196,-30689.05,-7085.54,-23603.51,-550,256009.16,203728.82,4746
10777,2024-04-11,249141.37,184794.04,6680,-39810.22,-9745.14,-30065.08,-746,288951.59,214859.12,7426
10777,2024-04-12,459746.39,317183.3,14107,-41344.17,-9458.44,-31885.73,-722,501090.56,349069.03,14829
10777,2024-04-13,264010.32,181428.19,8281,-1653.88,-415.16,-1238.72,-36,265664.2,182666.91,8317
10777,2024-04-14,215726.1,147936.48,6914,,,0,,215726.1,147936.48,6914
10777,2024-04-15,695990.1,503216.45,18083,-9503.36,-2145.72,-7357.64,-179,705493.46,510574.09,18262
10777,2024-04-16,223468.64,180615.46,4007,-32306.35,-7694.64,-24611.71,-619,255774.99,205227.17,4626
10777,2024-04-17,195851.12,158605.85,3648,-39116.12,-8417.21,-30698.91,-673,234967.24,189304.76,4321
10777,2024-04-18,275707.42,223974.63,4820,-33539.3,-7810.16,-25729.14,-612,309246.72,249703.77,5432
10777,2024-04-19,251324.07,201729.69,4647,-24799.8,-5787.87,-19011.93,-461,276123.87,220741.62,5108
10777,2024-04-20,196506.22,158008.44,3477,-7552.59,-1621.39,-5931.2,-133,204058.81,163939.64,3610
10777,2024-04-21,208552.97,166829.07,3807,-339.98,-70.22,-269.76,-6,208892.95,167098.83,3813
10777,2024-04-22,259549.67,207964.57,4763,-6847.28,-1474.31,-5372.97,-139,266396.95,213337.54,4902
10777,2024-04-23,216723.42,172541.3,3934,-10551.89,-2247.74,-8304.15,-177,227275.31,180845.45,4111
10777,2024-04-24,281291.77,223586.45,5130,-13904.73,-2833.33,-11071.4,-242,295196.5,234657.85,5372
10777,2024-04-25,249103.48,200368.18,4711,-39790.22,-9694.07,-30096.15,-727,288893.7,230464.33,5438
10777,2024-04-26,245001.21,195874.76,4930,-25524.87,-6388.52,-19136.35,-497,270526.08,215011.11,5427
10777,2024-04-27,274399.7,218851.26,5297,-3742.88,-714.3,-3028.58,-50,278142.58,221879.84,5347
10777,2024-04-28,244779.46,193084.39,4822,,,0,,244779.46,193084.39,4822
10777,2024-04-29,366693.65,290339.06,7543,-6167.91,-1310.13,-4857.78,-113,372861.56,295196.84,7656
10777,2024-04-30,178528.72,141825.15,3803,-50886.47,-11652.66,-39233.81,-906,229415.19,181058.96,4709
10777,2024-05-01,317040.88,252035.62,6591,-49669.34,-12037.64,-37631.7,-954,366710.22,289667.32,7545
10777,2024-05-02,203136.23,165185.68,3928,-49615.82,-12561.1,-37054.72,-975,252752.05,202240.4,4903
10777,2024-05-03,250026.04,201131.38,4594,-24707.06,-5686.48,-19020.58,-433,274733.1,220151.96,5027
10777,2024-05-04,235846.03,189584.86,4317,-8242.33,-1964.4,-6277.93,-146,244088.36,195862.79,4463
10777,2024-05-05,167313.11,134351.38,3069,-1997.72,-391.16,-1606.56,-31,169310.83,135957.94,3100
10777,2024-05-06,286170.26,231994.75,5070,-24092.83,-5946.82,-18146.01,-485,310263.09,250140.76,5555
10777,2024-05-07,198561.85,162877.45,3541,-34034.75,-8801.62,-25233.13,-690,232596.6,188110.58,4231
10777,2024-05-08,321862.3,245819.49,10526,-6682.71,-1483.17,-5199.54,-121,328545.01,251019.03,10647
10777,2024-05-09,423431.21,319375.44,14978,-36775.86,-8367.17,-28408.69,-700,460207.07,347784.13,15678
10777,2024-05-10,333677.41,254522.73,10569,-45244.15,-10217.07,-35027.08,-791,378921.56,289549.81,11360
10777,2024-05-11,235836.04,185887.63,5276,-7263.1,-1549.25,-5713.85,-121,243099.14,191601.48,5397
10777,2024-05-12,219784.58,176097.64,3785,-742.09,-130.85,-611.24,-9,220526.67,176708.88,3794
10777,2024-05-13,275202,220337.65,4713,-10108.94,-2209.19,-7899.75,-173,285310.94,228237.4,4886
10777,2024-05-14,194135.26,154535.54,3503,-31574.31,-7325.77,-24248.54,-579,225709.57,178784.08,4082
10777,2024-05-15,223426.32,178853.08,3788,-30476.9,-7159.55,-23317.35,-556,253903.22,202170.43,4344
10777,2024-05-16,290502.64,232237.64,5073,-34972.42,-7393.24,-27579.18,-564,325475.06,259816.82,5637
10777,2024-05-17,192348.67,153677.82,3533,-46497.73,-10386.6,-36111.13,-831,238846.4,189788.95,4364
10777,2024-05-18,201288.03,161591.85,3637,-7015.96,-1441.35,-5574.61,-127,208303.99,167166.46,3764
10777,2024-05-19,174385.66,140127.34,3196,,,0,,174385.66,140127.34,3196
10777,2024-05-20,306097.31,247082.14,5390,-30357.48,-6634.06,-23723.42,-549,336454.79,270805.56,5939
10777,2024-05-21,225255.2,180900.28,4080,-9845.39,-2118.57,-7726.82,-183,235100.59,188627.1,4263
10777,2024-05-22,254519.73,199841.88,5199,-38343.08,-8691.82,-29651.26,-670,292862.81,229493.14,5869
10777,2024-05-23,316963.47,247569.37,6439,-36607.9,-8016.28,-28591.62,-659,353571.37,276160.99,7098
10777,2024-05-24,330383.03,258790.24,6806,-23600.37,-4974.3,-18626.07,-431,353983.4,277416.31,7237
10777,2024-05-25,302762.33,236237.32,6386,-6740.49,-1203.12,-5537.37,-103,309502.82,241774.69,6489
10777,2024-05-26,329486.62,256120.04,7330,,,0,,329486.62,256120.04,7330
10777,2024-05-27,-3293.89,-3161.42,-11,-3945.91,-746.2,-3199.71,-69,652.02,38.29,58
10777,2024-05-28,887690.37,690913.26,19197,-34946.67,-8032.37,-26914.3,-616,922637.04,717827.56,19813
10777,2024-05-29,291083.03,225683.08,6552,-5294.21,-1143.66,-4150.55,-97,296377.24,229833.63,6649
10777,2024-05-30,260696,206842.5,5398,-24500.25,-5368.33,-19131.92,-427,285196.25,225974.42,5825
10777,2024-05-31,199449.71,162766.02,3647,-23495.6,-4996.77,-18498.83,-391,222945.31,181264.85,4038
10777,2024-06-01,215799.72,174670.16,3925,-3810,-840.61,-2969.39,-62,219609.72,177639.55,3987
10777,2024-06-02,208511.6,169124.35,3799,,,0,,208511.6,169124.35,3799
10777,2024-06-03,229628.9,186155.33,4199,-19297.2,-4159.89,-15137.31,-347,248926.1,201292.64,4546
10777,2024-06-04,169971.64,137785.4,3217,-20464.46,-4220.44,-16244.02,-354,190436.1,154029.42,3571
10777,2024-06-05,185395.02,150703.73,3504,-23227.2,-4762.46,-18464.74,-369,208622.22,169168.47,3873
10777,2024-06-06,211657.81,171124.16,4111,-23090.32,-4481.72,-18608.6,-344,234748.13,189732.76,4455
10777,2024-06-07,193320.49,157746.24,3603,-34247.56,-7558.99,-26688.57,-616,227568.05,184434.81,4219
10777,2024-06-08,202080.6,162964.57,3957,-9511.75,-1969.42,-7542.33,-159,211592.35,170506.9,4116
10777,2024-06-09,197482.34,160668.77,3855,-18148.41,-4441.3,-13707.11,-355,215630.75,174375.88,4210
10777,2024-06-10,271446.05,219335.23,5205,-6533.91,-1354.69,-5179.22,-129,277979.96,224514.45,5334
10777,2024-06-11,280995.1,198526.87,7600,-23034.47,-4764.45,-18270.02,-379,304029.57,216796.89,7979
10777,2024-06-12,338860.39,237505.04,9388,-10273.92,-2215.55,-8058.37,-183,349134.31,245563.41,9571
10777,2024-06-13,278218.53,198174.76,7585,-37143.51,-8890.38,-28253.13,-706,315362.04,226427.89,8291
10777,2024-06-14,422465.78,305780.54,11258,-34471.2,-7941.74,-26529.46,-657,456936.98,332310,11915
10777,2024-06-15,179905.95,137903.28,4038,-8160.56,-1880.23,-6280.33,-150,188066.51,144183.61,4188
10777,2024-06-16,248956.23,199698.43,4671,,,0,,248956.23,199698.43,4671
10777,2024-06-17,297207.74,239383.27,5329,-7433.52,-1517.13,-5916.39,-129,304641.26,245299.66,5458
10777,2024-06-18,249843.9,205033.17,4179,-38809.72,-9067.23,-29742.49,-694,288653.62,234775.66,4873
10777,2024-06-19,154472.05,125290.4,2877,-40773.4,-8785.91,-31987.49,-709,195245.45,157277.89,3586
10777,2024-06-20,206076.79,167069.29,3834,-33880.56,-7948.3,-25932.26,-638,239957.35,193001.55,4472
10777,2024-06-21,241202.81,196426.66,4442,-34921.43,-7850.59,-27070.84,-618,276124.24,223497.5,5060
10777,2024-06-22,224875.69,180539.56,4292,-4456.59,-898.39,-3558.2,-74,229332.28,184097.76,4366
10777,2024-06-23,95220.97,76946.87,1820,-3301.37,-636.26,-2665.11,-48,98522.34,79611.98,1868
10777,2024-06-24,439329.26,354224.39,8219,-7856.57,-1523.62,-6332.95,-130,447185.83,360557.34,8349
10777,2024-06-25,310197.31,250529.7,5833,-18246.63,-4212.9,-14033.73,-339,328443.94,264563.43,6172
10777,2024-06-26,172443.01,139158.7,3498,-26869.69,-6689.43,-20180.26,-529,199312.7,159338.96,4027
10777,2024-06-27,204669.94,165350.19,4075,-33922.18,-8161.7,-25760.48,-631,238592.12,191110.67,4706
10777,2024-06-28,183799.26,150151.66,3617,-46275,-10695.46,-35579.54,-851,230074.26,185731.2,4468
10777,2024-06-29,205779.68,167546.44,3715,-6400.94,-1303.06,-5097.88,-119,212180.62,172644.32,3834
10777,2024-06-30,218225.41,172902.63,4426,-422.11,-92.78,-329.33,-5,218647.52,173231.96,4431
10777,2024-07-01,434129.47,339086.94,9041,-7358.24,-1610.45,-5747.79,-132,441487.71,344834.73,9173
10777,2024-07-02,345336.49,268409.86,7306,-34491,-8303.92,-26187.08,-634,379827.49,294596.94,7940
10777,2024-07-03,331939.62,259371.27,7022,-47656.63,-10635.55,-37021.08,-853,379596.25,296392.35,7875
10777,2024-07-04,111715.29,86567.34,2433,-34289.06,-8248.96,-26040.1,-688,146004.35,112607.44,3121
10777,2024-07-05,587491.7,459573.29,12308,-29988.83,-6968.12,-23020.71,-581,617480.53,482594,12889
10777,2024-07-06,330260.96,258002.44,6826,-2213.28,-438.96,-1774.32,-39,332474.24,259776.76,6865
10777,2024-07-07,141458.07,109624.33,3052,,,0,,141458.07,109624.33,3052
10777,2024-07-08,535528.47,420461.25,11081,-24093.3,-5430.45,-18662.85,-455,559621.77,439124.1,11536
10777,2024-07-09,236007.22,187461.33,4611,-7613.5,-1475.49,-6138.01,-144,243620.72,193599.34,4755
10777,2024-07-10,192593.15,156700.25,3612,-40536.81,-9033.06,-31503.75,-744,233129.96,188204,4356
10777,2024-07-11,162188.92,131543.38,3037,-19815.71,-3892.59,-15923.12,-304,182004.63,147466.5,3341
10777,2024-07-12,333467.17,267077.36,7344,-2484.29,-551.69,-1932.6,-52,335951.46,269009.96,7396
10777,2024-07-13,255287.13,203260.31,6294,-21.75,-3.74,-18.01,-1,255308.88,203278.32,6295
10777,2024-07-14,320637.68,255236.94,7760,-1011.72,-191.3,-820.42,-17,321649.4,256057.36,7777
10777,2024-07-15,357547.03,288526.18,7367,-6111.05,-1088.75,-5022.3,-114,363658.08,293548.48,7481
10777,2024-07-16,228764.08,170013.92,5958,-30071.33,-7160.19,-22911.14,-594,258835.41,192925.06,6552
10777,2024-07-17,352922.88,257481.65,9144,-20315.34,-4363.64,-15951.7,-394,373238.22,273433.35,9538
10777,2024-07-18,356371.97,261219.43,8930,-8246.16,-1797.25,-6448.91,-133,364618.13,267668.34,9063
10777,2024-07-19,555045.45,407542.48,14645,-30620.77,-6919.21,-23701.56,-593,585666.22,431244.04,15238
10777,2024-07-20,347338.11,257335.58,8752,-6547.72,-1353.57,-5194.15,-108,353885.83,262529.73,8860
10777,2024-07-21,337093.55,249919.01,8442,-1337.15,-264.86,-1072.29,-24,338430.7,250991.3,8466
10777,2024-07-22,462332,345882.82,11214,-9150.26,-2005.04,-7145.22,-160,471482.26,353028.04,11374
10777,2024-07-23,460271.83,341891.69,11263,-11142.04,-2403.6,-8738.44,-203,471413.87,350630.13,11466
10777,2024-07-24,345963.95,254848.77,8913,-26457.4,-6420.33,-20037.07,-495,372421.35,274885.84,9408
10777,2024-07-25,386956.81,286464.56,9858,-8891.27,-1941.31,-6949.96,-168,395848.08,293414.52,10026
10777,2024-07-26,468255.23,350038.75,11625,-21357.96,-4989.81,-16368.15,-414,489613.19,366406.9,12039
10777,2024-07-27,383564.3,287494.94,9524,-1453.24,-323.69,-1129.55,-27,385017.54,288624.49,9551
10777,2024-07-28,215740.74,160901.45,5524,,,0,,215740.74,160901.45,5524
10777,2024-07-29,574385.79,429079.02,13988,-7968.93,-1807.99,-6160.94,-172,582354.72,435239.96,14160
10777,2024-07-30,291774.38,219653.56,7067,-13724.26,-2878.76,-10845.5,-245,305498.64,230499.06,7312
10777,2024-07-31,382296.91,285215.95,9426,-37050.72,-8607.22,-28443.5,-722,419347.63,313659.45,10148
10777,2024-08-01,433983.18,326021.91,10617,-30984.33,-7069.16,-23915.17,-585,464967.51,349937.08,11202
10777,2024-08-02,461217.9,348501.55,11011,-35625.69,-8146.77,-27478.92,-698,496843.59,375980.47,11709
10777,2024-08-03,300307.27,226792.17,7262,-42235.38,-9625.38,-32610,-798,342542.65,259402.17,8060
10777,2024-08-04,375574.59,285355.84,8924,-6362.42,-1373.46,-4988.96,-105,381937.01,290344.8,9029
10777,2024-08-05,484743.57,370645.13,11077,-9862.44,-2229.6,-7632.84,-194,494606.01,378277.97,11271
10777,2024-08-06,278321.84,210872.57,6705,-8161.47,-1918.11,-6243.36,-171,286483.31,217115.93,6876
10777,2024-08-07,442594.54,337820.08,10141,-20879.87,-5326.12,-15553.75,-440,463474.41,353373.83,10581
10777,2024-08-08,440431.99,340449.41,9560,-32017.31,-7489.4,-24527.91,-654,472449.3,364977.32,10214
10777,2024-08-09,382692.76,307847.14,7154,-26961.58,-6879.21,-20082.37,-609,409654.34,327929.51,7763
10777,2024-08-10,259787.64,208256.15,4864,-10814.92,-2323.75,-8491.17,-201,270602.56,216747.32,5065
10777,2024-08-11,241788.61,194628.26,4552,-1490.06,-348.23,-1141.83,-28,243278.67,195770.09,4580
10777,2024-08-12,375289.99,300541.89,7064,-19927.16,-4523.57,-15403.59,-390,395217.15,315945.48,7454
10777,2024-08-13,221369.24,174986.81,4287,-41651.63,-10004.97,-31646.66,-849,263020.87,206633.47,5136
10777,2024-08-14,356794.41,280418.6,6825,-33439.43,-8821.61,-24617.82,-712,390233.84,305036.42,7537
10777,2024-08-15,345762.07,271446.05,6773,-32528.58,-8883.35,-23645.23,-720,378290.65,295091.28,7493
10777,2024-08-16,494649.58,392403.95,9137,-36259.8,-9687.84,-26571.96,-816,530909.38,418975.91,9953
10777,2024-08-17,193844.97,157165.75,3384,-41665.02,-11362.11,-30302.91,-956,235509.99,187468.66,4340
10777,2024-08-18,229346.63,185166.49,4100,-39775.22,-9885.75,-29889.47,-814,269121.85,215055.96,4914
10777,2024-08-19,400139.06,304835,8920,-8431.44,-1829.61,-6601.83,-154,408570.5,311436.83,9074
10777,2024-08-20,488672.25,354622.88,12557,-27372.77,-7023.54,-20349.23,-607,516045.02,374972.11,13164
10777,2024-08-21,435973.05,316963.12,10895,-44532.11,-11743.79,-32788.32,-984,480505.16,349751.44,11879
10777,2024-08-22,439818.82,337970.28,9239,-39650.98,-10655.67,-28995.31,-917,479469.8,366965.59,10156
10777,2024-08-23,256642.68,208470.89,4292,-29450.68,-8195.31,-21255.37,-670,286093.36,229726.26,4962
10777,2024-08-24,171171.81,138292.52,2895,-13677.89,-3390.63,-10287.26,-275,184849.7,148579.78,3170
10777,2024-08-25,257035.82,208794.58,4214,-33905.78,-8352,-25553.78,-678,290941.6,234348.36,4892
10777,2024-08-26,318925.43,256963.65,5450,-10620.08,-2445.75,-8174.33,-213,329545.51,265137.98,5663
10777,2024-08-27,253195.02,203070.51,4439,-26935.75,-6129.99,-20805.76,-533,280130.77,223876.27,4972
10777,2024-08-28,285631.53,226198.78,5265,-30316.64,-7390.17,-22926.47,-626,315948.17,249125.25,5891
10777,2024-08-29,352731.41,278073.3,6647,-18372.41,-4670.06,-13702.35,-390,371103.82,291775.65,7037
10777,2024-08-30,346162.23,270278.86,6784,-24000.45,-5761.95,-18238.5,-483,370162.68,288517.36,7267
10777,2024-08-31,393667.77,309736.4,7347,-15101.62,-3671.31,-11430.31,-308,408769.39,321166.71,7655
10777,2024-09-01,312961.22,246214.71,5849,-33799.41,-8419.36,-25380.05,-715,346760.63,271594.76,6564
10777,2024-09-02,-6889.52,-6280.6,-44,-7127.52,-1603.6,-5523.92,-125,238,-756.68,81
10777,2024-09-03,846269.72,663530.51,16189,-20737.14,-5014.9,-15722.24,-444,867006.86,679252.75,16633
10777,2024-09-04,552110.97,435249.12,10197,-50861.58,-12071.2,-38790.38,-1022,602972.55,474039.5,11219
10777,2024-09-05,276502.61,221708.65,4887,-48908.74,-11803.07,-37105.67,-980,325411.35,258814.32,5867
10777,2024-09-06,218165.25,177845.17,3688,-59472.74,-14591.37,-44881.37,-1173,277637.99,222726.54,4861
10777,2024-09-07,227139.3,182787.19,3853,-1085,-218.41,-866.59,-16,228224.3,183653.78,3869
10777,2024-09-08,191340.28,154967.54,3259,-7146.55,-1415.84,-5730.71,-125,198486.83,160698.25,3384
10777,2024-09-09,397353.81,321150.01,6657,-5809.19,-1326.61,-4482.58,-110,403163,325632.59,6767
10777,2024-09-10,264010.69,213283.62,4394,-15437.14,-3399.67,-12037.47,-304,279447.83,225321.09,4698
10777,2024-09-11,195150.48,157710.13,3273,-21612.31,-4568.95,-17043.36,-381,216762.79,174753.49,3654
10777,2024-09-12,245979.23,202231.26,4000,-49731.89,-12046.59,-37685.3,-973,295711.12,239916.56,4973
10777,2024-09-13,281306.32,230739.35,4425,-53097.18,-12956.27,-40140.91,-1029,334403.5,270880.26,5454
10777,2024-09-14,160543.58,130290.19,2630,-4324.33,-881.92,-3442.41,-73,164867.91,133732.6,2703
10777,2024-09-15,247581.13,200952.71,4016,-2941.96,-636.15,-2305.81,-42,250523.09,203258.52,4058
10777,2024-09-16,335397.73,271656.63,5365,-18710.89,-4380.97,-14329.92,-374,354108.62,285986.55,5739
10777,2024-09-17,289515.46,229449.04,5020,-31558.19,-7143.38,-24414.81,-599,321073.65,253863.85,5619
10777,2024-09-18,326029.2,243807.97,8158,-20902.74,-5053.83,-15848.91,-389,346931.94,259656.88,8547
10777,2024-09-19,567737.57,402838.63,17282,-53018.83,-12205.39,-40813.44,-1042,620756.4,443652.07,18324
10777,2024-09-20,776077.6,552549.48,22604,-9014.54,-1885.6,-7128.94,-155,785092.14,559678.42,22759
10777,2024-09-21,382201.92,274491.4,10789,-13933.16,-3435.49,-10497.67,-273,396135.08,284989.07,11062
10777,2024-09-22,534799.26,402003.73,12753,-570.98,-127.78,-443.2,-11,535370.24,402446.93,12764
10777,2024-09-23,507100.89,397501.85,9556,-5890.73,-1136.84,-4753.89,-94,512991.62,402255.74,9650
10777,2024-09-24,299507.5,237663.3,5277,-20572.16,-4800.95,-15771.21,-384,320079.66,253434.51,5661
10777,2024-09-25,326153.99,256831.39,6004,-24259.19,-5204.8,-19054.39,-410,350413.18,275885.78,6414
10777,2024-09-26,358709.36,284962.56,6397,-23691.88,-5127.8,-18564.08,-438,382401.24,303526.64,6835
10777,2024-09-27,409771.76,310572.91,9516,-21858.89,-5214.71,-16644.18,-421,431630.65,327217.09,9937
10777,2024-09-28,241151.77,180093.29,5878,-9702.41,-2040.6,-7661.81,-169,250854.18,187755.1,6047
10777,2024-09-29,303447.77,223866.07,8076,-4666.69,-825.83,-3840.86,-68,308114.46,227706.93,8144
10777,2024-09-30,686856.25,510909.05,16817,-15873.66,-3200.52,-12673.14,-281,702729.91,523582.19,17098
10777,2024-10-01,435197.23,321295.34,11314,-29162.14,-6341.04,-22821.1,-521,464359.37,344116.44,11835
10777,2024-10-02,409768.29,305774.79,9734,-37958.51,-8214.78,-29743.73,-671,447726.8,335518.52,10405
10777,2024-10-03,337517.36,261963.13,6778,-67240.07,-15235.78,-52004.29,-1198,404757.43,313967.42,7976
10777,2024-10-04,386513.99,300511.54,7294,-43973.89,-9969.04,-34004.85,-795,430487.88,334516.39,8089
10777,2024-10-05,331060.73,260751.33,6214,-5886.09,-1223.33,-4662.76,-96,336946.82,265414.09,6310
10777,2024-10-06,293029.89,233766.54,5274,-733.85,-167.19,-566.66,-15,293763.74,234333.2,5289
10777,2024-10-07,323068.7,255919.41,6062,-20417.2,-4972.65,-15444.55,-407,343485.9,271363.96,6469
10777,2024-10-08,325528.28,255640.42,7813,-17600.73,-4206.91,-13393.82,-339,343129.01,269034.24,8152
10777,2024-10-09,358605.49,282404.98,9220,-58057.84,-13967.85,-44089.99,-1105,416663.33,326494.97,10325
10777,2024-10-10,359889.56,282319.48,8186,-55356.85,-12307.11,-43049.74,-991,415246.41,325369.22,9177
10777,2024-10-11,451464.28,362721.84,7649,-46962.93,-11913.34,-35049.59,-963,498427.21,397771.43,8612
10777,2024-10-12,263105.17,214685.44,4095,-4741.22,-980.59,-3760.63,-91,267846.39,218446.07,4186
10777,2024-10-13,286546.68,233246.91,4748,-2125.42,-417.35,-1708.07,-31,288672.1,234954.98,4779
10777,2024-10-14,394960.62,320724.47,6468,-14956.93,-3620.85,-11336.08,-340,409917.55,332060.55,6808
10777,2024-10-15,136590.35,111853.53,2141,-16772.84,-3586.46,-13186.38,-291,153363.19,125039.91,2432
10777,2024-10-16,451143.89,368101.07,7092,-58110.25,-14173.63,-43936.62,-1175,509254.14,412037.69,8267
10777,2024-10-17,387794.44,309964.45,6617,-57462.62,-13519.73,-43942.89,-1102,445257.06,353907.34,7719
10777,2024-10-18,449640.54,359911.99,7647,-36798.53,-8781.11,-28017.42,-726,486439.07,387929.41,8373
10777,2024-10-19,252995.35,201669.03,4357,-6000.71,-1231.95,-4768.76,-113,258996.06,206437.79,4470
10777,2024-10-20,422315.47,336571.44,7470,-2594.97,-586.49,-2008.48,-51,424910.44,338579.92,7521
10777,2024-10-21,532014.31,423957.28,9203,-16431.1,-4014.54,-12416.56,-336,548445.41,436373.84,9539
10777,2024-10-22,292460.02,231626.98,5261,-25262.25,-5695.05,-19567.2,-462,317722.27,251194.18,5723
10777,2024-10-23,398645.51,316728.38,7065,-57294.96,-12585.87,-44709.09,-1047,455940.47,361437.47,8112
10777,2024-10-24,507112.28,405443.25,9548,-65225.63,-15048.28,-50177.35,-1235,572337.91,455620.6,10783
10777,2024-10-25,617253.84,494647.38,13149,-62716.58,-14605.14,-48111.44,-1189,679970.42,542758.82,14338
10777,2024-10-26,424935.56,339194.24,9055,-7478.54,-1667.35,-5811.19,-142,432414.1,345005.43,9197
10777,2024-10-27,338831.64,273694.93,6475,-3833.61,-777.97,-3055.64,-54,342665.25,276750.57,6529
10777,2024-10-28,358753.77,290647.83,6244,-36376.93,-8534.84,-27842.09,-713,395130.7,318489.92,6957
10777,2024-10-29,168163.58,135551.86,3149,-62218.64,-13433.12,-48785.52,-1087,230382.22,184337.38,4236
10777,2024-10-30,346669.17,281851.33,6281,-56339.75,-12673.63,-43666.12,-1025,403008.92,325517.45,7306
10777,2024-10-31,393418.98,320154.66,7035,-13321.47,-3031.7,-10289.77,-268,406740.45,330444.43,7303
10777,2024-11-01,463309.57,379249.39,8072,-38126.15,-9615.54,-28510.61,-787,501435.72,407760,8859
10777,2024-11-02,297896.57,240578.67,5223,-5943.92,-1216.53,-4727.39,-106,303840.49,245306.06,5329
10777,2024-11-03,384342.14,310182.79,6882,-1397.93,-299.77,-1098.16,-28,385740.07,311280.95,6910
10777,2024-11-04,570002.01,470191.87,8768,-10417.41,-1973.4,-8444.01,-162,580419.42,478635.88,8930
10777,2024-11-05,319185.79,260334.23,5286,-49229.54,-11434.48,-37795.06,-918,368415.33,298129.29,6204
10777,2024-11-06,279819.89,229058.58,4742,-76607,-17560.88,-59046.12,-1454,356426.89,288104.7,6196
10777,2024-11-07,464418.2,376523.76,8781,-34995.99,-7240.8,-27755.19,-564,499414.19,404278.95,9345
10777,2024-11-08,355616.69,292384.24,5729,-63764.42,-13835.49,-49928.93,-1138,419381.11,342313.17,6867
10777,2024-11-09,256964.82,211366.99,4191,-24646.48,-5474.73,-19171.75,-464,281611.3,230538.74,4655
10777,2024-11-10,456503.87,374313.61,7266,-2880.14,-599.69,-2280.45,-53,459384.01,376594.06,7319
10777,2024-11-11,704771.09,571364.54,11829,-26583.26,-5556.97,-21026.29,-461,731354.35,592390.83,12290
10777,2024-11-12,434512.04,354108.14,7178,-34013.2,-7293.63,-26719.57,-594,468525.24,380827.71,7772
10777,2024-11-13,345437.43,282944.47,5640,-38877.19,-7506.85,-31370.34,-644,384314.62,314314.81,6284
10777,2024-11-14,537667.81,437680.57,8924,-46647.9,-9318.12,-37329.78,-812,584315.71,475010.35,9736
10777,2024-11-15,555054.25,445065.89,9831,-59980.2,-12300.18,-47680.02,-1040,615034.45,492745.91,10871
10777,2024-11-16,357493.36,287167.26,6432,-6461.4,-1241.81,-5219.59,-100,363954.76,292386.85,6532
10777,2024-11-17,361422.8,290516.47,6381,-3277.15,-585.29,-2691.86,-49,364699.95,293208.33,6430
10777,2024-11-18,1153396.71,931073.77,19794,-20679.43,-3929.76,-16749.67,-353,1174076.14,947823.44,20147
10777,2024-11-19,443741.72,360994.68,7505,-40344.52,-7720.12,-32624.4,-663,484086.24,393619.08,8168
10777,2024-11-20,481062.82,388760.85,8277,-71568.67,-14672.24,-56896.43,-1203,552631.49,445657.28,9480
10777,2024-11-21,568019.57,457719.09,9861,-48122.64,-9762.8,-38359.84,-805,616142.21,496078.93,10666
10777,2024-11-22,622618.85,501232.6,10885,-57388.65,-11760.36,-45628.29,-999,680007.5,546860.89,11884
10777,2024-11-23,424364.31,343248.8,7221,-5903.63,-1179.79,-4723.84,-102,430267.94,347972.64,7323
10777,2024-11-24,547014.35,441042.32,9604,-135.2,-29.5,-105.7,-1,547149.55,441148.02,9605
10777,2024-11-25,942181.75,761536.93,16078,-25042.08,-4907.25,-20134.83,-403,967223.83,781671.76,16481
10777,2024-11-26,856039.1,682255.22,15539,-55686.38,-11603.07,-44083.31,-996,911725.48,726338.53,16535
10777,2024-11-27,992899.98,785642.21,18395,-45662.65,-8954.82,-36707.83,-761,1038562.63,822350.04,19156
10777,2024-11-28,758015.82,596230.66,15606,-36062.41,-6985.88,-29076.53,-569,794078.23,625307.19,16175
10777,2024-11-29,2030037.86,1601410.28,42673,-6897.13,-1357.69,-5539.44,-132,2036934.99,1606949.72,42805
10777,2024-11-30,2568510.23,2033016.22,53077,-10494.75,-2956.3,-7538.45,-246,2579004.98,2040554.67,53323
10777,2024-12-01,2641325.75,2091153.3,54630,-8390.21,-1579.41,-6810.8,-137,2649715.96,2097964.1,54767
10777,2024-12-02,2150364.42,1694105.25,46856,-49357.28,-9094.14,-40263.14,-754,2199721.7,1734368.39,47610
10777,2024-12-03,2083389.12,1640379.03,46801,-30351.08,-6083.63,-24267.45,-516,2113740.2,1664646.48,47317
10777,2024-12-04,2088872.84,1628836.49,50277,-16136.2,-3187.84,-12948.36,-298,2105009.04,1641784.85,50575
10777,2024-12-05,2106462.82,1651373.26,47416,-16267.05,-3301.93,-12965.12,-311,2122729.87,1664338.38,47727
10777,2024-12-06,1954101.29,1538797.81,44203,-11605.77,-2264.39,-9341.38,-223,1965707.06,1548139.19,44426
10777,2024-12-07,1210339.96,959793.01,28356,-6421.21,-1271.76,-5149.45,-113,1216761.17,964942.46,28469
10777,2024-12-08,970039.18,773066.06,21900,-3977.03,-747.78,-3229.25,-62,974016.21,776295.31,21962
10777,2024-12-09,1523824.97,1209831.08,34414,-16368.48,-3277.89,-13090.59,-311,1540193.45,1222921.67,34725
10777,2024-12-10,1629505.91,1288526.78,35613,-17198.33,-3605.94,-13592.39,-357,1646704.24,1302119.17,35970
10777,2024-12-11,1339614.74,1060566.93,29796,-34971.96,-7098.37,-27873.59,-656,1374586.7,1088440.52,30452
10777,2024-12-12,1183697.33,942480.5,26397,-17882.49,-3780.98,-14101.51,-362,1201579.82,956582.01,26759
10777,2024-12-13,1576739.56,1260152.02,33948,-24440.16,-5176.44,-19263.72,-468,1601179.72,1279415.74,34416
10777,2024-12-14,1117680.56,895751.72,24017,-40183.93,-8269.78,-31914.15,-684,1157864.49,927665.87,24701
10777,2024-12-15,1089108.51,876518.26,22361,-451.47,-113.79,-337.68,-9,1089559.98,876855.94,22370
10777,2024-12-16,1400340.68,1123656.59,28785,-25230.42,-5298.27,-19932.15,-523,1425571.1,1143588.74,29308
10777,2024-12-17,1099896.28,881344.53,22897,-67214.47,-13774.98,-53439.49,-1246,1167110.75,934784.02,24143
10777,2024-12-18,1121282.56,903525.12,22604,-33604.21,-6607.51,-26996.7,-605,1154886.77,930521.82,23209
10777,2024-12-19,1055826.24,860002.94,19472,-55575.51,-11457.81,-44117.7,-1030,1111401.75,904120.64,20502
10777,2024-12-20,727496.17,587983.46,13531,-72453.32,-14803.37,-57649.95,-1359,799949.49,645633.41,14890
10777,2024-12-21,487263.11,395535,8963,-58906.35,-12361.13,-46545.22,-1070,546169.46,442080.22,10033
10777,2024-12-22,467435.33,382879.74,8010,-6486.61,-1275.25,-5211.36,-102,473921.94,388091.1,8112
10777,2024-12-23,415519.35,334383.47,7766,-53957.39,-11267.71,-42689.68,-1116,469476.74,377073.15,8882
10777,2024-12-24,174472.87,139649.56,3392,-69673.49,-14858.57,-54814.92,-1352,244146.36,194464.48,4744
10777,2024-12-25,-22379.35,-19267.66,-260,-23306.22,-4817.93,-18488.29,-427,926.87,-779.37,167
10777,2024-12-26,1036895.21,836014.87,19402,-53584.06,-11618.42,-41965.64,-1057,1090479.27,877980.51,20459
10777,2024-12-27,1143370.41,884747.92,24465,-36840.87,-7536.46,-29304.41,-724,1180211.28,914052.33,25189
10777,2024-12-28,367715.49,283026.48,8238,-39073.61,-8634.61,-30439,-769,406789.1,313465.48,9007
10777,2024-12-29,536079.04,416673.03,11369,-849.17,-178.6,-670.57,-13,536928.21,417343.6,11382
10777,2024-12-30,513240.94,390699.79,11523,-51342.25,-10411.74,-40930.51,-1020,564583.19,431630.3,12543
10777,2024-12-31,253190.64,190593,5953,-93117.96,-19844.8,-73273.16,-1801,346308.6,263866.16,7754
10777,2025-01-01,-38807.4,-31785.4,-585,-39586.89,-8874.01,-30712.88,-775,779.49,-1072.52,190
10777,2025-01-02,1076246.9,820489.66,24477,-54933.24,-11493.03,-43440.21,-1053,1131180.14,863929.87,25530
10777,2025-01-03,613456.52,472065.21,13551,-48645.5,-9975.72,-38669.78,-926,662102.02,510734.99,14477
10777,2025-01-04,276126.04,210016.87,6443,-51646.11,-10849.32,-40796.79,-979,327772.15,250813.66,7422
10777,2025-01-05,348072.96,269722.44,7735,-4831.81,-911.72,-3920.09,-89,352904.77,273642.53,7824
10777,2025-01-06,528961.17,403366.96,11761,-130884.24,-30181.25,-100702.99,-2553,659845.41,504069.95,14314
10777,2025-01-07,176751.18,132667.95,4320,-101717.8,-24292.85,-77424.95,-2072,278468.98,210092.9,6392
10777,2025-01-08,212459.15,162125.52,4986,-118955.19,-28904.44,-90050.75,-2533,331414.34,252176.27,7519
10777,2025-01-09,458367.88,335837.76,11743,-115881.72,-26312.74,-89568.98,-2314,574249.6,425406.74,14057
10777,2025-01-10,205517.74,144203.85,6230,-126448.22,-30817.41,-95630.81,-2746,331965.96,239834.66,8976
10777,2025-01-11,203020.72,138636.18,6918,-154174.35,-36411.02,-117763.33,-3209,357195.07,256399.51,10127
10777,2025-01-12,444546.87,329275.62,11158,-22585.14,-5079.52,-17505.62,-411,467132.01,346781.24,11569
10777,2025-01-13,735759.38,552491.64,18042,-141050.84,-33708.07,-107342.77,-2981,876810.22,659834.41,21023
10777,2025-01-14,302809.68,221161.33,8529,-158305.06,-36640.3,-121664.76,-3285,461114.74,342826.09,11814
10777,2025-01-15,281600.44,205257.89,7808,-161623.74,-37483.89,-124139.85,-3405,443224.18,329397.74,11213
10777,2025-01-16,329614.49,245009.74,8499,-97972.9,-21948.4,-76024.5,-1968,427587.39,321034.24,10467
10777,2025-01-17,441784.59,330971.57,12253,-43286.68,-9290.69,-33995.99,-860,485071.27,364967.56,13113
10777,2025-01-18,314892.78,235414.04,10109,-43007.31,-9881.89,-33125.42,-907,357900.09,268539.46,11016
10777,2025-01-19,401544.74,301851.07,12369,-15961.9,-3080.06,-12881.84,-282,417506.64,314732.91,12651
10777,2025-01-20,467775.74,355626.8,12215,-58115.98,-13879.53,-44236.45,-1248,525891.72,399863.25,13463
10777,2025-01-21,308702.68,234217.3,7518,-107304.77,-24352.87,-82951.9,-2135,416007.45,317169.2,9653
10777,2025-01-22,358691.78,270571.25,8893,-73077.67,-16059.97,-57017.7,-1428,431769.45,327588.95,10321
10777,2025-01-23,390341.83,297797.64,9131,-60640.05,-12920.3,-47719.75,-1167,450981.88,345517.39,10298
10777,2025-01-24,409659.4,313096.76,9811,-52660.73,-11677.12,-40983.61,-1065,462320.13,354080.37,10876
10777,2025-01-25,426947.89,316250.92,11586,-50768.64,-11028.25,-39740.39,-990,477716.53,355991.31,12576
10777,2025-01-26,297860.38,218934.23,8314,-16181.14,-3214.61,-12966.53,-293,314041.52,231900.76,8607
10777,2025-01-27,643040.79,494848.94,14297,-44611.74,-10059.64,-34552.1,-853,687652.53,529401.04,15150
10777,2025-01-28,144966.55,115335.58,2983,-135110.54,-31451.04,-103659.5,-2832,280077.09,218995.08,5815
10777,2025-01-29,81363.88,62428.3,2163,-153064.23,-35064.54,-117999.69,-3026,234428.11,180427.99,5189
10777,2025-01-30,331543.54,260907.19,6970,-120349.61,-26551.41,-93798.2,-2228,451893.15,354705.39,9198
10777,2025-01-31,364009.2,289856.27,7477,-156875.57,-37243.09,-119632.48,-3164,520884.77,409488.75,10641
10777,2025-02-01,212528.88,172623.38,4110,-102050.13,-23343.05,-78707.08,-2033,314579.01,251330.46,6143
10777,2025-02-02,254264.25,205589.57,4721,-307.08,-58.76,-248.32,-6,254571.33,205837.89,4727
10777,2025-02-03,303076.75,243961.69,5752,-13670.21,-2918.07,-10752.14,-276,316746.96,254713.83,6028
10777,2025-02-04,256047.1,206621.09,4763,-14175.02,-2861.23,-11313.79,-251,270222.12,217934.88,5014
10777,2025-02-05,346902.76,280734.95,6576,-39853.1,-8959.3,-30893.8,-776,386755.86,311628.75,7352
10777,2025-02-06,314239.15,253382.97,5980,-60365.59,-13433.65,-46931.94,-1128,374604.74,300314.91,7108
10777,2025-02-07,308007.03,247493.09,5721,-52696.91,-12184.04,-40512.87,-1075,360703.94,288005.96,6796
10777,2025-02-08,266439.78,216285.94,4753,-2118.31,-423.25,-1695.06,-39,268558.09,217981,4792
10777,2025-02-09,325190.65,260977.17,6115,-3140.31,-640.52,-2499.79,-55,328330.96,263476.96,6170
10777,2025-02-10,254004.73,205001.59,4587,-49314.37,-11493.53,-37820.84,-1034,303319.1,242822.43,5621
10777,2025-02-11,283159.3,230123.42,4985,-59385.7,-13539.77,-45845.93,-1163,342545,275969.35,6148
10777,2025-02-12,362091.74,287171.82,6948,-29425.87,-6655,-22770.87,-558,391517.61,309942.69,7506
10777,2025-02-13,293375.06,230961.18,5699,-46508.03,-10476.42,-36031.61,-914,339883.09,266992.79,6613
10777,2025-02-14,462731.26,360968.58,9446,-33084.49,-7101.77,-25982.72,-645,495815.75,386951.3,10091
10777,2025-02-15,329221.7,255796.41,6695,-5764.23,-1331.65,-4432.58,-122,334985.93,260228.99,6817
10777,2025-02-16,401827.8,312609.59,8373,,,0,,401827.8,312609.59,8373
10777,2025-02-17,644610.01,502856.41,13198,-10784.8,-2204.35,-8580.45,-194,655394.81,511436.86,13392
10777,2025-02-18,498352.67,387473.26,10316,-38953.04,-8690.88,-30262.16,-733,537305.71,417735.42,11049
10777,2025-02-19,289941.04,225215.83,6151,-41295.83,-8925.19,-32370.64,-755,331236.87,257586.47,6906
10777,2025-02-20,642022.32,512744.82,11979,-14994.85,-2976.44,-12018.41,-268,657017.17,524763.23,12247
10777,2025-02-21,304300.37,248224.33,5539,-21269.42,-5376.68,-15892.74,-465,325569.79,264117.07,6004
10777,2025-02-22,337710.25,276141.69,6096,-4175.72,-979.37,-3196.35,-82,341885.97,279338.04,6178
10777,2025-02-23,278682.03,228120.75,5163,-39516.15,-8483.56,-31032.59,-681,318198.18,259153.34,5844
10777,2025-02-24,566887.27,445026.46,11694,-14799.71,-3026.38,-11773.33,-283,581686.98,456799.79,11977
10777,2025-02-25,556107.83,425269.62,12769,-27851.45,-6138.27,-21713.18,-494,583959.28,446982.8,13263
10777,2025-02-26,689579.16,531959.44,15898,-14064.88,-2998.3,-11066.58,-254,703644.04,543026.02,16152
10777,2025-02-27,694047.08,545919.83,15034,-27844.57,-6300.18,-21544.39,-523,721891.65,567464.22,15557
10777,2025-02-28,448748.77,365497.54,8674,-52925.68,-11824,-41101.68,-1003,501674.45,406599.22,9677
10777,2025-03-01,267897.75,215865.73,5295,-4111.75,-857.22,-3254.53,-61,272009.5,219120.26,5356
10777,2025-03-02,280026.04,227158.5,5406,-44478.37,-10031.61,-34446.76,-829,324504.41,261605.26,6235
10777,2025-03-03,640473.62,518951.91,12330,-12824.46,-2721.29,-10103.17,-239,653298.08,529055.08,12569
10777,2025-03-04,414132.64,335158.2,8287,-18430.41,-3859.19,-14571.22,-355,432563.05,349729.42,8642
10777,2025-03-05,454929.88,359687.3,9300,-15362.53,-2993.26,-12369.27,-259,470292.41,372056.57,9559
10777,2025-03-06,526523.36,413801.67,11055,-14011.15,-2801.31,-11209.84,-262,540534.51,425011.51,11317
10777,2025-03-07,-6144.49,-5671.8,-36,-7072.32,-1455.72,-5616.6,-125,927.83,-55.2,89
10777,2025-03-08,469423.76,369004.69,10068,-6226.65,-1299.62,-4927.03,-110,475650.41,373931.72,10178
10777,2025-03-09,398111.78,318154.99,7668,-30041.39,-7034.31,-23007.08,-556,428153.17,341162.07,8224
10777,2025-03-10,986621.85,781544.32,19882,-21553.42,-4546.57,-17006.85,-393,1008175.27,798551.17,20275
10777,2025-03-11,452580.17,355980.95,9535,-26509.1,-6066.38,-20442.72,-476,479089.27,376423.67,10011
10777,2025-03-12,478054.82,378896.31,9911,-63866.64,-14836.19,-49030.45,-1220,541921.46,427926.76,11131
10777,2025-03-13,317463.92,253678.27,6471,-45000.36,-10825.14,-34175.22,-900,362464.28,287853.49,7371
10777,2025-03-14,436235.26,356137.59,8022,-71093.34,-16465.14,-54628.2,-1382,507328.6,410765.79,9404
10777,2025-03-15,303660.51,248174.95,5368,-31435.55,-7316.56,-24118.99,-587,335096.06,272293.94,5955
10777,2025-03-16,288886.38,236295.45,5274,-43103.33,-10025.36,-33077.97,-798,331989.71,269373.42,6072
10777,2025-03-17,399655.27,325525.23,6917,-13405.08,-2684.66,-10720.42,-233,413060.35,336245.65,7150
10777,2025-03-18,310477.29,250870.17,5643,-56056.31,-12086.63,-43969.68,-972,366533.6,294839.85,6615
10777,2025-03-19,377873.76,306157.43,7001,-74032.51,-16123.13,-57909.38,-1350,451906.27,364066.81,8351
10777,2025-03-20,414163.13,336351.57,7363,-49555.96,-10895.62,-38660.34,-879,463719.09,375011.91,8242
10777,2025-03-21,401515.23,328876.37,6904,-44047.11,-10076.3,-33970.81,-836,445562.34,362847.18,7740
10777,2025-03-22,269237.44,220589.54,4672,-6173.08,-1327.42,-4845.66,-110,275410.52,225435.2,4782
10777,2025-03-23,313146.1,256482.03,5437,-38147.02,-9041.55,-29105.47,-758,351293.12,285587.5,6195
10777,2025-03-24,284139.43,229947.09,5089,-11123.34,-2184.92,-8938.42,-223,295262.77,238885.51,5312
10777,2025-03-25,303118.3,245699.56,5540,-13096.06,-2589.22,-10506.84,-236,316214.36,256206.4,5776
10777,2025-03-26,451276.27,367858.55,8317,-14317.24,-3008.4,-11308.84,-257,465593.51,379167.39,8574
10777,2025-03-27,368627.64,299655.1,7121,-77609.68,-17952.23,-59657.45,-1501,446237.32,359312.55,8622
10777,2025-03-28,412773.79,333681.88,7986,-33468.57,-7130.97,-26337.6,-576,446242.36,360019.48,8562
10777,2025-03-29,264524.27,214526.4,4986,-7448.14,-1482.13,-5966.01,-130,271972.41,220492.41,5116
10777,2025-03-30,337322.46,273023.25,6401,-398.83,-67.73,-331.1,-5,337721.29,273354.35,6406
10777,2025-03-31,399053.69,322514.08,7529,-20179.37,-3982.27,-16197.1,-355,419233.06,338711.18,7884
10777,2025-04-01,246535.79,200180.71,4763,-55587.09,-11821.86,-43765.23,-965,302122.88,243945.94,5728
10777,2025-04-02,488343.16,395018.41,9534,-44608.11,-9189.03,-35419.08,-745,532951.27,430437.49,10279
10777,2025-04-03,327159.3,266380.29,6298,-68652.96,-15064.13,-53588.83,-1262,395812.26,319969.12,7560
10777,2025-04-04,299439.49,245614.38,5487,-58624.38,-12670.49,-45953.89,-1048,358063.87,291568.27,6535
10777,2025-04-05,191180.83,156347.43,3559,-4715.48,-888.95,-3826.53,-66,195896.31,160173.96,3625
10777,2025-04-06,195704.79,160615.05,3637,-34567.47,-7328.18,-27239.29,-575,230272.26,187854.34,4212
10777,2025-04-07,435462.48,356024.31,7826,-29140.39,-6119.54,-23020.85,-528,464602.87,379045.16,8354
10777,2025-04-08,258702.33,213405.13,4741,-59037.33,-12850.75,-46186.58,-1071,317739.66,259591.71,5812
10777,2025-04-09,240639.48,197319.83,4503,-39403.85,-8152.33,-31251.52,-657,280043.33,228571.35,5160
10777,2025-04-10,386116.82,295946.01,9620,-46334.18,-9356.26,-36977.92,-769,432451,332923.93,10389
10777,2025-04-11,451081.38,333818.52,13117,-81081.92,-16144.52,-64937.4,-1327,532163.3,398755.92,14444
10777,2025-04-12,205796.01,154546.21,5816,-465.14,-100.9,-364.24,-10,206261.15,154910.45,5826
10777,2025-04-13,328287.07,250438.65,8727,,,0,,328287.07,250438.65,8727
10777,2025-04-14,803685.39,634421.42,16466,-12829.92,-2645.71,-10184.21,-249,816515.31,644605.63,16715
10777,2025-04-15,313626.62,251343.68,6139,-10926.59,-2205.59,-8721,-194,324553.21,260064.68,6333
10777,2025-04-16,299505.29,233271.31,6541,-35622.05,-6935.73,-28686.32,-609,335127.34,261957.63,7150
10777,2025-04-17,363070.48,280445.18,7978,-42210.08,-8035.28,-34174.8,-652,405280.56,314619.98,8630
10777,2025-04-18,518388.17,402855.88,11059,-28856.81,-5789.28,-23067.53,-486,547244.98,425923.41,11545
10777,2025-04-19,228789.18,176704.01,5044,-6508.19,-1175.14,-5333.05,-91,235297.37,182037.06,5135
10777,2025-04-20,267920.33,208473.99,5793,-24544.16,-5612.26,-18931.9,-460,292464.49,227405.89,6253
10777,2025-04-21,507866.43,396362.94,10687,-35087.92,-7312.6,-27775.32,-614,542954.35,424138.26,11301
10777,2025-04-22,504778.45,395897.54,10523,-32594.52,-6628.58,-25965.94,-580,537372.97,421863.48,11103
10777,2025-04-23,342631.62,268301.24,7584,-27900.18,-5515.46,-22384.72,-466,370531.8,290685.96,8050
10777,2025-04-24,367809.76,292688.81,7285,-31052.8,-6276.69,-24776.11,-586,398862.56,317464.92,7871
10777,2025-04-25,326318.93,267896.24,5815,-12278.93,-2438.86,-9840.07,-212,338597.86,277736.31,6027
10777,2025-04-26,148441.31,121757.83,2713,-2843.27,-585.92,-2257.35,-56,151284.58,124015.18,2769
10777,2025-04-27,257872.05,212414.75,4472,-822.2,-197.46,-624.74,-11,258694.25,213039.49,4483
10777,2025-04-28,320065.16,263855.7,5651,-26162.75,-5330,-20832.75,-444,346227.91,284688.45,6095
10777,2025-04-29,274394.63,226501.93,4704,-7783.46,-1533.17,-6250.29,-142,282178.09,232752.22,4846
10777,2025-04-30,192008.4,156860.58,3537,-31968.01,-6938.35,-25029.66,-568,223976.41,181890.24,4105
10777,2025-05-01,234064.77,193366.73,4378,-82107.66,-17114.75,-64992.91,-1427,316172.43,258359.64,5805
10777,2025-05-02,320042.64,264832.89,5733,-77001.78,-16904.78,-60097,-1373,397044.42,324929.89,7106
10777,2025-05-03,260376.19,215918.84,4411,-11982.33,-2611.78,-9370.55,-215,272358.52,225289.39,4626
10777,2025-05-04,290720.96,240928.07,5002,-24734.84,-5390.98,-19343.86,-430,315455.8,260271.93,5432
10777,2025-05-05,390068.91,321680.84,6871,-10385.27,-2006.86,-8378.41,-193,400454.18,330059.25,7064
10777,2025-05-06,283966.69,232637.66,5129,-10154.71,-2055.71,-8099,-184,294121.4,240736.66,5313
10777,2025-05-07,269757.99,219354.42,5554,-44472.07,-9916.26,-34555.81,-807,314230.06,253910.23,6361
10777,2025-05-08,296646.81,238077.08,7356,-58077.21,-12462.73,-45614.48,-1070,354724.02,283691.56,8426
10777,2025-05-09,472613,383615.59,10469,-40790.01,-8465.78,-32324.23,-716,513403.01,415939.82,11185
10777,2025-05-10,248675.1,203299.52,4938,-4625.39,-877.83,-3747.56,-80,253300.49,207047.08,5018
10777,2025-05-11,233709.47,192964.6,4110,,,0,,233709.47,192964.6,4110
10777,2025-05-12,281643.56,231960.54,5222,-48152.26,-10525.46,-37626.8,-912,329795.82,269587.34,6134
10777,2025-05-13,196952,165447.36,3540,-55564.43,-13227.92,-42336.51,-1137,252516.43,207783.87,4677
10777,2025-05-14,337158.33,279295.38,6099,-35220.71,-7681.43,-27539.28,-654,372379.04,306834.66,6753
10777,2025-05-15,250393.02,209182.65,4376,-34105.17,-7133.64,-26971.53,-595,284498.19,236154.18,4971
10777,2025-05-16,291251.5,243761.26,4939,-22109.8,-4996.85,-17112.95,-429,313361.3,260874.21,5368
10777,2025-05-17,206909.65,172533.51,3534,-389.78,-61.85,-327.93,-7,207299.43,172861.44,3541
10777,2025-05-18,-20.26,-15.76,-1,-20.26,-4.5,-15.76,-1,,0,
10777,2025-05-19,590724.2,492751.22,10012,-13996.59,-2563.57,-11433.02,-243,604720.79,504184.24,10255
10777,2025-05-20,275265.44,228873.03,4827,-38532.32,-8097.54,-30434.78,-681,313797.76,259307.81,5508
10777,2025-05-21,275680.86,227778.8,5046,-32343.26,-6236.99,-26106.27,-515,308024.12,253885.07,5561
10777,2025-05-22,374397.08,304862.28,7308,-18395.66,-3494.65,-14901.01,-322,392792.74,319763.29,7630
10777,2025-05-23,359770.86,292477.25,7074,-18427.22,-3746.21,-14681.01,-348,378198.08,307158.26,7422
10777,2025-05-24,203573.15,164948.46,4113,-13343.05,-2514.17,-10828.88,-214,216916.2,175777.34,4327
10777,2025-05-25,190940.61,155367.17,3886,,,0,,190940.61,155367.17,3886
10777,2025-05-26,331325.89,270359.86,6448,-45860.27,-9020.37,-36839.9,-786,377186.16,307199.76,7234
10777,2025-05-27,694170.63,565091.47,13308,-6027.85,-1125.24,-4902.61,-105,700198.48,569994.08,13413
10777,2025-05-28,754710.39,617946.19,13917,-31382.26,-5939.47,-25442.79,-545,786092.65,643388.98,14462
10777,2025-05-29,362171.07,297647.47,6662,-5241.05,-920.32,-4320.73,-98,367412.12,301968.2,6760
10777,2025-05-30,367972.66,307578.75,6514,-37645.23,-7100.74,-30544.49,-584,405617.89,338123.24,7098
10777,2025-05-31,204357.31,170287.44,3632,-3501.36,-599.93,-2901.43,-54,207858.67,173188.87,3686
10777,2025-06-01,170702.9,142353.61,3046,-3134.14,-556.13,-2578.01,-49,173837.04,144931.62,3095
10777,2025-06-02,353431.29,295414.76,6132,-8284.11,-1560.17,-6723.94,-152,361715.4,302138.7,6284
10777,2025-06-03,228215.79,190674.91,3997,-13504.44,-2370.38,-11134.06,-225,241720.23,201808.97,4222
10777,2025-06-04,245091.85,205054.92,4336,-13799.94,-2438.84,-11361.1,-221,258891.79,216416.02,4557
10777,2025-06-05,297184.53,247809.84,5270,-33084.3,-6396.15,-26688.15,-575,330268.83,274497.99,5845
10777,2025-06-06,295868.57,247715.92,5416,-38389.35,-7635.37,-30753.98,-667,334257.92,278469.9,6083
10777,2025-06-07,222751.18,185610.05,3934,-6948.58,-1260.54,-5688.04,-108,229699.76,191298.09,4042
10777,2025-06-08,230221.26,192588.63,3985,-36181.54,-7134.11,-29047.43,-609,266402.8,221636.06,4594
10777,2025-06-09,377846.65,316053.57,6684,-30878.3,-6290.21,-24588.09,-546,408724.95,340641.66,7230
10777,2025-06-10,231045.54,182674.59,5181,-42067.96,-7725.26,-34342.7,-667,273113.5,217017.29,5848
10777,2025-06-11,330962.77,263056.14,7058,-33375.32,-6180.87,-27194.45,-594,364338.09,290250.59,7652
10777,2025-06-12,406176.68,314214.95,9252,-29759.55,-5930.34,-23829.21,-527,435936.23,338044.16,9779
10777,2025-06-13,470570.43,365716.7,10149,-27624.38,-5236.13,-22388.25,-468,498194.81,388104.95,10617
10777,2025-06-14,415975.14,329404.02,8451,-4824.97,-839.75,-3985.22,-80,420800.11,333389.24,8531
10777,2025-06-15,276631.12,226683.86,4690,-95,-36.55,-58.45,-4,276726.12,226742.31,4694
10777,2025-06-16,560108.76,462374.08,9513,-8939.09,-1690.37,-7248.72,-164,569047.85,469622.8,9677
10777,2025-06-17,213229.12,178996.77,3683,-36145.21,-6676.84,-29468.37,-625,249374.33,208465.14,4308
10777,2025-06-18,307336.44,257683.13,5402,-40126.34,-7443.4,-32682.94,-674,347462.78,290366.07,6076
10777,2025-06-19,251617.35,210094.97,4487,-40154.22,-6929,-33225.22,-593,291771.57,243320.19,5080
10777,2025-06-20,273682.4,231672.13,4785,-81401.86,-15524.83,-65877.03,-1415,355084.26,297549.16,6200
10777,2025-06-21,166712.55,140803.38,2901,-43033.29,-7958.81,-35074.48,-678,209745.84,175877.86,3579
10777,2025-06-22,236199.53,197966.1,4183,-20345.34,-3650.72,-16694.62,-318,256544.87,214660.72,4501
10777,2025-06-23,305549.18,255910.53,5481,-8048.5,-1412.66,-6635.84,-136,313597.68,262546.37,5617
10777,2025-06-24,229747.71,192456.52,4212,-36377.3,-6918.73,-29458.57,-567,266125.01,221915.09,4779
10777,2025-06-25,275576.9,234195.47,4682,-61481.08,-11034.75,-50446.33,-947,337057.98,284641.8,5629
10777,2025-06-26,259805.92,218910.64,4807,-43975.8,-7530.72,-36445.08,-697,303781.72,255355.72,5504
10777,2025-06-27,283817.55,238599.36,5085,-36527.36,-6729.7,-29797.66,-589,320344.91,268397.02,5674
10777,2025-06-28,291969.3,240514.54,5513,-2861.09,-558.23,-2302.86,-56,294830.39,242817.4,5569
10777,2025-06-29,240018.3,194798.4,4866,-790.5,-105.68,-684.82,-10,240808.8,195483.22,4876
10777,2025-06-30,638824.57,519676.26,12632,-8878.85,-1443.36,-7435.49,-156,647703.42,527111.75,12788
10777,2025-07-01,338241.13,274991.84,6841,-9504.66,-1617.4,-7887.26,-157,347745.79,282879.1,6998
10777,2025-07-02,428897.03,347682.68,8824,-51999.57,-9770.85,-42228.72,-887,480896.6,389911.4,9711
10777,2025-07-03,361555.88,292216.49,7415,-32958.53,-5718.62,-27239.91,-527,394514.41,319456.4,7942
10777,2025-07-04,438954.77,354413.95,8968,-37087.47,-6846.77,-30240.7,-604,476042.24,384654.65,9572
10777,2025-07-05,432426.38,349001.46,8532,-1649.2,-247.78,-1401.42,-27,434075.58,350402.88,8559
10777,2025-07-06,268671.12,217680.76,5362,-1870.34,-278.27,-1592.07,-25,270541.46,219272.83,5387
10777,2025-07-07,579804.66,472952.32,11102,-24144.39,-4476.64,-19667.75,-427,603949.05,492620.07,11529
10777,2025-07-08,203703.24,169794.27,3656,-36673.41,-6400.45,-30272.96,-585,240376.65,200067.23,4241
10777,2025-07-09,256419.83,212934.11,4636,-24665.81,-4318.01,-20347.8,-395,281085.64,233281.91,5031
10777,2025-07-10,234279.17,197028.28,4199,-42383.59,-7544.33,-34839.26,-629,276662.76,231867.54,4828
10777,2025-07-11,334901.45,274488.87,7810,-35304.29,-6103.88,-29200.41,-585,370205.74,303689.28,8395
10777,2025-07-12,195902.89,158853.07,4824,-2579.07,-476.73,-2102.34,-48,198481.96,160955.41,4872
10777,2025-07-13,205065.79,164303.3,6020,-220.85,-33.62,-187.23,-6,205286.64,164490.53,6026
10777,2025-07-14,769291.06,628372.86,17276,-8290.49,-1470.28,-6820.21,-149,777581.55,635193.07,17425
10777,2025-07-15,393357.84,310565.47,8960,-25095.91,-4730.37,-20365.54,-428,418453.75,330931.01,9388
10777,2025-07-16,406025.14,307480.39,10917,-61562.4,-11628.8,-49933.6,-1055,467587.54,357413.99,11972
10777,2025-07-17,405178.17,307294.39,10855,-29287.02,-5123.61,-24163.41,-497,434465.19,331457.8,11352
10777,2025-07-18,698176.91,526303.73,19087,-7217.22,-1320.39,-5896.83,-127,705394.13,532200.56,19214
10777,2025-07-19,449137.01,334828.28,12395,-2397.32,-387.29,-2010.03,-40,451534.33,336838.31,12435
10777,2025-07-20,336526.52,255750.21,8533,-6997.69,-1168.73,-5828.96,-118,343524.21,261579.17,8651
10777,2025-07-21,637038.33,482676.68,15929,-23380.79,-4483.04,-18897.75,-426,660419.12,501574.43,16355
10777,2025-07-22,577679.3,443100.81,14075,-23780.04,-4548.5,-19231.54,-425,601459.34,462332.35,14500
10777,2025-07-23,326082.82,249228.36,8100,-9388.77,-1635.71,-7753.06,-164,335471.59,256981.42,8264
10777,2025-07-24,535379.36,411462.24,13073,-22061.61,-3941.21,-18120.4,-375,557440.97,429582.64,13448
10777,2025-07-25,543531.25,413476.82,13935,-9030.73,-1789.32,-7241.41,-179,552561.98,420718.23,14114
10777,2025-07-26,514116.61,395611.16,12349,-1539.12,-283.14,-1255.98,-33,515655.73,396867.14,12382
10777,2025-07-27,409834.75,319276.59,9718,-1455.76,-250.39,-1205.37,-30,411290.51,320481.96,9748
