date,platform,users
2023-01-29,web,9665
2023-01-29,iOS,1076
2023-01-29,Android,103
2023-01-30,web,8534
2023-01-30,iOS,950
2023-01-30,Android,112
2023-01-31,web,9021
2023-01-31,iOS,912
2023-01-31,Android,109
2023-02-01,web,9196
2023-02-01,iOS,833
2023-02-01,Android,96
2023-02-02,web,10854
2023-02-02,iOS,948
2023-02-02,Android,95
2023-02-03,web,10683
2023-02-03,iOS,1019
2023-02-03,Android,117
2023-02-04,web,10465
2023-02-04,iOS,1078
2023-02-04,Android,119
2023-02-05,web,11387
2023-02-05,iOS,1068
2023-02-05,Android,130
2023-02-06,web,9652
2023-02-06,iOS,873
2023-02-06,Android,119
2023-02-07,web,10076
2023-02-07,iOS,930
2023-02-07,Android,107
2023-02-08,web,10467
2023-02-08,iOS,850
2023-02-08,Android,92
2023-02-09,web,10299
2023-02-09,iOS,928
2023-02-09,Android,90
2023-02-10,web,9494
2023-02-10,iOS,922
2023-02-10,Android,114
2023-02-11,web,10115
2023-02-11,iOS,1018
2023-02-11,Android,98
2023-02-12,web,9418
2023-02-12,iOS,1057
2023-02-12,Android,115
2023-02-13,web,8592
2023-02-13,iOS,977
2023-02-13,Android,123
2023-02-14,web,9028
2023-02-14,iOS,955
2023-02-14,Android,127
2023-02-15,web,10002
2023-02-15,iOS,885
2023-02-15,Android,169
2023-02-16,web,10733
2023-02-16,iOS,1032
2023-02-16,Android,160
2023-02-17,web,10901
2023-02-17,iOS,1010
2023-02-17,Android,145
2023-02-18,web,11758
2023-02-18,iOS,1057
2023-02-18,Android,174
2023-02-19,web,13364
2023-02-19,iOS,1123
2023-02-19,Android,189
2023-02-20,web,11807
2023-02-20,iOS,1064
2023-02-20,Android,189
2023-02-21,web,10171
2023-02-21,iOS,907
2023-02-21,Android,174
2023-02-22,web,11924
2023-02-22,iOS,1156
2023-02-22,Android,227
2023-02-23,web,11700
2023-02-23,iOS,1101
2023-02-23,Android,217
2023-02-24,web,11221
2023-02-24,iOS,1069
2023-02-24,Android,182
2023-02-25,web,11207
2023-02-25,iOS,1051
2023-02-25,Android,175
2023-02-26,web,11706
2023-02-26,iOS,1111
2023-02-26,Android,159
2023-02-27,web,10234
2023-02-27,iOS,922
2023-02-27,Android,163
2023-02-28,web,9708
2023-02-28,iOS,854
2023-02-28,Android,174
2023-03-01,web,9741
2023-03-01,iOS,872
2023-03-01,Android,180
2023-03-02,web,8907
2023-03-02,iOS,883
2023-03-02,Android,145
2023-03-03,web,12031
2023-03-03,iOS,887
2023-03-03,Android,171
2023-03-04,web,11409
2023-03-04,iOS,923
2023-03-04,Android,173
2023-03-05,web,10700
2023-03-05,iOS,979
2023-03-05,Android,177
2023-03-06,web,8663
2023-03-06,iOS,781
2023-03-06,Android,128
2023-03-07,web,8749
2023-03-07,iOS,766
2023-03-07,Android,118
2023-03-08,web,10952
2023-03-08,iOS,1054
2023-03-08,Android,166
2023-03-09,web,10371
2023-03-09,iOS,1027
2023-03-09,Android,155
2023-03-10,web,10107
2023-03-10,iOS,942
2023-03-10,Android,182
2023-03-11,web,10268
2023-03-11,iOS,1016
2023-03-11,Android,167
2023-03-12,web,10488
2023-03-12,iOS,990
2023-03-12,Android,167
2023-03-13,web,9012
2023-03-13,iOS,893
2023-03-13,Android,156
2023-03-14,web,9421
2023-03-14,iOS,882
2023-03-14,Android,140
2023-03-15,web,10052
2023-03-15,iOS,890
2023-03-15,Android,155
2023-03-16,web,8017
2023-03-16,iOS,864
2023-03-16,Android,160
2023-03-17,web,8236
2023-03-17,iOS,816
2023-03-17,Android,127
2023-03-18,web,10424
2023-03-18,iOS,946
2023-03-18,Android,154
2023-03-19,web,11297
2023-03-19,iOS,1088
2023-03-19,Android,151
2023-03-20,web,8029
2023-03-20,iOS,755
2023-03-20,Android,100
2023-03-21,web,9025
2023-03-21,iOS,880
2023-03-21,Android,163
2023-03-22,web,12181
2023-03-22,iOS,882
2023-03-22,Android,160
2023-03-23,web,12714
2023-03-23,iOS,1095
2023-03-23,Android,193
2023-03-24,web,11233
2023-03-24,iOS,960
2023-03-24,Android,162
2023-03-25,web,8856
2023-03-25,iOS,1009
2023-03-25,Android,157
2023-03-26,web,12301
2023-03-26,iOS,1168
2023-03-26,Android,172
2023-03-27,web,11678
2023-03-27,iOS,973
2023-03-27,Android,138
2023-03-28,web,10971
2023-03-28,iOS,893
2023-03-28,Android,132
2023-03-29,web,8845
2023-03-29,iOS,901
2023-03-29,Android,135
2023-03-30,web,8343
2023-03-30,iOS,899
2023-03-30,Android,135
2023-03-31,web,13194
2023-03-31,iOS,1054
2023-03-31,Android,158
2023-04-01,web,11085
2023-04-01,iOS,1056
2023-04-01,Android,194
2023-04-02,web,9512
2023-04-02,iOS,975
2023-04-02,Android,141
2023-04-03,web,7941
2023-04-03,iOS,876
2023-04-03,Android,123
2023-04-04,web,7869
2023-04-04,iOS,844
2023-04-04,Android,114
2023-04-05,web,8976
2023-04-05,iOS,954
2023-04-05,Android,158
2023-04-06,web,8772
2023-04-06,iOS,1080
2023-04-06,Android,158
2023-04-07,web,8995
2023-04-07,iOS,1022
2023-04-07,Android,187
2023-04-08,web,8135
2023-04-08,iOS,938
2023-04-08,Android,150
2023-04-09,web,9532
2023-04-09,iOS,961
2023-04-09,Android,143
2023-04-10,web,9303
2023-04-10,iOS,1033
2023-04-10,Android,131
2023-04-11,web,7753
2023-04-11,iOS,933
2023-04-11,Android,147
2023-04-12,web,8086
2023-04-12,iOS,896
2023-04-12,Android,143
2023-04-13,web,8089
2023-04-13,iOS,822
2023-04-13,Android,123
2023-04-14,web,8315
2023-04-14,iOS,867
2023-04-14,Android,122
2023-04-15,web,8117
2023-04-15,iOS,899
2023-04-15,Android,122
2023-04-16,web,9113
2023-04-16,iOS,973
2023-04-16,Android,135
2023-04-17,web,8962
2023-04-17,iOS,927
2023-04-17,Android,127
2023-04-18,web,8084
2023-04-18,iOS,864
2023-04-18,Android,116
2023-04-19,web,6900
2023-04-19,iOS,719
2023-04-19,Android,105
2023-04-20,web,11305
2023-04-20,iOS,1062
2023-04-20,Android,127
2023-04-21,web,11020
2023-04-21,iOS,968
2023-04-21,Android,134
2023-04-22,web,10363
2023-04-22,iOS,1035
2023-04-22,Android,170
2023-04-23,web,10616
2023-04-23,iOS,1012
2023-04-23,Android,145
2023-04-24,web,11235
2023-04-24,iOS,937
2023-04-24,Android,150
2023-04-25,web,9806
2023-04-25,iOS,834
2023-04-25,Android,119
2023-04-26,web,9243
2023-04-26,iOS,875
2023-04-26,Android,100
2023-04-27,web,10496
2023-04-27,iOS,866
2023-04-27,Android,131
2023-04-28,web,9381
2023-04-28,iOS,841
2023-04-28,Android,122
2023-04-29,web,8634
2023-04-29,iOS,943
2023-04-29,Android,119
2023-04-30,web,9386
2023-04-30,iOS,1014
2023-04-30,Android,147
2023-05-01,web,8040
2023-05-01,iOS,839
2023-05-01,Android,83
2023-05-02,web,7170
2023-05-02,iOS,768
2023-05-02,Android,136
2023-05-03,web,7323
2023-05-03,iOS,741
2023-05-03,Android,142
2023-05-04,web,11622
2023-05-04,iOS,922
2023-05-04,Android,151
2023-05-05,web,9726
2023-05-05,iOS,859
2023-05-05,Android,154
2023-05-06,web,6550
2023-05-06,iOS,769
2023-05-06,Android,142
2023-05-07,web,7773
2023-05-07,iOS,834
2023-05-07,Android,166
2023-05-08,web,7142
2023-05-08,iOS,716
2023-05-08,Android,134
2023-05-09,web,6673
2023-05-09,iOS,739
2023-05-09,Android,115
2023-05-10,web,7338
2023-05-10,iOS,751
2023-05-10,Android,128
2023-05-11,web,7385
2023-05-11,iOS,769
2023-05-11,Android,127
2023-05-12,web,9012
2023-05-12,iOS,778
2023-05-12,Android,118
2023-05-13,web,8642
2023-05-13,iOS,788
2023-05-13,Android,135
2023-05-14,web,8487
2023-05-14,iOS,885
2023-05-14,Android,133
2023-05-15,web,8050
2023-05-15,iOS,791
2023-05-15,Android,138
2023-05-16,web,8282
2023-05-16,iOS,805
2023-05-16,Android,132
2023-05-17,web,8370
2023-05-17,iOS,780
2023-05-17,Android,155
2023-05-18,web,8474
2023-05-18,iOS,892
2023-05-18,Android,167
2023-05-19,web,8811
2023-05-19,iOS,851
2023-05-19,Android,145
2023-05-20,web,7750
2023-05-20,iOS,912
2023-05-20,Android,144
2023-05-21,web,8392
2023-05-21,iOS,920
2023-05-21,Android,127
2023-05-22,web,8407
2023-05-22,iOS,813
2023-05-22,Android,141
2023-05-23,web,7815
2023-05-23,iOS,772
2023-05-23,Android,157
2023-05-24,web,9947
2023-05-24,iOS,1000
2023-05-24,Android,185
2023-05-25,web,13523
2023-05-25,iOS,1177
2023-05-25,Android,183
2023-05-26,web,11513
2023-05-26,iOS,1042
2023-05-26,Android,197
2023-05-27,web,10973
2023-05-27,iOS,1082
2023-05-27,Android,192
2023-05-28,web,10633
2023-05-28,iOS,1041
2023-05-28,Android,165
2023-05-29,web,11843
2023-05-29,iOS,1156
2023-05-29,Android,158
2023-05-30,web,10511
2023-05-30,iOS,950
2023-05-30,Android,145
2023-05-31,web,10602
2023-05-31,iOS,985
2023-05-31,Android,189
2023-06-01,web,7693
2023-06-01,iOS,819
2023-06-01,Android,125
2023-06-02,web,7099
2023-06-02,iOS,864
2023-06-02,Android,131
2023-06-03,web,7928
2023-06-03,iOS,882
2023-06-03,Android,131
2023-06-04,web,8247
2023-06-04,iOS,915
2023-06-04,Android,147
2023-06-05,web,10013
2023-06-05,iOS,1031
2023-06-05,Android,159
2023-06-06,web,9374
2023-06-06,iOS,963
2023-06-06,Android,176
2023-06-07,web,9480
2023-06-07,iOS,984
2023-06-07,Android,138
2023-06-08,web,8211
2023-06-08,iOS,890
2023-06-08,Android,139
2023-06-09,web,7079
2023-06-09,iOS,814
2023-06-09,Android,116
2023-06-10,web,6880
2023-06-10,iOS,829
2023-06-10,Android,120
2023-06-11,web,8565
2023-06-11,iOS,951
2023-06-11,Android,143
2023-06-12,web,7855
2023-06-12,iOS,839
2023-06-12,Android,124
2023-06-13,web,7662
2023-06-13,iOS,896
2023-06-13,Android,134
2023-06-14,web,8186
2023-06-14,iOS,884
2023-06-14,Android,143
2023-06-15,web,8683
2023-06-15,iOS,1024
2023-06-15,Android,146
2023-06-16,web,7697
2023-06-16,iOS,900
2023-06-16,Android,140
2023-06-17,web,8578
2023-06-17,iOS,939
2023-06-17,Android,117
2023-06-18,web,9516
2023-06-18,iOS,1056
2023-06-18,Android,112
2023-06-19,web,7541
2023-06-19,iOS,863
2023-06-19,Android,115
2023-06-20,web,7478
2023-06-20,iOS,852
2023-06-20,Android,125
2023-06-21,web,7337
2023-06-21,iOS,883
2023-06-21,Android,105
2023-06-22,web,7464
2023-06-22,iOS,853
2023-06-22,Android,117
2023-06-23,web,7656
2023-06-23,iOS,826
2023-06-23,Android,98
2023-06-24,web,6895
2023-06-24,iOS,839
2023-06-24,Android,120
2023-06-25,web,7571
2023-06-25,iOS,874
2023-06-25,Android,120
2023-06-26,web,7881
2023-06-26,iOS,943
2023-06-26,Android,139
2023-06-27,web,10887
2023-06-27,iOS,1223
2023-06-27,Android,151
2023-06-28,web,10126
2023-06-28,iOS,1206
2023-06-28,Android,158
2023-06-29,web,11449
2023-06-29,iOS,1255
2023-06-29,Android,144
2023-06-30,web,10891
2023-06-30,iOS,1169
2023-06-30,Android,150
2023-07-01,web,11431
2023-07-01,iOS,1098
2023-07-01,Android,146
2023-07-02,web,11437
2023-07-02,iOS,1216
2023-07-02,Android,149
2023-07-03,web,9618
2023-07-03,iOS,1191
2023-07-03,Android,144
2023-07-04,web,10143
2023-07-04,iOS,1086
2023-07-04,Android,152
2023-07-05,web,9511
2023-07-05,iOS,1147
2023-07-05,Android,128
2023-07-06,web,8009
2023-07-06,iOS,984
2023-07-06,Android,130
2023-07-07,web,7147
2023-07-07,iOS,923
2023-07-07,Android,123
2023-07-08,web,8038
2023-07-08,iOS,984
2023-07-08,Android,121
2023-07-09,web,8919
2023-07-09,iOS,1095
2023-07-09,Android,147
2023-07-10,web,7954
2023-07-10,iOS,1055
2023-07-10,Android,127
2023-07-11,web,10113
2023-07-11,iOS,1303
2023-07-11,Android,137
2023-07-12,web,10881
2023-07-12,iOS,1318
2023-07-12,Android,157
2023-07-13,web,13516
2023-07-13,iOS,1587
2023-07-13,Android,146
2023-07-14,web,12299
2023-07-14,iOS,1542
2023-07-14,Android,161
2023-07-15,web,11887
2023-07-15,iOS,1410
2023-07-15,Android,152
2023-07-16,web,13717
2023-07-16,iOS,1705
2023-07-16,Android,149
2023-07-17,web,12381
2023-07-17,iOS,1616
2023-07-17,Android,157
2023-07-18,web,11934
2023-07-18,iOS,1564
2023-07-18,Android,181
2023-07-19,web,11826
2023-07-19,iOS,1662
2023-07-19,Android,157
2023-07-20,web,12222
2023-07-20,iOS,1466
2023-07-20,Android,134
2023-07-21,web,10294
2023-07-21,iOS,1463
2023-07-21,Android,153
2023-07-22,web,9850
2023-07-22,iOS,1375
2023-07-22,Android,135
2023-07-23,web,10593
2023-07-23,iOS,1535
2023-07-23,Android,146
2023-07-24,web,11367
2023-07-24,iOS,1572
2023-07-24,Android,164
2023-07-25,web,10528
2023-07-25,iOS,1581
2023-07-25,Android,147
2023-07-26,web,11361
2023-07-26,iOS,1568
2023-07-26,Android,138
2023-07-27,web,11988
2023-07-27,iOS,1612
2023-07-27,Android,155
2023-07-28,web,11447
2023-07-28,iOS,1440
2023-07-28,Android,152
2023-07-29,web,12465
2023-07-29,iOS,1480
2023-07-29,Android,154
2023-07-30,web,13049
2023-07-30,iOS,1675
2023-07-30,Android,135
2023-07-31,web,11217
2023-07-31,iOS,1617
2023-07-31,Android,133
2023-08-01,web,10371
2023-08-01,iOS,1519
2023-08-01,Android,142
2023-08-02,web,11166
2023-08-02,iOS,1557
2023-08-02,Android,153
2023-08-03,web,11542
2023-08-03,iOS,1646
2023-08-03,Android,147
2023-08-04,web,10408
2023-08-04,iOS,1482
2023-08-04,Android,144
2023-08-05,web,10219
2023-08-05,iOS,1442
2023-08-05,Android,139
2023-08-06,web,10725
2023-08-06,iOS,1527
2023-08-06,Android,159
2023-08-07,web,10551
2023-08-07,iOS,1529
2023-08-07,Android,127
2023-08-08,web,11132
2023-08-08,iOS,1471
2023-08-08,Android,150
2023-08-09,web,10977
2023-08-09,iOS,1492
2023-08-09,Android,145
2023-08-10,web,10137
2023-08-10,iOS,1354
2023-08-10,Android,146
2023-08-11,web,9315
2023-08-11,iOS,1402
2023-08-11,Android,151
2023-08-12,web,9427
2023-08-12,iOS,1370
2023-08-12,Android,134
2023-08-13,web,9779
2023-08-13,iOS,1454
2023-08-13,Android,151
2023-08-14,web,14885
2023-08-14,iOS,1641
2023-08-14,Android,201
2023-08-15,web,15997
2023-08-15,iOS,1746
2023-08-15,Android,218
2023-08-16,web,15199
2023-08-16,iOS,1624
2023-08-16,Android,166
2023-08-17,web,10028
2023-08-17,iOS,1324
2023-08-17,Android,159
2023-08-18,web,9817
2023-08-18,iOS,1220
2023-08-18,Android,160
2023-08-19,web,10211
2023-08-19,iOS,1371
2023-08-19,Android,158
2023-08-20,web,10746
2023-08-20,iOS,1513
2023-08-20,Android,176
2023-08-21,web,9837
2023-08-21,iOS,1249
2023-08-21,Android,139
2023-08-22,web,9505
2023-08-22,iOS,1207
2023-08-22,Android,161
2023-08-23,web,9912
2023-08-23,iOS,1260
2023-08-23,Android,156
2023-08-24,web,11405
2023-08-24,iOS,1308
2023-08-24,Android,197
2023-08-25,web,10616
2023-08-25,iOS,1219
2023-08-25,Android,190
2023-08-26,web,10520
2023-08-26,iOS,1341
2023-08-26,Android,219
2023-08-27,web,9381
2023-08-27,iOS,1310
2023-08-27,Android,176
2023-08-28,web,8605
2023-08-28,iOS,1135
2023-08-28,Android,165
2023-08-29,web,12572
2023-08-29,iOS,1562
2023-08-29,Android,214
2023-08-30,web,11743
2023-08-30,iOS,1445
2023-08-30,Android,201
2023-08-31,web,11512
2023-08-31,iOS,1508
2023-08-31,Android,189
2023-09-01,web,10810
2023-09-01,iOS,1498
2023-09-01,Android,200
2023-09-02,web,11083
2023-09-02,iOS,1616
2023-09-02,Android,205
2023-09-03,web,12889
2023-09-03,iOS,1690
2023-09-03,Android,200
2023-09-04,web,13846
2023-09-04,iOS,1724
2023-09-04,Android,228
2023-09-05,web,10918
2023-09-05,iOS,1240
2023-09-05,Android,169
2023-09-06,web,10901
2023-09-06,iOS,1073
2023-09-06,Android,145
2023-09-07,web,9236
2023-09-07,iOS,1114
2023-09-07,Android,169
2023-09-08,web,9507
2023-09-08,iOS,1067
2023-09-08,Android,147
2023-09-09,web,9122
2023-09-09,iOS,1283
2023-09-09,Android,153
2023-09-10,web,9945
2023-09-10,iOS,1341
2023-09-10,Android,151
2023-09-11,web,9115
2023-09-11,iOS,1261
2023-09-11,Android,136
2023-09-12,web,11271
2023-09-12,iOS,1473
2023-09-12,Android,150
2023-09-13,web,11603
2023-09-13,iOS,1516
2023-09-13,Android,188
2023-09-14,web,9774
2023-09-14,iOS,1235
2023-09-14,Android,128
2023-09-15,web,9234
2023-09-15,iOS,1369
2023-09-15,Android,149
2023-09-16,web,8928
2023-09-16,iOS,1228
2023-09-16,Android,142
2023-09-17,web,11261
2023-09-17,iOS,1394
2023-09-17,Android,181
2023-09-18,web,16443
2023-09-18,iOS,1957
2023-09-18,Android,211
2023-09-19,web,16154
2023-09-19,iOS,1867
2023-09-19,Android,222
2023-09-20,web,14770
2023-09-20,iOS,1835
2023-09-20,Android,215
2023-09-21,web,11641
2023-09-21,iOS,1346
2023-09-21,Android,150
2023-09-22,web,10490
2023-09-22,iOS,1465
2023-09-22,Android,178
2023-09-23,web,10794
2023-09-23,iOS,1423
2023-09-23,Android,149
2023-09-24,web,11108
2023-09-24,iOS,1488
2023-09-24,Android,177
2023-09-25,web,11327
2023-09-25,iOS,1328
2023-09-25,Android,135
2023-09-26,web,15832
2023-09-26,iOS,1764
2023-09-26,Android,168
2023-09-27,web,16613
2023-09-27,iOS,1792
2023-09-27,Android,180
2023-09-28,web,15924
2023-09-28,iOS,1730
2023-09-28,Android,182
2023-09-29,web,11957
2023-09-29,iOS,1429
2023-09-29,Android,170
2023-09-30,web,11927
2023-09-30,iOS,1481
2023-09-30,Android,129
2023-10-01,web,11431
2023-10-01,iOS,1467
2023-10-01,Android,158
2023-10-02,web,10985
2023-10-02,iOS,1577
2023-10-02,Android,147
2023-10-03,web,12222
2023-10-03,iOS,1593
2023-10-03,Android,138
2023-10-04,web,13436
2023-10-04,iOS,1501
2023-10-04,Android,137
2023-10-05,web,12482
2023-10-05,iOS,1620
2023-10-05,Android,163
2023-10-06,web,9231
2023-10-06,iOS,1343
2023-10-06,Android,138
2023-10-07,web,9301
2023-10-07,iOS,1517
2023-10-07,Android,143
2023-10-08,web,10581
2023-10-08,iOS,1625
2023-10-08,Android,169
2023-10-09,web,10484
2023-10-09,iOS,1576
2023-10-09,Android,170
2023-10-10,web,9797
2023-10-10,iOS,1499
2023-10-10,Android,148
2023-10-11,web,12089
2023-10-11,iOS,1802
2023-10-11,Android,191
2023-10-12,web,12146
2023-10-12,iOS,1583
2023-10-12,Android,155
2023-10-13,web,12610
2023-10-13,iOS,1760
2023-10-13,Android,182
2023-10-14,web,12090
2023-10-14,iOS,1657
2023-10-14,Android,171
2023-10-15,web,13303
2023-10-15,iOS,1827
2023-10-15,Android,192
2023-10-16,web,12840
2023-10-16,iOS,1652
2023-10-16,Android,160
2023-10-17,web,13019
2023-10-17,iOS,1680
2023-10-17,Android,173
2023-10-18,web,12888
2023-10-18,iOS,1709
2023-10-18,Android,162
2023-10-19,web,13281
2023-10-19,iOS,1711
2023-10-19,Android,195
2023-10-20,web,12283
2023-10-20,iOS,1509
2023-10-20,Android,161
2023-10-21,web,11996
2023-10-21,iOS,1676
2023-10-21,Android,192
2023-10-22,web,12745
2023-10-22,iOS,1810
2023-10-22,Android,174
2023-10-23,web,11842
2023-10-23,iOS,1683
2023-10-23,Android,174
2023-10-24,web,11010
2023-10-24,iOS,1719
2023-10-24,Android,190
2023-10-25,web,15951
2023-10-25,iOS,2113
2023-10-25,Android,233
2023-10-26,web,10975
2023-10-26,iOS,1951
2023-10-26,Android,233
2023-10-27,web,11880
2023-10-27,iOS,1801
2023-10-27,Android,226
2023-10-28,web,8671
2023-10-28,iOS,1454
2023-10-28,Android,163
2023-10-29,web,12728
2023-10-29,iOS,1795
2023-10-29,Android,184
2023-10-30,web,14553
2023-10-30,iOS,1806
2023-10-30,Android,177
2023-10-31,web,10230
2023-10-31,iOS,1351
2023-10-31,Android,153
2023-11-01,web,12038
2023-11-01,iOS,2055
2023-11-01,Android,216
2023-11-02,web,12606
2023-11-02,iOS,2297
2023-11-02,Android,221
2023-11-03,web,11259
2023-11-03,iOS,1976
2023-11-03,Android,207
2023-11-04,web,12349
2023-11-04,iOS,3040
2023-11-04,Android,246
2023-11-05,web,13313
2023-11-05,iOS,2517
2023-11-05,Android,212
2023-11-06,web,13362
2023-11-06,iOS,1871
2023-11-06,Android,165
2023-11-07,web,13363
2023-11-07,iOS,1966
2023-11-07,Android,170
2023-11-08,web,14593
2023-11-08,iOS,2255
2023-11-08,Android,181
2023-11-09,web,15882
2023-11-09,iOS,2369
2023-11-09,Android,250
2023-11-10,web,14884
2023-11-10,iOS,2443
2023-11-10,Android,215
2023-11-11,web,15428
2023-11-11,iOS,2522
2023-11-11,Android,206
2023-11-12,web,16348
2023-11-12,iOS,2752
2023-11-12,Android,215
2023-11-13,web,15966
2023-11-13,iOS,2305
2023-11-13,Android,185
2023-11-14,web,15265
2023-11-14,iOS,2159
2023-11-14,Android,199
2023-11-15,web,16817
2023-11-15,iOS,2596
2023-11-15,Android,241
2023-11-16,web,16384
2023-11-16,iOS,2379
2023-11-16,Android,209
2023-11-17,web,16059
2023-11-17,iOS,2416
2023-11-17,Android,229
2023-11-18,web,16719
2023-11-18,iOS,2789
2023-11-18,Android,285
2023-11-19,web,22067
2023-11-19,iOS,3063
2023-11-19,Android,292
2023-11-20,web,21758
2023-11-20,iOS,3024
2023-11-20,Android,330
2023-11-21,web,24930
2023-11-21,iOS,3774
2023-11-21,Android,348
2023-11-22,web,25623
2023-11-22,iOS,3754
2023-11-22,Android,354
2023-11-23,web,31043
2023-11-23,iOS,4935
2023-11-23,Android,406
2023-11-24,web,49431
2023-11-24,iOS,7173
2023-11-24,Android,633
2023-11-25,web,38553
2023-11-25,iOS,4484
2023-11-25,Android,452
2023-11-26,web,35278
2023-11-26,iOS,4274
2023-11-26,Android,437
2023-11-27,web,49188
2023-11-27,iOS,5978
2023-11-27,Android,486
2023-11-28,web,36465
2023-11-28,iOS,3934
2023-11-28,Android,405
2023-11-29,web,32826
2023-11-29,iOS,3620
2023-11-29,Android,454
2023-11-30,web,34570
2023-11-30,iOS,3516
2023-11-30,Android,422
2023-12-01,web,31481
2023-12-01,iOS,3341
2023-12-01,Android,395
2023-12-02,web,30972
2023-12-02,iOS,3596
2023-12-02,Android,423
2023-12-03,web,30265
2023-12-03,iOS,3787
2023-12-03,Android,442
2023-12-04,web,23423
2023-12-04,iOS,3017
2023-12-04,Android,363
2023-12-05,web,24138
2023-12-05,iOS,3065
2023-12-05,Android,375
2023-12-06,web,24036
2023-12-06,iOS,3164
2023-12-06,Android,354
2023-12-07,web,27348
2023-12-07,iOS,3283
2023-12-07,Android,350
2023-12-08,web,26620
2023-12-08,iOS,3158
2023-12-08,Android,321
2023-12-09,web,23711
2023-12-09,iOS,3126
2023-12-09,Android,349
2023-12-10,web,25975
2023-12-10,iOS,2994
2023-12-10,Android,342
2023-12-11,web,30020
2023-12-11,iOS,3196
2023-12-11,Android,391
2023-12-12,web,23398
2023-12-12,iOS,2857
2023-12-12,Android,308
2023-12-13,web,22518
2023-12-13,iOS,2853
2023-12-13,Android,352
2023-12-14,web,22484
2023-12-14,iOS,3103
2023-12-14,Android,364
2023-12-15,web,20597
2023-12-15,iOS,2818
2023-12-15,Android,324
2023-12-16,web,20763
2023-12-16,iOS,2748
2023-12-16,Android,308
2023-12-17,web,21230
2023-12-17,iOS,2928
2023-12-17,Android,346
2023-12-18,web,19903
2023-12-18,iOS,3042
2023-12-18,Android,301
2023-12-19,web,17184
2023-12-19,iOS,2675
2023-12-19,Android,296
2023-12-20,web,17123
2023-12-20,iOS,2236
2023-12-20,Android,224
2023-12-21,web,12441
2023-12-21,iOS,2005
2023-12-21,Android,226
2023-12-22,web,11231
2023-12-22,iOS,1933
2023-12-22,Android,230
2023-12-23,web,10461
2023-12-23,iOS,1739
2023-12-23,Android,229
2023-12-24,web,9366
2023-12-24,iOS,1670
2023-12-24,Android,205
2023-12-25,web,13591
2023-12-25,iOS,2772
2023-12-25,Android,270
2023-12-26,web,20739
2023-12-26,iOS,3221
2023-12-26,Android,355
2023-12-27,web,18091
2023-12-27,iOS,3017
2023-12-27,Android,296
2023-12-28,web,16781
2023-12-28,iOS,2635
2023-12-28,Android,276
2023-12-29,web,17965
2023-12-29,iOS,2707
2023-12-29,Android,297
2023-12-30,web,16244
2023-12-30,iOS,2359
2023-12-30,Android,276
2023-12-31,web,11582
2023-12-31,iOS,2019
2023-12-31,Android,229
2024-01-01,web,12949
2024-01-01,iOS,2079
2024-01-01,Android,239
2024-01-02,web,12802
2024-01-02,iOS,2038
2024-01-02,Android,220
2024-01-03,web,11942
2024-01-03,iOS,2038
2024-01-03,Android,189
2024-01-04,web,12275
2024-01-04,iOS,2208
2024-01-04,Android,194
2024-01-05,web,14303
2024-01-05,iOS,2226
2024-01-05,Android,243
2024-01-06,web,16380
2024-01-06,iOS,2319
2024-01-06,Android,270
2024-01-07,web,16467
2024-01-07,iOS,2239
2024-01-07,Android,238
2024-01-08,web,13427
2024-01-08,iOS,1966
2024-01-08,Android,221
2024-01-09,web,14097
2024-01-09,iOS,2066
2024-01-09,Android,257
2024-01-10,web,14304
2024-01-10,iOS,2129
2024-01-10,Android,217
2024-01-11,web,14311
2024-01-11,iOS,2143
2024-01-11,Android,232
2024-01-12,web,17648
2024-01-12,iOS,2677
2024-01-12,Android,299
2024-01-13,web,17382
2024-01-13,iOS,2721
2024-01-13,Android,298
2024-01-14,web,16322
2024-01-14,iOS,2491
2024-01-14,Android,290
2024-01-15,web,13996
2024-01-15,iOS,1894
2024-01-15,Android,192
2024-01-16,web,13641
2024-01-16,iOS,1813
2024-01-16,Android,211
2024-01-17,web,14628
2024-01-17,iOS,2006
2024-01-17,Android,245
2024-01-18,web,14825
2024-01-18,iOS,2011
2024-01-18,Android,223
2024-01-19,web,22468
2024-01-19,iOS,2598
2024-01-19,Android,302
2024-01-20,web,20951
2024-01-20,iOS,2974
2024-01-20,Android,325
2024-01-21,web,19810
2024-01-21,iOS,2679
2024-01-21,Android,305
2024-01-22,web,11491
2024-01-22,iOS,1804
2024-01-22,Android,241
2024-01-23,web,11363
2024-01-23,iOS,1812
2024-01-23,Android,213
2024-01-24,web,12233
2024-01-24,iOS,1793
2024-01-24,Android,242
2024-01-25,web,10515
2024-01-25,iOS,1778
2024-01-25,Android,214
2024-01-26,web,9670
2024-01-26,iOS,1643
2024-01-26,Android,229
2024-01-27,web,10684
2024-01-27,iOS,1821
2024-01-27,Android,200
2024-01-28,web,10660
2024-01-28,iOS,1995
2024-01-28,Android,204
2024-01-29,web,9631
2024-01-29,iOS,1495
2024-01-29,Android,182
2024-01-30,web,9998
2024-01-30,iOS,1624
2024-01-30,Android,184
2024-01-31,web,11301
2024-01-31,iOS,1739
2024-01-31,Android,199
2024-02-01,web,12761
2024-02-01,iOS,1890
2024-02-01,Android,188
2024-02-02,web,11886
2024-02-02,iOS,2157
2024-02-02,Android,242
2024-02-03,web,10891
2024-02-03,iOS,2193
2024-02-03,Android,256
2024-02-04,web,12510
2024-02-04,iOS,2102
2024-02-04,Android,205
2024-02-05,web,11596
2024-02-05,iOS,1809
2024-02-05,Android,183
2024-02-06,web,11811
2024-02-06,iOS,1722
2024-02-06,Android,198
2024-02-07,web,12813
2024-02-07,iOS,1851
2024-02-07,Android,213
2024-02-08,web,11409
2024-02-08,iOS,1684
2024-02-08,Android,174
2024-02-09,web,11269
2024-02-09,iOS,1509
2024-02-09,Android,189
2024-02-10,web,11004
2024-02-10,iOS,1785
2024-02-10,Android,190
2024-02-11,web,11471
2024-02-11,iOS,1687
2024-02-11,Android,182
2024-02-12,web,9874
2024-02-12,iOS,1391
2024-02-12,Android,170
2024-02-13,web,10509
2024-02-13,iOS,1379
2024-02-13,Android,169
2024-02-14,web,11901
2024-02-14,iOS,1925
2024-02-14,Android,227
2024-02-15,web,14267
2024-02-15,iOS,2108
2024-02-15,Android,262
2024-02-16,web,13750
2024-02-16,iOS,1935
2024-02-16,Android,240
2024-02-17,web,15093
2024-02-17,iOS,2269
2024-02-17,Android,260
2024-02-18,web,16685
2024-02-18,iOS,2389
2024-02-18,Android,252
2024-02-19,web,15725
2024-02-19,iOS,2292
2024-02-19,Android,237
2024-02-20,web,14809
2024-02-20,iOS,2136
2024-02-20,Android,205
2024-02-21,web,14068
2024-02-21,iOS,2056
2024-02-21,Android,232
2024-02-22,web,13916
2024-02-22,iOS,1923
2024-02-22,Android,199
2024-02-23,web,12602
2024-02-23,iOS,1945
2024-02-23,Android,211
2024-02-24,web,13069
2024-02-24,iOS,2165
2024-02-24,Android,245
2024-02-25,web,14347
2024-02-25,iOS,2262
2024-02-25,Android,242
2024-02-26,web,18811
2024-02-26,iOS,2361
2024-02-26,Android,297
2024-02-27,web,19398
2024-02-27,iOS,2460
2024-02-27,Android,293
2024-02-28,web,20575
2024-02-28,iOS,2608
2024-02-28,Android,282
2024-02-29,web,14134
2024-02-29,iOS,1957
2024-02-29,Android,197
2024-03-01,web,13534
2024-03-01,iOS,2003
2024-03-01,Android,207
2024-03-02,web,15403
2024-03-02,iOS,2435
2024-03-02,Android,249
2024-03-03,web,14739
2024-03-03,iOS,2348
2024-03-03,Android,221
2024-03-04,web,12873
2024-03-04,iOS,1998
2024-03-04,Android,199
2024-03-05,web,12563
2024-03-05,iOS,1968
2024-03-05,Android,183
2024-03-06,web,14340
2024-03-06,iOS,2313
2024-03-06,Android,246
2024-03-07,web,15655
2024-03-07,iOS,2196
2024-03-07,Android,237
2024-03-08,web,14383
2024-03-08,iOS,2197
2024-03-08,Android,238
2024-03-09,web,15605
2024-03-09,iOS,2311
2024-03-09,Android,278
2024-03-10,web,15905
2024-03-10,iOS,2286
2024-03-10,Android,271
2024-03-11,web,14719
2024-03-11,iOS,2057
2024-03-11,Android,196
2024-03-12,web,15381
2024-03-12,iOS,2005
2024-03-12,Android,235
2024-03-13,web,15913
2024-03-13,iOS,2135
2024-03-13,Android,218
2024-03-14,web,13713
2024-03-14,iOS,2109
2024-03-14,Android,255
2024-03-15,web,12686
2024-03-15,iOS,1927
2024-03-15,Android,217
2024-03-16,web,13107
2024-03-16,iOS,2049
2024-03-16,Android,223
2024-03-17,web,14471
2024-03-17,iOS,2098
2024-03-17,Android,227
2024-03-18,web,13776
2024-03-18,iOS,1953
2024-03-18,Android,195
2024-03-19,web,15125
2024-03-19,iOS,2262
2024-03-19,Android,267
2024-03-20,web,15275
2024-03-20,iOS,2253
2024-03-20,Android,234
2024-03-21,web,15213
2024-03-21,iOS,2107
2024-03-21,Android,243
2024-03-22,web,13458
2024-03-22,iOS,1965
2024-03-22,Android,219
2024-03-23,web,14254
2024-03-23,iOS,2203
2024-03-23,Android,255
2024-03-24,web,16461
2024-03-24,iOS,2235
2024-03-24,Android,246
2024-03-25,web,13892
2024-03-25,iOS,1850
2024-03-25,Android,194
2024-03-26,web,12694
2024-03-26,iOS,1871
2024-03-26,Android,197
2024-03-27,web,13440
2024-03-27,iOS,2140
2024-03-27,Android,261
2024-03-28,web,13973
2024-03-28,iOS,2108
2024-03-28,Android,253
2024-03-29,web,11868
2024-03-29,iOS,2030
2024-03-29,Android,249
2024-03-30,web,12121
2024-03-30,iOS,2033
2024-03-30,Android,246
2024-03-31,web,13006
2024-03-31,iOS,2024
2024-03-31,Android,255
2024-04-01,web,12980
2024-04-01,iOS,1976
2024-04-01,Android,224
2024-04-02,web,12742
2024-04-02,iOS,1979
2024-04-02,Android,222
2024-04-03,web,12968
2024-04-03,iOS,2052
2024-04-03,Android,211
2024-04-04,web,11966
2024-04-04,iOS,1934
2024-04-04,Android,216
2024-04-05,web,11285
2024-04-05,iOS,1754
2024-04-05,Android,194
2024-04-06,web,11283
2024-04-06,iOS,1938
2024-04-06,Android,214
2024-04-07,web,12738
2024-04-07,iOS,2075
2024-04-07,Android,217
2024-04-08,web,11491
2024-04-08,iOS,1895
2024-04-08,Android,190
2024-04-09,web,11044
2024-04-09,iOS,1688
2024-04-09,Android,191
2024-04-10,web,11341
2024-04-10,iOS,1743
2024-04-10,Android,210
2024-04-11,web,15632
2024-04-11,iOS,2301
2024-04-11,Android,283
2024-04-12,web,15731
2024-04-12,iOS,2060
2024-04-12,Android,258
2024-04-13,web,15978
2024-04-13,iOS,2309
2024-04-13,Android,283
2024-04-14,web,16580
2024-04-14,iOS,2533
2024-04-14,Android,326
2024-04-15,web,12583
2024-04-15,iOS,1728
2024-04-15,Android,208
2024-04-16,web,12525
2024-04-16,iOS,1600
2024-04-16,Android,180
2024-04-17,web,12419
2024-04-17,iOS,1819
2024-04-17,Android,206
2024-04-18,web,11528
2024-04-18,iOS,1663
2024-04-18,Android,181
2024-04-19,web,10897
2024-04-19,iOS,1703
2024-04-19,Android,219
2024-04-20,web,10226
2024-04-20,iOS,1860
2024-04-20,Android,248
2024-04-21,web,10934
2024-04-21,iOS,1947
2024-04-21,Android,247
2024-04-22,web,10378
2024-04-22,iOS,1690
2024-04-22,Android,199
2024-04-23,web,10756
2024-04-23,iOS,1657
2024-04-23,Android,197
2024-04-24,web,11065
2024-04-24,iOS,1745
2024-04-24,Android,216
2024-04-25,web,12019
2024-04-25,iOS,1852
2024-04-25,Android,214
2024-04-26,web,11419
2024-04-26,iOS,1832
2024-04-26,Android,237
2024-04-27,web,12001
2024-04-27,iOS,2168
2024-04-27,Android,254
2024-04-28,web,13875
2024-04-28,iOS,2302
2024-04-28,Android,269
2024-04-29,web,12293
2024-04-29,iOS,1905
2024-04-29,Android,233
2024-04-30,web,11788
2024-04-30,iOS,1957
2024-04-30,Android,226
2024-05-01,web,12698
2024-05-01,iOS,1910
2024-05-01,Android,242
2024-05-02,web,11327
2024-05-02,iOS,1790
2024-05-02,Android,215
2024-05-03,web,10816
2024-05-03,iOS,1609
2024-05-03,Android,200
2024-05-04,web,12309
2024-05-04,iOS,1898
2024-05-04,Android,235
2024-05-05,web,11794
2024-05-05,iOS,1945
2024-05-05,Android,227
2024-05-06,web,10667
2024-05-06,iOS,1774
2024-05-06,Android,222
2024-05-07,web,9814
2024-05-07,iOS,1719
2024-05-07,Android,207
2024-05-08,web,14358
2024-05-08,iOS,2243
2024-05-08,Android,323
2024-05-09,web,14654
2024-05-09,iOS,2185
2024-05-09,Android,276
2024-05-10,web,12806
2024-05-10,iOS,2010
2024-05-10,Android,242
2024-05-11,web,10779
2024-05-11,iOS,1940
2024-05-11,Android,222
2024-05-12,web,11051
2024-05-12,iOS,1986
2024-05-12,Android,217
2024-05-13,web,10673
2024-05-13,iOS,1691
2024-05-13,Android,184
2024-05-14,web,11323
2024-05-14,iOS,2103
2024-05-14,Android,238
2024-05-15,web,10761
2024-05-15,iOS,1975
2024-05-15,Android,196
2024-05-16,web,11540
2024-05-16,iOS,1896
2024-05-16,Android,188
2024-05-17,web,10942
2024-05-17,iOS,1791
2024-05-17,Android,220
2024-05-18,web,11028
2024-05-18,iOS,1859
2024-05-18,Android,171
2024-05-19,web,12389
2024-05-19,iOS,2038
2024-05-19,Android,202
2024-05-20,web,10959
2024-05-20,iOS,1709
2024-05-20,Android,151
2024-05-21,web,10410
2024-05-21,iOS,1777
2024-05-21,Android,200
2024-05-22,web,13879
2024-05-22,iOS,2184
2024-05-22,Android,220
2024-05-23,web,13958
2024-05-23,iOS,2168
2024-05-23,Android,198
2024-05-24,web,13852
2024-05-24,iOS,2221
2024-05-24,Android,226
2024-05-25,web,13517
2024-05-25,iOS,2311
2024-05-25,Android,280
2024-05-26,web,15079
2024-05-26,iOS,2269
2024-05-26,Android,229
2024-05-27,web,16270
2024-05-27,iOS,2535
2024-05-27,Android,289
2024-05-28,web,13200
2024-05-28,iOS,2063
2024-05-28,Android,251
2024-05-29,web,13371
2024-05-29,iOS,2029
2024-05-29,Android,286
2024-05-30,web,9555
2024-05-30,iOS,1807
2024-05-30,Android,229
2024-05-31,web,9374
2024-05-31,iOS,1648
2024-05-31,Android,198
2024-06-01,web,9416
2024-06-01,iOS,1610
2024-06-01,Android,199
2024-06-02,web,10781
2024-06-02,iOS,1759
2024-06-02,Android,203
2024-06-03,web,8842
2024-06-03,iOS,1607
2024-06-03,Android,205
2024-06-04,web,9154
2024-06-04,iOS,1756
2024-06-04,Android,233
2024-06-05,web,9061
2024-06-05,iOS,1746
2024-06-05,Android,220
2024-06-06,web,9607
2024-06-06,iOS,1803
2024-06-06,Android,235
2024-06-07,web,8847
2024-06-07,iOS,1664
2024-06-07,Android,178
2024-06-08,web,9389
2024-06-08,iOS,1771
2024-06-08,Android,203
2024-06-09,web,10290
2024-06-09,iOS,1795
2024-06-09,Android,197
2024-06-10,web,9649
2024-06-10,iOS,1659
2024-06-10,Android,173
2024-06-11,web,14787
2024-06-11,iOS,2287
2024-06-11,Android,267
2024-06-12,web,13221
2024-06-12,iOS,2359
2024-06-12,Android,279
2024-06-13,web,13822
2024-06-13,iOS,2004
2024-06-13,Android,276
2024-06-14,web,12677
2024-06-14,iOS,1996
2024-06-14,Android,219
2024-06-15,web,9696
2024-06-15,iOS,1712
2024-06-15,Android,208
2024-06-16,web,10977
2024-06-16,iOS,2049
2024-06-16,Android,239
2024-06-17,web,9278
2024-06-17,iOS,1707
2024-06-17,Android,194
2024-06-18,web,10814
2024-06-18,iOS,2195
2024-06-18,Android,211
2024-06-19,web,9790
2024-06-19,iOS,1777
2024-06-19,Android,192
2024-06-20,web,11401
2024-06-20,iOS,1978
2024-06-20,Android,256
2024-06-21,web,11847
2024-06-21,iOS,1853
2024-06-21,Android,202
2024-06-22,web,11271
2024-06-22,iOS,1846
2024-06-22,Android,230
2024-06-23,web,11910
2024-06-23,iOS,1873
2024-06-23,Android,214
2024-06-24,web,10667
2024-06-24,iOS,1910
2024-06-24,Android,241
2024-06-25,web,11136
2024-06-25,iOS,1947
2024-06-25,Android,219
2024-06-26,web,10549
2024-06-26,iOS,1864
2024-06-26,Android,202
2024-06-27,web,11120
2024-06-27,iOS,2006
2024-06-27,Android,204
2024-06-28,web,9835
2024-06-28,iOS,1889
2024-06-28,Android,206
2024-06-29,web,9699
2024-06-29,iOS,1697
2024-06-29,Android,220
2024-06-30,web,15023
2024-06-30,iOS,2651
2024-06-30,Android,289
2024-07-01,web,14850
2024-07-01,iOS,2390
2024-07-01,Android,276
2024-07-02,web,14711
2024-07-02,iOS,2375
2024-07-02,Android,241
2024-07-03,web,13468
2024-07-03,iOS,2362
2024-07-03,Android,267
2024-07-04,web,12768
2024-07-04,iOS,1943
2024-07-04,Android,215
2024-07-05,web,13327
2024-07-05,iOS,2231
2024-07-05,Android,238
2024-07-06,web,13613
2024-07-06,iOS,2343
2024-07-06,Android,238
2024-07-07,web,13413
2024-07-07,iOS,2428
2024-07-07,Android,260
2024-07-08,web,13625
2024-07-08,iOS,2512
2024-07-08,Android,256
2024-07-09,web,10008
2024-07-09,iOS,2076
2024-07-09,Android,221
2024-07-10,web,9627
2024-07-10,iOS,1998
2024-07-10,Android,227
2024-07-11,web,9342
2024-07-11,iOS,2003
2024-07-11,Android,191
2024-07-12,web,13094
2024-07-12,iOS,2638
2024-07-12,Android,260
2024-07-13,web,13563
2024-07-13,iOS,2394
2024-07-13,Android,272
2024-07-14,web,13528
2024-07-14,iOS,2580
2024-07-14,Android,271
2024-07-15,web,9850
2024-07-15,iOS,2181
2024-07-15,Android,217
2024-07-16,web,15039
2024-07-16,iOS,3267
2024-07-16,Android,313
2024-07-17,web,14882
2024-07-17,iOS,2941
2024-07-17,Android,302
2024-07-18,web,18169
2024-07-18,iOS,3012
2024-07-18,Android,331
2024-07-19,web,17337
2024-07-19,iOS,2900
2024-07-19,Android,265
2024-07-20,web,16253
2024-07-20,iOS,2947
2024-07-20,Android,285
2024-07-21,web,18760
2024-07-21,iOS,3348
2024-07-21,Android,301
2024-07-22,web,18026
2024-07-22,iOS,3259
2024-07-22,Android,305
2024-07-23,web,16821
2024-07-23,iOS,3265
2024-07-23,Android,291
2024-07-24,web,18045
2024-07-24,iOS,3069
2024-07-24,Android,315
2024-07-25,web,17130
2024-07-25,iOS,3316
2024-07-25,Android,304
2024-07-26,web,16920
2024-07-26,iOS,3050
2024-07-26,Android,301
2024-07-27,web,16773
2024-07-27,iOS,3180
2024-07-27,Android,323
2024-07-28,web,17587
2024-07-28,iOS,3618
2024-07-28,Android,384
2024-07-29,web,16399
2024-07-29,iOS,3466
2024-07-29,Android,307
2024-07-30,web,16111
2024-07-30,iOS,3481
2024-07-30,Android,320
2024-07-31,web,14800
2024-07-31,iOS,3169
2024-07-31,Android,304
2024-08-01,web,14660
2024-08-01,iOS,3498
2024-08-01,Android,281
2024-08-02,web,15697
2024-08-02,iOS,3271
2024-08-02,Android,279
2024-08-03,web,15883
2024-08-03,iOS,3399
2024-08-03,Android,320
2024-08-04,web,16070
2024-08-04,iOS,3441
2024-08-04,Android,338
2024-08-05,web,15738
2024-08-05,iOS,3297
2024-08-05,Android,306
2024-08-06,web,15940
2024-08-06,iOS,3505
2024-08-06,Android,326
2024-08-07,web,16199
2024-08-07,iOS,3380
2024-08-07,Android,334
2024-08-08,web,14300
2024-08-08,iOS,2835
2024-08-08,Android,252
2024-08-09,web,13479
2024-08-09,iOS,2810
2024-08-09,Android,297
2024-08-10,web,11973
2024-08-10,iOS,2626
2024-08-10,Android,262
2024-08-11,web,13456
2024-08-11,iOS,2881
2024-08-11,Android,288
2024-08-12,web,12651
2024-08-12,iOS,2420
2024-08-12,Android,238
2024-08-13,web,13987
2024-08-13,iOS,2973
2024-08-13,Android,296
2024-08-14,web,13976
2024-08-14,iOS,2909
2024-08-14,Android,258
2024-08-15,web,13935
2024-08-15,iOS,2755
2024-08-15,Android,317
2024-08-16,web,12096
2024-08-16,iOS,2379
2024-08-16,Android,251
2024-08-17,web,13499
2024-08-17,iOS,2598
2024-08-17,Android,253
2024-08-18,web,14045
2024-08-18,iOS,2618
2024-08-18,Android,247
2024-08-19,web,18794
2024-08-19,iOS,3112
2024-08-19,Android,362
2024-08-20,web,18787
2024-08-20,iOS,2961
2024-08-20,Android,320
2024-08-21,web,18732
2024-08-21,iOS,2906
2024-08-21,Android,361
2024-08-22,web,13439
2024-08-22,iOS,2384
2024-08-22,Android,306
2024-08-23,web,10870
2024-08-23,iOS,2089
2024-08-23,Android,210
2024-08-24,web,10915
2024-08-24,iOS,2445
2024-08-24,Android,247
2024-08-25,web,12716
2024-08-25,iOS,2613
2024-08-25,Android,261
2024-08-26,web,11828
2024-08-26,iOS,2124
2024-08-26,Android,244
2024-08-27,web,13148
2024-08-27,iOS,2390
2024-08-27,Android,321
2024-08-28,web,14442
2024-08-28,iOS,2648
2024-08-28,Android,316
2024-08-29,web,14913
2024-08-29,iOS,2508
2024-08-29,Android,320
2024-08-30,web,14869
2024-08-30,iOS,2486
2024-08-30,Android,324
2024-08-31,web,15685
2024-08-31,iOS,2829
2024-08-31,Android,309
2024-09-01,web,16022
2024-09-01,iOS,2782
2024-09-01,Android,311
2024-09-02,web,16419
2024-09-02,iOS,2952
2024-09-02,Android,316
2024-09-03,web,13723
2024-09-03,iOS,2237
2024-09-03,Android,220
2024-09-04,web,13853
2024-09-04,iOS,2459
2024-09-04,Android,276
2024-09-05,web,11475
2024-09-05,iOS,2146
2024-09-05,Android,226
2024-09-06,web,11429
2024-09-06,iOS,2120
2024-09-06,Android,208
2024-09-07,web,11547
2024-09-07,iOS,2389
2024-09-07,Android,236
2024-09-08,web,13176
2024-09-08,iOS,2559
2024-09-08,Android,253
2024-09-09,web,11323
2024-09-09,iOS,2251
2024-09-09,Android,200
2024-09-10,web,11489
2024-09-10,iOS,2066
2024-09-10,Android,226
2024-09-11,web,11087
2024-09-11,iOS,2193
2024-09-11,Android,230
2024-09-12,web,11467
2024-09-12,iOS,2239
2024-09-12,Android,242
2024-09-13,web,11875
2024-09-13,iOS,2100
2024-09-13,Android,226
2024-09-14,web,11321
2024-09-14,iOS,2373
2024-09-14,Android,218
2024-09-15,web,12722
2024-09-15,iOS,2603
2024-09-15,Android,243
2024-09-16,web,13082
2024-09-16,iOS,2250
2024-09-16,Android,215
2024-09-17,web,14431
2024-09-17,iOS,2618
2024-09-17,Android,268
2024-09-18,web,21918
2024-09-18,iOS,3675
2024-09-18,Android,356
2024-09-19,web,20377
2024-09-19,iOS,2885
2024-09-19,Android,367
2024-09-20,web,21430
2024-09-20,iOS,2859
2024-09-20,Android,321
2024-09-21,web,19530
2024-09-21,iOS,2835
2024-09-21,Android,327
2024-09-22,web,16194
2024-09-22,iOS,2955
2024-09-22,Android,321
2024-09-23,web,14832
2024-09-23,iOS,2603
2024-09-23,Android,287
2024-09-24,web,14387
2024-09-24,iOS,2631
2024-09-24,Android,226
2024-09-25,web,14895
2024-09-25,iOS,2510
2024-09-25,Android,258
2024-09-26,web,15478
2024-09-26,iOS,2577
2024-09-26,Android,274
2024-09-27,web,13931
2024-09-27,iOS,2834
2024-09-27,Android,311
2024-09-28,web,14989
2024-09-28,iOS,2685
2024-09-28,Android,325
2024-09-29,web,18576
2024-09-29,iOS,3205
2024-09-29,Android,295
2024-09-30,web,17590
2024-09-30,iOS,2765
2024-09-30,Android,292
2024-10-01,web,15558
2024-10-01,iOS,2918
2024-10-01,Android,275
2024-10-02,web,13876
2024-10-02,iOS,2441
2024-10-02,Android,265
2024-10-03,web,13106
2024-10-03,iOS,2552
2024-10-03,Android,250
2024-10-04,web,11918
2024-10-04,iOS,2348
2024-10-04,Android,234
2024-10-05,web,12791
2024-10-05,iOS,2461
2024-10-05,Android,260
2024-10-06,web,13554
2024-10-06,iOS,2822
2024-10-06,Android,228
2024-10-07,web,13883
2024-10-07,iOS,2375
2024-10-07,Android,243
2024-10-08,web,16012
2024-10-08,iOS,2843
2024-10-08,Android,239
2024-10-09,web,17278
2024-10-09,iOS,2921
2024-10-09,Android,250
2024-10-10,web,16982
2024-10-10,iOS,2841
2024-10-10,Android,260
2024-10-11,web,14428
2024-10-11,iOS,2463
2024-10-11,Android,257
2024-10-12,web,14084
2024-10-12,iOS,2569
2024-10-12,Android,273
2024-10-13,web,15183
2024-10-13,iOS,2725
2024-10-13,Android,288
2024-10-14,web,14644
2024-10-14,iOS,2630
2024-10-14,Android,256
2024-10-15,web,13118
2024-10-15,iOS,2242
2024-10-15,Android,196
2024-10-16,web,15142
2024-10-16,iOS,2990
2024-10-16,Android,238
2024-10-17,web,17594
2024-10-17,iOS,2952
2024-10-17,Android,242
2024-10-18,web,15988
2024-10-18,iOS,2722
2024-10-18,Android,248
2024-10-19,web,16358
2024-10-19,iOS,2889
2024-10-19,Android,262
2024-10-20,web,18340
2024-10-20,iOS,3271
2024-10-20,Android,292
2024-10-21,web,17553
2024-10-21,iOS,2823
2024-10-21,Android,231
2024-10-22,web,18576
2024-10-22,iOS,2864
2024-10-22,Android,253
2024-10-23,web,18555
2024-10-23,iOS,2740
2024-10-23,Android,284
2024-10-24,web,20136
2024-10-24,iOS,3106
2024-10-24,Android,298
2024-10-25,web,19176
2024-10-25,iOS,2913
2024-10-25,Android,269
2024-10-26,web,17832
2024-10-26,iOS,2842
2024-10-26,Android,336
2024-10-27,web,16169
2024-10-27,iOS,2843
2024-10-27,Android,260
2024-10-28,web,13618
2024-10-28,iOS,2377
2024-10-28,Android,216
2024-10-29,web,14443
2024-10-29,iOS,2368
2024-10-29,Android,226
2024-10-30,web,16757
2024-10-30,iOS,2828
2024-10-30,Android,294
2024-10-31,web,13779
2024-10-31,iOS,2277
2024-10-31,Android,273
2024-11-01,web,14715
2024-11-01,iOS,2722
2024-11-01,Android,339
2024-11-02,web,15159
2024-11-02,iOS,3082
2024-11-02,Android,309
2024-11-03,web,17732
2024-11-03,iOS,3427
2024-11-03,Android,303
2024-11-04,web,17191
2024-11-04,iOS,3159
2024-11-04,Android,318
2024-11-05,web,16791
2024-11-05,iOS,3065
2024-11-05,Android,284
2024-11-06,web,17135
2024-11-06,iOS,3175
2024-11-06,Android,323
2024-11-07,web,18857
2024-11-07,iOS,4108
2024-11-07,Android,436
2024-11-08,web,17642
2024-11-08,iOS,3451
2024-11-08,Android,330
2024-11-09,web,17525
2024-11-09,iOS,3449
2024-11-09,Android,345
2024-11-10,web,19342
2024-11-10,iOS,3871
2024-11-10,Android,358
2024-11-11,web,21791
2024-11-11,iOS,3994
2024-11-11,Android,339
2024-11-12,web,16690
2024-11-12,iOS,2862
2024-11-12,Android,279
2024-11-13,web,17399
2024-11-13,iOS,3110
2024-11-13,Android,301
2024-11-14,web,19929
2024-11-14,iOS,3359
2024-11-14,Android,282
2024-11-15,web,19969
2024-11-15,iOS,3319
2024-11-15,Android,348
2024-11-16,web,22723
2024-11-16,iOS,4359
2024-11-16,Android,352
2024-11-17,web,25044
2024-11-17,iOS,4401
2024-11-17,Android,402
2024-11-18,web,20468
2024-11-18,iOS,3389
2024-11-18,Android,292
2024-11-19,web,20397
2024-11-19,iOS,3720
2024-11-19,Android,343
2024-11-20,web,22517
2024-11-20,iOS,4271
2024-11-20,Android,386
2024-11-21,web,23341
2024-11-21,iOS,4009
2024-11-21,Android,354
2024-11-22,web,22149
2024-11-22,iOS,3867
2024-11-22,Android,354
2024-11-23,web,22507
2024-11-23,iOS,4248
2024-11-23,Android,364
2024-11-24,web,25440
2024-11-24,iOS,4701
2024-11-24,Android,455
2024-11-25,web,24543
2024-11-25,iOS,4282
2024-11-25,Android,422
2024-11-26,web,31230
2024-11-26,iOS,5660
2024-11-26,Android,512
2024-11-27,web,29860
2024-11-27,iOS,5104
2024-11-27,Android,460
2024-11-28,web,42094
2024-11-28,iOS,7192
2024-11-28,Android,661
2024-11-29,web,70862
2024-11-29,iOS,10944
2024-11-29,Android,957
2024-11-30,web,48232
2024-11-30,iOS,6704
2024-11-30,Android,664
2024-12-01,web,49280
2024-12-01,iOS,6737
2024-12-01,Android,672
2024-12-02,web,63087
2024-12-02,iOS,9180
2024-12-02,Android,873
2024-12-03,web,52244
2024-12-03,iOS,6634
2024-12-03,Android,824
2024-12-04,web,46712
2024-12-04,iOS,6523
2024-12-04,Android,739
2024-12-05,web,47062
2024-12-05,iOS,6309
2024-12-05,Android,777
2024-12-06,web,40001
2024-12-06,iOS,5868
2024-12-06,Android,726
2024-12-07,web,38482
2024-12-07,iOS,5979
2024-12-07,Android,801
2024-12-08,web,44288
2024-12-08,iOS,6470
2024-12-08,Android,843
2024-12-09,web,42778
2024-12-09,iOS,6146
2024-12-09,Android,773
2024-12-10,web,39640
2024-12-10,iOS,5571
2024-12-10,Android,725
2024-12-11,web,39891
2024-12-11,iOS,5657
2024-12-11,Android,746
2024-12-12,web,38191
2024-12-12,iOS,5666
2024-12-12,Android,650
2024-12-13,web,38486
2024-12-13,iOS,5420
2024-12-13,Android,656
2024-12-14,web,35409
2024-12-14,iOS,5429
2024-12-14,Android,640
2024-12-15,web,35733
2024-12-15,iOS,5457
2024-12-15,Android,629
2024-12-16,web,33179
2024-12-16,iOS,4788
2024-12-16,Android,593
2024-12-17,web,30557
2024-12-17,iOS,4662
2024-12-17,Android,595
2024-12-18,web,28005
2024-12-18,iOS,4424
2024-12-18,Android,532
2024-12-19,web,26188
2024-12-19,iOS,4124
2024-12-19,Android,490
2024-12-20,web,23295
2024-12-20,iOS,3824
2024-12-20,Android,479
2024-12-21,web,22510
2024-12-21,iOS,3704
2024-12-21,Android,444
2024-12-22,web,18219
2024-12-22,iOS,3537
2024-12-22,Android,399
2024-12-23,web,14792
2024-12-23,iOS,3157
2024-12-23,Android,356
2024-12-24,web,14219
2024-12-24,iOS,3113
2024-12-24,Android,329
2024-12-25,web,22651
2024-12-25,iOS,5310
2024-12-25,Android,443
2024-12-26,web,32109
2024-12-26,iOS,7399
2024-12-26,Android,810
2024-12-27,web,26105
2024-12-27,iOS,6024
2024-12-27,Android,745
2024-12-28,web,22154
2024-12-28,iOS,4912
2024-12-28,Android,605
2024-12-29,web,22364
2024-12-29,iOS,4528
2024-12-29,Android,565
2024-12-30,web,21806
2024-12-30,iOS,3986
2024-12-30,Android,441
2024-12-31,web,17248
2024-12-31,iOS,3368
2024-12-31,Android,404
2025-01-01,web,23226
2025-01-01,iOS,4369
2025-01-01,Android,490
2025-01-02,web,22221
2025-01-02,iOS,4162
2025-01-02,Android,452
2025-01-03,web,21267
2025-01-03,iOS,3949
2025-01-03,Android,444
2025-01-04,web,20139
2025-01-04,iOS,3804
2025-01-04,Android,470
2025-01-05,web,21571
2025-01-05,iOS,3790
2025-01-05,Android,470
2025-01-06,web,17805
2025-01-06,iOS,3390
2025-01-06,Android,394
2025-01-07,web,18053
2025-01-07,iOS,3438
2025-01-07,Android,419
2025-01-08,web,17705
2025-01-08,iOS,3527
2025-01-08,Android,389
2025-01-09,web,20971
2025-01-09,iOS,3925
2025-01-09,Android,437
2025-01-10,web,23178
2025-01-10,iOS,4461
2025-01-10,Android,524
2025-01-11,web,21318
2025-01-11,iOS,4133
2025-01-11,Android,511
2025-01-12,web,22658
2025-01-12,iOS,4186
2025-01-12,Android,476
2025-01-13,web,18489
2025-01-13,iOS,3213
2025-01-13,Android,366
2025-01-14,web,19946
2025-01-14,iOS,3735
2025-01-14,Android,425
2025-01-15,web,20557
2025-01-15,iOS,3656
2025-01-15,Android,433
2025-01-16,web,20136
2025-01-16,iOS,3807
2025-01-16,Android,445
2025-01-17,web,20966
2025-01-17,iOS,3965
2025-01-17,Android,476
2025-01-18,web,21369
2025-01-18,iOS,4062
2025-01-18,Android,514
2025-01-19,web,22771
2025-01-19,iOS,4432
2025-01-19,Android,471
2025-01-20,web,19388
2025-01-20,iOS,3884
2025-01-20,Android,374
2025-01-21,web,18554
2025-01-21,iOS,3327
2025-01-21,Android,366
2025-01-22,web,19967
2025-01-22,iOS,3724
2025-01-22,Android,438
2025-01-23,web,17670
2025-01-23,iOS,3235
2025-01-23,Android,366
2025-01-24,web,22686
2025-01-24,iOS,3942
2025-01-24,Android,489
2025-01-25,web,22731
2025-01-25,iOS,4175
2025-01-25,Android,498
2025-01-26,web,22115
2025-01-26,iOS,4146
2025-01-26,Android,463
2025-01-27,web,15811
2025-01-27,iOS,3081
2025-01-27,Android,335
2025-01-28,web,13150
2025-01-28,iOS,2827
2025-01-28,Android,343
2025-01-29,web,15297
2025-01-29,iOS,3376
2025-01-29,Android,363
2025-01-30,web,15225
2025-01-30,iOS,3415
2025-01-30,Android,408
2025-01-31,web,15558
2025-01-31,iOS,3240
2025-01-31,Android,366
2025-02-01,web,15440
2025-02-01,iOS,3476
2025-02-01,Android,388
2025-02-02,web,15771
2025-02-02,iOS,3250
2025-02-02,Android,353
2025-02-03,web,13694
2025-02-03,iOS,3097
2025-02-03,Android,338
2025-02-04,web,14141
2025-02-04,iOS,2627
2025-02-04,Android,336
2025-02-05,web,14863
2025-02-05,iOS,2913
2025-02-05,Android,315
2025-02-06,web,15616
2025-02-06,iOS,3146
2025-02-06,Android,344
2025-02-07,web,14359
2025-02-07,iOS,2896
2025-02-07,Android,306
2025-02-08,web,16075
2025-02-08,iOS,3279
2025-02-08,Android,352
2025-02-09,web,15249
2025-02-09,iOS,3237
2025-02-09,Android,319
2025-02-10,web,14330
2025-02-10,iOS,3040
2025-02-10,Android,306
2025-02-11,web,15030
2025-02-11,iOS,2850
2025-02-11,Android,306
2025-02-12,web,17236
2025-02-12,iOS,3368
2025-02-12,Android,391
2025-02-13,web,15979
2025-02-13,iOS,2846
2025-02-13,Android,328
2025-02-14,web,15455
2025-02-14,iOS,2819
2025-02-14,Android,358
2025-02-15,web,18864
2025-02-15,iOS,3789
2025-02-15,Android,412
2025-02-16,web,23552
2025-02-16,iOS,4193
2025-02-16,Android,411
2025-02-17,web,21538
2025-02-17,iOS,3772
2025-02-17,Android,393
2025-02-18,web,18507
2025-02-18,iOS,3310
2025-02-18,Android,334
2025-02-19,web,20365
2025-02-19,iOS,3920
2025-02-19,Android,363
2025-02-20,web,17878
2025-02-20,iOS,3645
2025-02-20,Android,327
2025-02-21,web,16003
2025-02-21,iOS,3244
2025-02-21,Android,328
2025-02-22,web,18163
2025-02-22,iOS,3811
2025-02-22,Android,391
2025-02-23,web,20695
2025-02-23,iOS,4188
2025-02-23,Android,357
2025-02-24,web,23900
2025-02-24,iOS,4260
2025-02-24,Android,454
2025-02-25,web,24878
2025-02-25,iOS,4450
2025-02-25,Android,450
2025-02-26,web,26002
2025-02-26,iOS,4303
2025-02-26,Android,445
2025-02-27,web,19644
2025-02-27,iOS,3675
2025-02-27,Android,373
2025-02-28,web,16532
2025-02-28,iOS,3457
2025-02-28,Android,345
2025-03-01,web,17803
2025-03-01,iOS,3765
2025-03-01,Android,383
2025-03-02,web,20102
2025-03-02,iOS,4252
2025-03-02,Android,424
2025-03-03,web,18297
2025-03-03,iOS,3436
2025-03-03,Android,326
2025-03-04,web,16220
2025-03-04,iOS,3339
2025-03-04,Android,316
2025-03-05,web,20179
2025-03-05,iOS,3994
2025-03-05,Android,412
2025-03-06,web,20043
2025-03-06,iOS,3809
2025-03-06,Android,363
2025-03-07,web,18063
2025-03-07,iOS,3396
2025-03-07,Android,348
2025-03-08,web,19649
2025-03-08,iOS,3830
2025-03-08,Android,385
2025-03-09,web,20785
2025-03-09,iOS,4002
2025-03-09,Android,385
2025-03-10,web,19052
2025-03-10,iOS,3941
2025-03-10,Android,285
2025-03-11,web,18373
2025-03-11,iOS,3572
2025-03-11,Android,327
2025-03-12,web,19626
2025-03-12,iOS,3564
2025-03-12,Android,348
2025-03-13,web,16875
2025-03-13,iOS,3234
2025-03-13,Android,315
2025-03-14,web,15154
2025-03-14,iOS,3141
2025-03-14,Android,322
2025-03-15,web,16559
2025-03-15,iOS,3639
2025-03-15,Android,342
2025-03-16,web,17862
2025-03-16,iOS,3902
2025-03-16,Android,354
2025-03-17,web,15981
2025-03-17,iOS,3635
2025-03-17,Android,353
2025-03-18,web,17131
2025-03-18,iOS,3486
2025-03-18,Android,291
2025-03-19,web,16804
2025-03-19,iOS,3391
2025-03-19,Android,329
2025-03-20,web,16901
2025-03-20,iOS,3321
2025-03-20,Android,301
2025-03-21,web,15221
2025-03-21,iOS,3007
2025-03-21,Android,300
2025-03-22,web,14817
2025-03-22,iOS,3029
2025-03-22,Android,305
2025-03-23,web,19084
2025-03-23,iOS,3531
2025-03-23,Android,352
2025-03-24,web,16409
2025-03-24,iOS,3149
2025-03-24,Android,331
2025-03-25,web,15243
2025-03-25,iOS,3195
2025-03-25,Android,287
2025-03-26,web,15495
2025-03-26,iOS,3148
2025-03-26,Android,311
2025-03-27,web,15947
2025-03-27,iOS,3109
2025-03-27,Android,318
2025-03-28,web,14444
2025-03-28,iOS,2755
2025-03-28,Android,305
2025-03-29,web,14933
2025-03-29,iOS,3116
2025-03-29,Android,352
2025-03-30,web,15695
2025-03-30,iOS,3323
2025-03-30,Android,328
2025-03-31,web,14491
2025-03-31,iOS,2843
2025-03-31,Android,260
2025-04-01,web,15156
2025-04-01,iOS,2959
2025-04-01,Android,319
2025-04-02,web,15546
2025-04-02,iOS,3013
2025-04-02,Android,296
2025-04-03,web,14322
2025-04-03,iOS,2979
2025-04-03,Android,300
2025-04-04,web,13500
2025-04-04,iOS,2659
2025-04-04,Android,270
2025-04-05,web,14215
2025-04-05,iOS,3079
2025-04-05,Android,307
2025-04-06,web,15923
2025-04-06,iOS,3246
2025-04-06,Android,339
2025-04-07,web,14079
2025-04-07,iOS,2801
2025-04-07,Android,272
2025-04-08,web,13784
2025-04-08,iOS,2802
2025-04-08,Android,287
2025-04-09,web,14948
2025-04-09,iOS,2940
2025-04-09,Android,267
2025-04-10,web,22520
2025-04-10,iOS,3850
2025-04-10,Android,400
2025-04-11,web,18847
2025-04-11,iOS,3416
2025-04-11,Android,397
2025-04-12,web,19058
2025-04-12,iOS,3475
2025-04-12,Android,417
2025-04-13,web,19381
2025-04-13,iOS,3743
2025-04-13,Android,364
2025-04-14,web,15409
2025-04-14,iOS,2964
2025-04-14,Android,317
2025-04-15,web,14926
2025-04-15,iOS,2891
2025-04-15,Android,320
2025-04-16,web,17086
2025-04-16,iOS,3364
2025-04-16,Android,386
2025-04-17,web,16429
2025-04-17,iOS,3366
2025-04-17,Android,389
2025-04-18,web,15390
2025-04-18,iOS,3194
2025-04-18,Android,381
2025-04-19,web,15349
2025-04-19,iOS,2940
2025-04-19,Android,360
2025-04-20,web,16160
2025-04-20,iOS,3324
2025-04-20,Android,371
2025-04-21,web,17253
2025-04-21,iOS,3228
2025-04-21,Android,355
2025-04-22,web,17329
2025-04-22,iOS,3263
2025-04-22,Android,350
2025-04-23,web,17456
2025-04-23,iOS,3216
2025-04-23,Android,313
2025-04-24,web,13366
2025-04-24,iOS,2817
2025-04-24,Android,310
2025-04-25,web,10717
2025-04-25,iOS,2426
2025-04-25,Android,239
2025-04-26,web,11277
2025-04-26,iOS,2731
2025-04-26,Android,288
2025-04-27,web,13740
2025-04-27,iOS,3165
2025-04-27,Android,265
2025-04-28,web,13307
2025-04-28,iOS,2619
2025-04-28,Android,248
2025-04-29,web,12733
2025-04-29,iOS,2817
2025-04-29,Android,295
2025-04-30,web,13542
2025-04-30,iOS,2834
2025-04-30,Android,323
2025-05-01,web,13898
2025-05-01,iOS,2766
2025-05-01,Android,338
2025-05-02,web,13197
2025-05-02,iOS,2698
2025-05-02,Android,286
2025-05-03,web,13856
2025-05-03,iOS,2922
2025-05-03,Android,347
2025-05-04,web,16525
2025-05-04,iOS,3171
2025-05-04,Android,315
2025-05-05,web,14001
2025-05-05,iOS,2721
2025-05-05,Android,278
2025-05-06,web,12388
2025-05-06,iOS,2236
2025-05-06,Android,234
2025-05-07,web,16312
2025-05-07,iOS,3216
2025-05-07,Android,361
2025-05-08,web,17194
2025-05-08,iOS,3100
2025-05-08,Android,332
2025-05-09,web,16247
2025-05-09,iOS,2917
2025-05-09,Android,318
2025-05-10,web,14140
2025-05-10,iOS,2847
2025-05-10,Android,296
2025-05-11,web,13258
2025-05-11,iOS,2898
2025-05-11,Android,263
2025-05-12,web,14900
2025-05-12,iOS,2803
2025-05-12,Android,252
2025-05-13,web,15626
2025-05-13,iOS,3090
2025-05-13,Android,280
2025-05-14,web,14502
2025-05-14,iOS,2952
2025-05-14,Android,304
2025-05-15,web,14253
2025-05-15,iOS,3110
2025-05-15,Android,287
2025-05-16,web,
2025-05-16,iOS,
2025-05-16,Android,
2025-05-17,web,
2025-05-17,iOS,
2025-05-17,Android,
2025-05-18,web,
2025-05-18,iOS,
2025-05-18,Android,
2025-05-19,web,
2025-05-19,iOS,
2025-05-19,Android,
2025-05-20,web,
2025-05-20,iOS,
2025-05-20,Android,
2025-05-21,web,
2025-05-21,iOS,
2025-05-21,Android,
2025-05-22,web,
2025-05-22,iOS,
2025-05-22,Android,
2025-05-23,web,
2025-05-23,iOS,
2025-05-23,Android,
2025-05-24,web,
2025-05-24,iOS,
2025-05-24,Android,
2025-05-25,web,
2025-05-25,iOS,
2025-05-25,Android,
